accession_numbers,species,target_name,gene_copy,target_length,alig_score,core_dist,AA_pos_Ecoli,AA_mutation,AA_target,Codon_target,n_possible
GCF_055397235.2,Mycetocola tolaasinivorans,gyrA_1_Mycetocola tolaasinivorans_GCF_055397235.2,1,2568,-1490.797607421875,500,51,V,A,GCA,1
GCF_055397235.2,Mycetocola tolaasinivorans,gyrA_1_Mycetocola tolaasinivorans_GCF_055397235.2,1,2568,-1490.797607421875,500,57,K,Y,TAC,0
GCF_055397235.2,Mycetocola tolaasinivorans,gyrA_1_Mycetocola tolaasinivorans_GCF_055397235.2,1,2568,-1490.797607421875,500,67,S,A,GCC,1
GCF_055397235.2,Mycetocola tolaasinivorans,gyrA_1_Mycetocola tolaasinivorans_GCF_055397235.2,1,2568,-1490.797607421875,500,67,T,A,GCC,1
GCF_055397235.2,Mycetocola tolaasinivorans,gyrA_1_Mycetocola tolaasinivorans_GCF_055397235.2,1,2568,-1490.797607421875,500,72,G,D,GAC,1
GCF_055397235.2,Mycetocola tolaasinivorans,gyrA_1_Mycetocola tolaasinivorans_GCF_055397235.2,1,2568,-1490.797607421875,500,72,V,D,GAC,1
GCF_055397235.2,Mycetocola tolaasinivorans,gyrA_1_Mycetocola tolaasinivorans_GCF_055397235.2,1,2568,-1490.797607421875,500,77,S,F,TTC,1
GCF_055397235.2,Mycetocola tolaasinivorans,gyrA_1_Mycetocola tolaasinivorans_GCF_055397235.2,1,2568,-1490.797607421875,500,80,P,H,CAC,1
GCF_055397235.2,Mycetocola tolaasinivorans,gyrA_1_Mycetocola tolaasinivorans_GCF_055397235.2,1,2568,-1490.797607421875,500,80,R,H,CAC,1
GCF_055397235.2,Mycetocola tolaasinivorans,gyrA_1_Mycetocola tolaasinivorans_GCF_055397235.2,1,2568,-1490.797607421875,500,81,C,G,GGT,1
GCF_055397235.2,Mycetocola tolaasinivorans,gyrA_1_Mycetocola tolaasinivorans_GCF_055397235.2,1,2568,-1490.797607421875,500,81,D,G,GGT,1
GCF_055397235.2,Mycetocola tolaasinivorans,gyrA_1_Mycetocola tolaasinivorans_GCF_055397235.2,1,2568,-1490.797607421875,500,82,G,D,GAC,1
GCF_055397235.2,Mycetocola tolaasinivorans,gyrA_1_Mycetocola tolaasinivorans_GCF_055397235.2,1,2568,-1490.797607421875,500,82,N,D,GAC,1
GCF_055397235.2,Mycetocola tolaasinivorans,gyrA_1_Mycetocola tolaasinivorans_GCF_055397235.2,1,2568,-1490.797607421875,500,82,Y,D,GAC,1
GCF_055397235.2,Mycetocola tolaasinivorans,gyrA_1_Mycetocola tolaasinivorans_GCF_055397235.2,1,2568,-1490.797607421875,500,83,A,S,TCG,1
GCF_055397235.2,Mycetocola tolaasinivorans,gyrA_1_Mycetocola tolaasinivorans_GCF_055397235.2,1,2568,-1490.797607421875,500,83,F,S,TCG,0
GCF_055397235.2,Mycetocola tolaasinivorans,gyrA_1_Mycetocola tolaasinivorans_GCF_055397235.2,1,2568,-1490.797607421875,500,83,I,S,TCG,0
GCF_055397235.2,Mycetocola tolaasinivorans,gyrA_1_Mycetocola tolaasinivorans_GCF_055397235.2,1,2568,-1490.797607421875,500,83,K,S,TCG,0
GCF_055397235.2,Mycetocola tolaasinivorans,gyrA_1_Mycetocola tolaasinivorans_GCF_055397235.2,1,2568,-1490.797607421875,500,83,L,S,TCG,1
GCF_055397235.2,Mycetocola tolaasinivorans,gyrA_1_Mycetocola tolaasinivorans_GCF_055397235.2,1,2568,-1490.797607421875,500,83,M,S,TCG,0
GCF_055397235.2,Mycetocola tolaasinivorans,gyrA_1_Mycetocola tolaasinivorans_GCF_055397235.2,1,2568,-1490.797607421875,500,83,R,S,TCG,0
GCF_055397235.2,Mycetocola tolaasinivorans,gyrA_1_Mycetocola tolaasinivorans_GCF_055397235.2,1,2568,-1490.797607421875,500,83,S,S,TCG,3
GCF_055397235.2,Mycetocola tolaasinivorans,gyrA_1_Mycetocola tolaasinivorans_GCF_055397235.2,1,2568,-1490.797607421875,500,83,V,S,TCG,0
GCF_055397235.2,Mycetocola tolaasinivorans,gyrA_1_Mycetocola tolaasinivorans_GCF_055397235.2,1,2568,-1490.797607421875,500,83,W,S,TCG,1
GCF_055397235.2,Mycetocola tolaasinivorans,gyrA_1_Mycetocola tolaasinivorans_GCF_055397235.2,1,2568,-1490.797607421875,500,83,Y,S,TCG,0
GCF_055397235.2,Mycetocola tolaasinivorans,gyrA_1_Mycetocola tolaasinivorans_GCF_055397235.2,1,2568,-1490.797607421875,500,84,A,A,GCG,3
GCF_055397235.2,Mycetocola tolaasinivorans,gyrA_1_Mycetocola tolaasinivorans_GCF_055397235.2,1,2568,-1490.797607421875,500,84,P,A,GCG,1
GCF_055397235.2,Mycetocola tolaasinivorans,gyrA_1_Mycetocola tolaasinivorans_GCF_055397235.2,1,2568,-1490.797607421875,500,84,V,A,GCG,1
GCF_055397235.2,Mycetocola tolaasinivorans,gyrA_1_Mycetocola tolaasinivorans_GCF_055397235.2,1,2568,-1490.797607421875,500,86,N,Y,TAT,1
GCF_055397235.2,Mycetocola tolaasinivorans,gyrA_1_Mycetocola tolaasinivorans_GCF_055397235.2,1,2568,-1490.797607421875,500,86,Y,Y,TAT,1
GCF_055397235.2,Mycetocola tolaasinivorans,gyrA_1_Mycetocola tolaasinivorans_GCF_055397235.2,1,2568,-1490.797607421875,500,87,A,D,GAC,1
GCF_055397235.2,Mycetocola tolaasinivorans,gyrA_1_Mycetocola tolaasinivorans_GCF_055397235.2,1,2568,-1490.797607421875,500,87,G,D,GAC,1
GCF_055397235.2,Mycetocola tolaasinivorans,gyrA_1_Mycetocola tolaasinivorans_GCF_055397235.2,1,2568,-1490.797607421875,500,87,H,D,GAC,1
GCF_055397235.2,Mycetocola tolaasinivorans,gyrA_1_Mycetocola tolaasinivorans_GCF_055397235.2,1,2568,-1490.797607421875,500,87,K,D,GAC,0
GCF_055397235.2,Mycetocola tolaasinivorans,gyrA_1_Mycetocola tolaasinivorans_GCF_055397235.2,1,2568,-1490.797607421875,500,87,L,D,GAC,0
GCF_055397235.2,Mycetocola tolaasinivorans,gyrA_1_Mycetocola tolaasinivorans_GCF_055397235.2,1,2568,-1490.797607421875,500,87,N,D,GAC,1
GCF_055397235.2,Mycetocola tolaasinivorans,gyrA_1_Mycetocola tolaasinivorans_GCF_055397235.2,1,2568,-1490.797607421875,500,87,Q,D,GAC,0
GCF_055397235.2,Mycetocola tolaasinivorans,gyrA_1_Mycetocola tolaasinivorans_GCF_055397235.2,1,2568,-1490.797607421875,500,87,R,D,GAC,0
GCF_055397235.2,Mycetocola tolaasinivorans,gyrA_1_Mycetocola tolaasinivorans_GCF_055397235.2,1,2568,-1490.797607421875,500,87,T,D,GAC,0
GCF_055397235.2,Mycetocola tolaasinivorans,gyrA_1_Mycetocola tolaasinivorans_GCF_055397235.2,1,2568,-1490.797607421875,500,87,V,D,GAC,1
GCF_055397235.2,Mycetocola tolaasinivorans,gyrA_1_Mycetocola tolaasinivorans_GCF_055397235.2,1,2568,-1490.797607421875,500,87,Y,D,GAC,1
GCF_055397235.2,Mycetocola tolaasinivorans,gyrA_1_Mycetocola tolaasinivorans_GCF_055397235.2,1,2568,-1490.797607421875,500,101,S,P,CCG,1
GCF_055397235.2,Mycetocola tolaasinivorans,gyrA_1_Mycetocola tolaasinivorans_GCF_055397235.2,1,2568,-1490.797607421875,500,105,D,G,GGC,1
GCF_055397235.2,Mycetocola tolaasinivorans,gyrA_1_Mycetocola tolaasinivorans_GCF_055397235.2,1,2568,-1490.797607421875,500,106,H,Q,CAG,2
GCF_055397235.2,Mycetocola tolaasinivorans,gyrA_1_Mycetocola tolaasinivorans_GCF_055397235.2,1,2568,-1490.797607421875,500,106,L,Q,CAG,1
GCF_055397235.2,Mycetocola tolaasinivorans,gyrA_1_Mycetocola tolaasinivorans_GCF_055397235.2,1,2568,-1490.797607421875,500,106,R,Q,CAG,1
GCF_055397235.2,Mycetocola tolaasinivorans,gyrA_1_Mycetocola tolaasinivorans_GCF_055397235.2,1,2568,-1490.797607421875,500,119,S,A,GCC,1
GCF_055397235.2,Mycetocola tolaasinivorans,gyrA_1_Mycetocola tolaasinivorans_GCF_055397235.2,1,2568,-1490.797607421875,500,119,T,A,GCC,1
GCF_055397235.2,Mycetocola tolaasinivorans,gyrA_1_Mycetocola tolaasinivorans_GCF_055397235.2,1,2568,-1490.797607421875,500,165,A,N,AAC,0
GCF_055397235.2,Mycetocola tolaasinivorans,gyrA_1_Mycetocola tolaasinivorans_GCF_055397235.2,1,2568,-1490.797607421875,500,196,E,W,TGG,0
GCF_055397235.2,Mycetocola tolaasinivorans,gyrA_1_Mycetocola tolaasinivorans_GCF_055397235.2,1,2568,-1490.797607421875,500,386,D,A,GCC,1
GCF_055397445.2,Mycetocola saprophilus,gyrA_1_Mycetocola saprophilus_GCF_055397445.2,1,2568,-1510.7974853515625,502,51,V,A,GCG,1
GCF_055397445.2,Mycetocola saprophilus,gyrA_1_Mycetocola saprophilus_GCF_055397445.2,1,2568,-1510.7974853515625,502,57,K,Y,TAC,0
GCF_055397445.2,Mycetocola saprophilus,gyrA_1_Mycetocola saprophilus_GCF_055397445.2,1,2568,-1510.7974853515625,502,67,S,A,GCC,1
GCF_055397445.2,Mycetocola saprophilus,gyrA_1_Mycetocola saprophilus_GCF_055397445.2,1,2568,-1510.7974853515625,502,67,T,A,GCC,1
GCF_055397445.2,Mycetocola saprophilus,gyrA_1_Mycetocola saprophilus_GCF_055397445.2,1,2568,-1510.7974853515625,502,72,G,D,GAC,1
GCF_055397445.2,Mycetocola saprophilus,gyrA_1_Mycetocola saprophilus_GCF_055397445.2,1,2568,-1510.7974853515625,502,72,V,D,GAC,1
GCF_055397445.2,Mycetocola saprophilus,gyrA_1_Mycetocola saprophilus_GCF_055397445.2,1,2568,-1510.7974853515625,502,77,S,F,TTC,1
GCF_055397445.2,Mycetocola saprophilus,gyrA_1_Mycetocola saprophilus_GCF_055397445.2,1,2568,-1510.7974853515625,502,80,P,H,CAC,1
GCF_055397445.2,Mycetocola saprophilus,gyrA_1_Mycetocola saprophilus_GCF_055397445.2,1,2568,-1510.7974853515625,502,80,R,H,CAC,1
GCF_055397445.2,Mycetocola saprophilus,gyrA_1_Mycetocola saprophilus_GCF_055397445.2,1,2568,-1510.7974853515625,502,81,C,G,GGT,1
GCF_055397445.2,Mycetocola saprophilus,gyrA_1_Mycetocola saprophilus_GCF_055397445.2,1,2568,-1510.7974853515625,502,81,D,G,GGT,1
GCF_055397445.2,Mycetocola saprophilus,gyrA_1_Mycetocola saprophilus_GCF_055397445.2,1,2568,-1510.7974853515625,502,82,G,D,GAC,1
GCF_055397445.2,Mycetocola saprophilus,gyrA_1_Mycetocola saprophilus_GCF_055397445.2,1,2568,-1510.7974853515625,502,82,N,D,GAC,1
GCF_055397445.2,Mycetocola saprophilus,gyrA_1_Mycetocola saprophilus_GCF_055397445.2,1,2568,-1510.7974853515625,502,82,Y,D,GAC,1
GCF_055397445.2,Mycetocola saprophilus,gyrA_1_Mycetocola saprophilus_GCF_055397445.2,1,2568,-1510.7974853515625,502,83,A,S,TCG,1
GCF_055397445.2,Mycetocola saprophilus,gyrA_1_Mycetocola saprophilus_GCF_055397445.2,1,2568,-1510.7974853515625,502,83,F,S,TCG,0
GCF_055397445.2,Mycetocola saprophilus,gyrA_1_Mycetocola saprophilus_GCF_055397445.2,1,2568,-1510.7974853515625,502,83,I,S,TCG,0
GCF_055397445.2,Mycetocola saprophilus,gyrA_1_Mycetocola saprophilus_GCF_055397445.2,1,2568,-1510.7974853515625,502,83,K,S,TCG,0
GCF_055397445.2,Mycetocola saprophilus,gyrA_1_Mycetocola saprophilus_GCF_055397445.2,1,2568,-1510.7974853515625,502,83,L,S,TCG,1
GCF_055397445.2,Mycetocola saprophilus,gyrA_1_Mycetocola saprophilus_GCF_055397445.2,1,2568,-1510.7974853515625,502,83,M,S,TCG,0
GCF_055397445.2,Mycetocola saprophilus,gyrA_1_Mycetocola saprophilus_GCF_055397445.2,1,2568,-1510.7974853515625,502,83,R,S,TCG,0
GCF_055397445.2,Mycetocola saprophilus,gyrA_1_Mycetocola saprophilus_GCF_055397445.2,1,2568,-1510.7974853515625,502,83,S,S,TCG,3
GCF_055397445.2,Mycetocola saprophilus,gyrA_1_Mycetocola saprophilus_GCF_055397445.2,1,2568,-1510.7974853515625,502,83,V,S,TCG,0
GCF_055397445.2,Mycetocola saprophilus,gyrA_1_Mycetocola saprophilus_GCF_055397445.2,1,2568,-1510.7974853515625,502,83,W,S,TCG,1
GCF_055397445.2,Mycetocola saprophilus,gyrA_1_Mycetocola saprophilus_GCF_055397445.2,1,2568,-1510.7974853515625,502,83,Y,S,TCG,0
GCF_055397445.2,Mycetocola saprophilus,gyrA_1_Mycetocola saprophilus_GCF_055397445.2,1,2568,-1510.7974853515625,502,84,A,A,GCG,3
GCF_055397445.2,Mycetocola saprophilus,gyrA_1_Mycetocola saprophilus_GCF_055397445.2,1,2568,-1510.7974853515625,502,84,P,A,GCG,1
GCF_055397445.2,Mycetocola saprophilus,gyrA_1_Mycetocola saprophilus_GCF_055397445.2,1,2568,-1510.7974853515625,502,84,V,A,GCG,1
GCF_055397445.2,Mycetocola saprophilus,gyrA_1_Mycetocola saprophilus_GCF_055397445.2,1,2568,-1510.7974853515625,502,86,N,Y,TAC,1
GCF_055397445.2,Mycetocola saprophilus,gyrA_1_Mycetocola saprophilus_GCF_055397445.2,1,2568,-1510.7974853515625,502,86,Y,Y,TAC,1
GCF_055397445.2,Mycetocola saprophilus,gyrA_1_Mycetocola saprophilus_GCF_055397445.2,1,2568,-1510.7974853515625,502,87,A,D,GAC,1
GCF_055397445.2,Mycetocola saprophilus,gyrA_1_Mycetocola saprophilus_GCF_055397445.2,1,2568,-1510.7974853515625,502,87,G,D,GAC,1
GCF_055397445.2,Mycetocola saprophilus,gyrA_1_Mycetocola saprophilus_GCF_055397445.2,1,2568,-1510.7974853515625,502,87,H,D,GAC,1
GCF_055397445.2,Mycetocola saprophilus,gyrA_1_Mycetocola saprophilus_GCF_055397445.2,1,2568,-1510.7974853515625,502,87,K,D,GAC,0
GCF_055397445.2,Mycetocola saprophilus,gyrA_1_Mycetocola saprophilus_GCF_055397445.2,1,2568,-1510.7974853515625,502,87,L,D,GAC,0
GCF_055397445.2,Mycetocola saprophilus,gyrA_1_Mycetocola saprophilus_GCF_055397445.2,1,2568,-1510.7974853515625,502,87,N,D,GAC,1
GCF_055397445.2,Mycetocola saprophilus,gyrA_1_Mycetocola saprophilus_GCF_055397445.2,1,2568,-1510.7974853515625,502,87,Q,D,GAC,0
GCF_055397445.2,Mycetocola saprophilus,gyrA_1_Mycetocola saprophilus_GCF_055397445.2,1,2568,-1510.7974853515625,502,87,R,D,GAC,0
GCF_055397445.2,Mycetocola saprophilus,gyrA_1_Mycetocola saprophilus_GCF_055397445.2,1,2568,-1510.7974853515625,502,87,T,D,GAC,0
GCF_055397445.2,Mycetocola saprophilus,gyrA_1_Mycetocola saprophilus_GCF_055397445.2,1,2568,-1510.7974853515625,502,87,V,D,GAC,1
GCF_055397445.2,Mycetocola saprophilus,gyrA_1_Mycetocola saprophilus_GCF_055397445.2,1,2568,-1510.7974853515625,502,87,Y,D,GAC,1
GCF_055397445.2,Mycetocola saprophilus,gyrA_1_Mycetocola saprophilus_GCF_055397445.2,1,2568,-1510.7974853515625,502,101,S,P,CCG,1
GCF_055397445.2,Mycetocola saprophilus,gyrA_1_Mycetocola saprophilus_GCF_055397445.2,1,2568,-1510.7974853515625,502,105,D,G,GGC,1
GCF_055397445.2,Mycetocola saprophilus,gyrA_1_Mycetocola saprophilus_GCF_055397445.2,1,2568,-1510.7974853515625,502,106,H,Q,CAG,2
GCF_055397445.2,Mycetocola saprophilus,gyrA_1_Mycetocola saprophilus_GCF_055397445.2,1,2568,-1510.7974853515625,502,106,L,Q,CAG,1
GCF_055397445.2,Mycetocola saprophilus,gyrA_1_Mycetocola saprophilus_GCF_055397445.2,1,2568,-1510.7974853515625,502,106,R,Q,CAG,1
GCF_055397445.2,Mycetocola saprophilus,gyrA_1_Mycetocola saprophilus_GCF_055397445.2,1,2568,-1510.7974853515625,502,119,S,A,GCC,1
GCF_055397445.2,Mycetocola saprophilus,gyrA_1_Mycetocola saprophilus_GCF_055397445.2,1,2568,-1510.7974853515625,502,119,T,A,GCC,1
GCF_055397445.2,Mycetocola saprophilus,gyrA_1_Mycetocola saprophilus_GCF_055397445.2,1,2568,-1510.7974853515625,502,165,A,N,AAC,0
GCF_055397445.2,Mycetocola saprophilus,gyrA_1_Mycetocola saprophilus_GCF_055397445.2,1,2568,-1510.7974853515625,502,196,E,W,TGG,0
GCF_055397445.2,Mycetocola saprophilus,gyrA_1_Mycetocola saprophilus_GCF_055397445.2,1,2568,-1510.7974853515625,502,386,D,A,GCC,1
GCF_060039475.1,Metabolovarius oceani,gyrA_1_Metabolovarius oceani_GCF_060039475.1,1,2784,-632.93414306640625,448,51,V,S,TCG,0
GCF_060039475.1,Metabolovarius oceani,gyrA_1_Metabolovarius oceani_GCF_060039475.1,1,2784,-632.93414306640625,448,57,K,Y,TAC,0
GCF_060039475.1,Metabolovarius oceani,gyrA_1_Metabolovarius oceani_GCF_060039475.1,1,2784,-632.93414306640625,448,67,S,A,GCG,1
GCF_060039475.1,Metabolovarius oceani,gyrA_1_Metabolovarius oceani_GCF_060039475.1,1,2784,-632.93414306640625,448,67,T,A,GCG,1
GCF_060039475.1,Metabolovarius oceani,gyrA_1_Metabolovarius oceani_GCF_060039475.1,1,2784,-632.93414306640625,448,72,G,D,GAC,1
GCF_060039475.1,Metabolovarius oceani,gyrA_1_Metabolovarius oceani_GCF_060039475.1,1,2784,-632.93414306640625,448,72,V,D,GAC,1
GCF_060039475.1,Metabolovarius oceani,gyrA_1_Metabolovarius oceani_GCF_060039475.1,1,2784,-632.93414306640625,448,77,S,Y,TAT,1
GCF_060039475.1,Metabolovarius oceani,gyrA_1_Metabolovarius oceani_GCF_060039475.1,1,2784,-632.93414306640625,448,80,P,H,CAT,1
GCF_060039475.1,Metabolovarius oceani,gyrA_1_Metabolovarius oceani_GCF_060039475.1,1,2784,-632.93414306640625,448,80,R,H,CAT,1
GCF_060039475.1,Metabolovarius oceani,gyrA_1_Metabolovarius oceani_GCF_060039475.1,1,2784,-632.93414306640625,448,81,C,G,GGC,1
GCF_060039475.1,Metabolovarius oceani,gyrA_1_Metabolovarius oceani_GCF_060039475.1,1,2784,-632.93414306640625,448,81,D,G,GGC,1
GCF_060039475.1,Metabolovarius oceani,gyrA_1_Metabolovarius oceani_GCF_060039475.1,1,2784,-632.93414306640625,448,82,G,D,GAT,1
GCF_060039475.1,Metabolovarius oceani,gyrA_1_Metabolovarius oceani_GCF_060039475.1,1,2784,-632.93414306640625,448,82,N,D,GAT,1
GCF_060039475.1,Metabolovarius oceani,gyrA_1_Metabolovarius oceani_GCF_060039475.1,1,2784,-632.93414306640625,448,82,Y,D,GAT,1
GCF_060039475.1,Metabolovarius oceani,gyrA_1_Metabolovarius oceani_GCF_060039475.1,1,2784,-632.93414306640625,448,83,A,Q,CAG,0
GCF_060039475.1,Metabolovarius oceani,gyrA_1_Metabolovarius oceani_GCF_060039475.1,1,2784,-632.93414306640625,448,83,F,Q,CAG,0
GCF_060039475.1,Metabolovarius oceani,gyrA_1_Metabolovarius oceani_GCF_060039475.1,1,2784,-632.93414306640625,448,83,I,Q,CAG,0
GCF_060039475.1,Metabolovarius oceani,gyrA_1_Metabolovarius oceani_GCF_060039475.1,1,2784,-632.93414306640625,448,83,K,Q,CAG,1
GCF_060039475.1,Metabolovarius oceani,gyrA_1_Metabolovarius oceani_GCF_060039475.1,1,2784,-632.93414306640625,448,83,L,Q,CAG,1
GCF_060039475.1,Metabolovarius oceani,gyrA_1_Metabolovarius oceani_GCF_060039475.1,1,2784,-632.93414306640625,448,83,M,Q,CAG,0
GCF_060039475.1,Metabolovarius oceani,gyrA_1_Metabolovarius oceani_GCF_060039475.1,1,2784,-632.93414306640625,448,83,R,Q,CAG,1
GCF_060039475.1,Metabolovarius oceani,gyrA_1_Metabolovarius oceani_GCF_060039475.1,1,2784,-632.93414306640625,448,83,S,Q,CAG,0
GCF_060039475.1,Metabolovarius oceani,gyrA_1_Metabolovarius oceani_GCF_060039475.1,1,2784,-632.93414306640625,448,83,V,Q,CAG,0
GCF_060039475.1,Metabolovarius oceani,gyrA_1_Metabolovarius oceani_GCF_060039475.1,1,2784,-632.93414306640625,448,83,W,Q,CAG,0
GCF_060039475.1,Metabolovarius oceani,gyrA_1_Metabolovarius oceani_GCF_060039475.1,1,2784,-632.93414306640625,448,83,Y,Q,CAG,0
GCF_060039475.1,Metabolovarius oceani,gyrA_1_Metabolovarius oceani_GCF_060039475.1,1,2784,-632.93414306640625,448,84,A,S,TCG,1
GCF_060039475.1,Metabolovarius oceani,gyrA_1_Metabolovarius oceani_GCF_060039475.1,1,2784,-632.93414306640625,448,84,P,S,TCG,1
GCF_060039475.1,Metabolovarius oceani,gyrA_1_Metabolovarius oceani_GCF_060039475.1,1,2784,-632.93414306640625,448,84,V,S,TCG,0
GCF_060039475.1,Metabolovarius oceani,gyrA_1_Metabolovarius oceani_GCF_060039475.1,1,2784,-632.93414306640625,448,86,N,Y,TAC,1
GCF_060039475.1,Metabolovarius oceani,gyrA_1_Metabolovarius oceani_GCF_060039475.1,1,2784,-632.93414306640625,448,86,Y,Y,TAC,1
GCF_060039475.1,Metabolovarius oceani,gyrA_1_Metabolovarius oceani_GCF_060039475.1,1,2784,-632.93414306640625,448,87,A,D,GAC,1
GCF_060039475.1,Metabolovarius oceani,gyrA_1_Metabolovarius oceani_GCF_060039475.1,1,2784,-632.93414306640625,448,87,G,D,GAC,1
GCF_060039475.1,Metabolovarius oceani,gyrA_1_Metabolovarius oceani_GCF_060039475.1,1,2784,-632.93414306640625,448,87,H,D,GAC,1
GCF_060039475.1,Metabolovarius oceani,gyrA_1_Metabolovarius oceani_GCF_060039475.1,1,2784,-632.93414306640625,448,87,K,D,GAC,0
GCF_060039475.1,Metabolovarius oceani,gyrA_1_Metabolovarius oceani_GCF_060039475.1,1,2784,-632.93414306640625,448,87,L,D,GAC,0
GCF_060039475.1,Metabolovarius oceani,gyrA_1_Metabolovarius oceani_GCF_060039475.1,1,2784,-632.93414306640625,448,87,N,D,GAC,1
GCF_060039475.1,Metabolovarius oceani,gyrA_1_Metabolovarius oceani_GCF_060039475.1,1,2784,-632.93414306640625,448,87,Q,D,GAC,0
GCF_060039475.1,Metabolovarius oceani,gyrA_1_Metabolovarius oceani_GCF_060039475.1,1,2784,-632.93414306640625,448,87,R,D,GAC,0
GCF_060039475.1,Metabolovarius oceani,gyrA_1_Metabolovarius oceani_GCF_060039475.1,1,2784,-632.93414306640625,448,87,T,D,GAC,0
GCF_060039475.1,Metabolovarius oceani,gyrA_1_Metabolovarius oceani_GCF_060039475.1,1,2784,-632.93414306640625,448,87,V,D,GAC,1
GCF_060039475.1,Metabolovarius oceani,gyrA_1_Metabolovarius oceani_GCF_060039475.1,1,2784,-632.93414306640625,448,87,Y,D,GAC,1
GCF_060039475.1,Metabolovarius oceani,gyrA_1_Metabolovarius oceani_GCF_060039475.1,1,2784,-632.93414306640625,448,101,S,P,CCG,1
GCF_060039475.1,Metabolovarius oceani,gyrA_1_Metabolovarius oceani_GCF_060039475.1,1,2784,-632.93414306640625,448,105,D,G,GGG,0
GCF_060039475.1,Metabolovarius oceani,gyrA_1_Metabolovarius oceani_GCF_060039475.1,1,2784,-632.93414306640625,448,106,H,Q,CAG,2
GCF_060039475.1,Metabolovarius oceani,gyrA_1_Metabolovarius oceani_GCF_060039475.1,1,2784,-632.93414306640625,448,106,L,Q,CAG,1
GCF_060039475.1,Metabolovarius oceani,gyrA_1_Metabolovarius oceani_GCF_060039475.1,1,2784,-632.93414306640625,448,106,R,Q,CAG,1
GCF_060039475.1,Metabolovarius oceani,gyrA_1_Metabolovarius oceani_GCF_060039475.1,1,2784,-632.93414306640625,448,119,S,A,GCG,1
GCF_060039475.1,Metabolovarius oceani,gyrA_1_Metabolovarius oceani_GCF_060039475.1,1,2784,-632.93414306640625,448,119,T,A,GCG,1
GCF_060039475.1,Metabolovarius oceani,gyrA_1_Metabolovarius oceani_GCF_060039475.1,1,2784,-632.93414306640625,448,165,A,N,AAC,0
GCF_060039475.1,Metabolovarius oceani,gyrA_1_Metabolovarius oceani_GCF_060039475.1,1,2784,-632.93414306640625,448,196,E,A,GCG,1
GCF_060039475.1,Metabolovarius oceani,gyrA_1_Metabolovarius oceani_GCF_060039475.1,1,2784,-632.93414306640625,448,386,D,A,GCC,1
GCF_059995355.1,Tepidisphaera mucosa,gyrA_1_Tepidisphaera mucosa_GCF_059995355.1,1,2709,-1497.853271484375,505,51,V,A,GCG,1
GCF_059995355.1,Tepidisphaera mucosa,gyrA_1_Tepidisphaera mucosa_GCF_059995355.1,1,2709,-1497.853271484375,505,57,K,L,CTG,0
GCF_059995355.1,Tepidisphaera mucosa,gyrA_1_Tepidisphaera mucosa_GCF_059995355.1,1,2709,-1497.853271484375,505,67,S,A,GCC,1
GCF_059995355.1,Tepidisphaera mucosa,gyrA_1_Tepidisphaera mucosa_GCF_059995355.1,1,2709,-1497.853271484375,505,67,T,A,GCC,1
GCF_059995355.1,Tepidisphaera mucosa,gyrA_1_Tepidisphaera mucosa_GCF_059995355.1,1,2709,-1497.853271484375,505,72,G,D,GAT,1
GCF_059995355.1,Tepidisphaera mucosa,gyrA_1_Tepidisphaera mucosa_GCF_059995355.1,1,2709,-1497.853271484375,505,72,V,D,GAT,1
GCF_059995355.1,Tepidisphaera mucosa,gyrA_1_Tepidisphaera mucosa_GCF_059995355.1,1,2709,-1497.853271484375,505,77,S,Y,TAT,1
GCF_059995355.1,Tepidisphaera mucosa,gyrA_1_Tepidisphaera mucosa_GCF_059995355.1,1,2709,-1497.853271484375,505,80,P,H,CAC,1
GCF_059995355.1,Tepidisphaera mucosa,gyrA_1_Tepidisphaera mucosa_GCF_059995355.1,1,2709,-1497.853271484375,505,80,R,H,CAC,1
GCF_059995355.1,Tepidisphaera mucosa,gyrA_1_Tepidisphaera mucosa_GCF_059995355.1,1,2709,-1497.853271484375,505,81,C,G,GGC,1
GCF_059995355.1,Tepidisphaera mucosa,gyrA_1_Tepidisphaera mucosa_GCF_059995355.1,1,2709,-1497.853271484375,505,81,D,G,GGC,1
GCF_059995355.1,Tepidisphaera mucosa,gyrA_1_Tepidisphaera mucosa_GCF_059995355.1,1,2709,-1497.853271484375,505,82,G,E,GAA,1
GCF_059995355.1,Tepidisphaera mucosa,gyrA_1_Tepidisphaera mucosa_GCF_059995355.1,1,2709,-1497.853271484375,505,82,N,E,GAA,0
GCF_059995355.1,Tepidisphaera mucosa,gyrA_1_Tepidisphaera mucosa_GCF_059995355.1,1,2709,-1497.853271484375,505,82,Y,E,GAA,0
GCF_059995355.1,Tepidisphaera mucosa,gyrA_1_Tepidisphaera mucosa_GCF_059995355.1,1,2709,-1497.853271484375,505,83,A,A,GCC,3
GCF_059995355.1,Tepidisphaera mucosa,gyrA_1_Tepidisphaera mucosa_GCF_059995355.1,1,2709,-1497.853271484375,505,83,F,A,GCC,0
GCF_059995355.1,Tepidisphaera mucosa,gyrA_1_Tepidisphaera mucosa_GCF_059995355.1,1,2709,-1497.853271484375,505,83,I,A,GCC,0
GCF_059995355.1,Tepidisphaera mucosa,gyrA_1_Tepidisphaera mucosa_GCF_059995355.1,1,2709,-1497.853271484375,505,83,K,A,GCC,0
GCF_059995355.1,Tepidisphaera mucosa,gyrA_1_Tepidisphaera mucosa_GCF_059995355.1,1,2709,-1497.853271484375,505,83,L,A,GCC,0
GCF_059995355.1,Tepidisphaera mucosa,gyrA_1_Tepidisphaera mucosa_GCF_059995355.1,1,2709,-1497.853271484375,505,83,M,A,GCC,0
GCF_059995355.1,Tepidisphaera mucosa,gyrA_1_Tepidisphaera mucosa_GCF_059995355.1,1,2709,-1497.853271484375,505,83,R,A,GCC,0
GCF_059995355.1,Tepidisphaera mucosa,gyrA_1_Tepidisphaera mucosa_GCF_059995355.1,1,2709,-1497.853271484375,505,83,S,A,GCC,1
GCF_059995355.1,Tepidisphaera mucosa,gyrA_1_Tepidisphaera mucosa_GCF_059995355.1,1,2709,-1497.853271484375,505,83,V,A,GCC,1
GCF_059995355.1,Tepidisphaera mucosa,gyrA_1_Tepidisphaera mucosa_GCF_059995355.1,1,2709,-1497.853271484375,505,83,W,A,GCC,0
GCF_059995355.1,Tepidisphaera mucosa,gyrA_1_Tepidisphaera mucosa_GCF_059995355.1,1,2709,-1497.853271484375,505,83,Y,A,GCC,0
GCF_059995355.1,Tepidisphaera mucosa,gyrA_1_Tepidisphaera mucosa_GCF_059995355.1,1,2709,-1497.853271484375,505,84,A,V,GTG,1
GCF_059995355.1,Tepidisphaera mucosa,gyrA_1_Tepidisphaera mucosa_GCF_059995355.1,1,2709,-1497.853271484375,505,84,P,V,GTG,0
GCF_059995355.1,Tepidisphaera mucosa,gyrA_1_Tepidisphaera mucosa_GCF_059995355.1,1,2709,-1497.853271484375,505,84,V,V,GTG,3
GCF_059995355.1,Tepidisphaera mucosa,gyrA_1_Tepidisphaera mucosa_GCF_059995355.1,1,2709,-1497.853271484375,505,86,N,Y,TAT,1
GCF_059995355.1,Tepidisphaera mucosa,gyrA_1_Tepidisphaera mucosa_GCF_059995355.1,1,2709,-1497.853271484375,505,86,Y,Y,TAT,1
GCF_059995355.1,Tepidisphaera mucosa,gyrA_1_Tepidisphaera mucosa_GCF_059995355.1,1,2709,-1497.853271484375,505,87,A,P,CCG,1
GCF_059995355.1,Tepidisphaera mucosa,gyrA_1_Tepidisphaera mucosa_GCF_059995355.1,1,2709,-1497.853271484375,505,87,G,P,CCG,0
GCF_059995355.1,Tepidisphaera mucosa,gyrA_1_Tepidisphaera mucosa_GCF_059995355.1,1,2709,-1497.853271484375,505,87,H,P,CCG,0
GCF_059995355.1,Tepidisphaera mucosa,gyrA_1_Tepidisphaera mucosa_GCF_059995355.1,1,2709,-1497.853271484375,505,87,K,P,CCG,0
GCF_059995355.1,Tepidisphaera mucosa,gyrA_1_Tepidisphaera mucosa_GCF_059995355.1,1,2709,-1497.853271484375,505,87,L,P,CCG,1
GCF_059995355.1,Tepidisphaera mucosa,gyrA_1_Tepidisphaera mucosa_GCF_059995355.1,1,2709,-1497.853271484375,505,87,N,P,CCG,0
GCF_059995355.1,Tepidisphaera mucosa,gyrA_1_Tepidisphaera mucosa_GCF_059995355.1,1,2709,-1497.853271484375,505,87,Q,P,CCG,1
GCF_059995355.1,Tepidisphaera mucosa,gyrA_1_Tepidisphaera mucosa_GCF_059995355.1,1,2709,-1497.853271484375,505,87,R,P,CCG,1
GCF_059995355.1,Tepidisphaera mucosa,gyrA_1_Tepidisphaera mucosa_GCF_059995355.1,1,2709,-1497.853271484375,505,87,T,P,CCG,1
GCF_059995355.1,Tepidisphaera mucosa,gyrA_1_Tepidisphaera mucosa_GCF_059995355.1,1,2709,-1497.853271484375,505,87,V,P,CCG,0
GCF_059995355.1,Tepidisphaera mucosa,gyrA_1_Tepidisphaera mucosa_GCF_059995355.1,1,2709,-1497.853271484375,505,87,Y,P,CCG,0
GCF_059995355.1,Tepidisphaera mucosa,gyrA_1_Tepidisphaera mucosa_GCF_059995355.1,1,2709,-1497.853271484375,505,101,S,K,AAG,0
GCF_059995355.1,Tepidisphaera mucosa,gyrA_1_Tepidisphaera mucosa_GCF_059995355.1,1,2709,-1497.853271484375,505,105,D,G,GGT,1
GCF_059995355.1,Tepidisphaera mucosa,gyrA_1_Tepidisphaera mucosa_GCF_059995355.1,1,2709,-1497.853271484375,505,106,H,Q,CAG,2
GCF_059995355.1,Tepidisphaera mucosa,gyrA_1_Tepidisphaera mucosa_GCF_059995355.1,1,2709,-1497.853271484375,505,106,L,Q,CAG,1
GCF_059995355.1,Tepidisphaera mucosa,gyrA_1_Tepidisphaera mucosa_GCF_059995355.1,1,2709,-1497.853271484375,505,106,R,Q,CAG,1
GCF_059995355.1,Tepidisphaera mucosa,gyrA_1_Tepidisphaera mucosa_GCF_059995355.1,1,2709,-1497.853271484375,505,119,S,A,GCC,1
GCF_059995355.1,Tepidisphaera mucosa,gyrA_1_Tepidisphaera mucosa_GCF_059995355.1,1,2709,-1497.853271484375,505,119,T,A,GCC,1
GCF_059995355.1,Tepidisphaera mucosa,gyrA_1_Tepidisphaera mucosa_GCF_059995355.1,1,2709,-1497.853271484375,505,165,A,N,AAC,0
GCF_059995355.1,Tepidisphaera mucosa,gyrA_1_Tepidisphaera mucosa_GCF_059995355.1,1,2709,-1497.853271484375,505,196,E,Y,TAC,0
GCF_059995355.1,Tepidisphaera mucosa,gyrA_1_Tepidisphaera mucosa_GCF_059995355.1,1,2709,-1497.853271484375,505,386,D,A,GCC,1
GCF_059935335.1,Blochmannia endosymbiont of Camponotus quercicola,gyrA_1_Blochmannia endosymbiont of Camponotus quercicola_GCF_059935335.1,1,2553,717.5177001953125,290,51,V,A,GCC,1
GCF_059935335.1,Blochmannia endosymbiont of Camponotus quercicola,gyrA_1_Blochmannia endosymbiont of Camponotus quercicola_GCF_059935335.1,1,2553,717.5177001953125,290,57,K,N,AAT,2
GCF_059935335.1,Blochmannia endosymbiont of Camponotus quercicola,gyrA_1_Blochmannia endosymbiont of Camponotus quercicola_GCF_059935335.1,1,2553,717.5177001953125,290,67,S,A,GCT,1
GCF_059935335.1,Blochmannia endosymbiont of Camponotus quercicola,gyrA_1_Blochmannia endosymbiont of Camponotus quercicola_GCF_059935335.1,1,2553,717.5177001953125,290,67,T,A,GCT,1
GCF_059935335.1,Blochmannia endosymbiont of Camponotus quercicola,gyrA_1_Blochmannia endosymbiont of Camponotus quercicola_GCF_059935335.1,1,2553,717.5177001953125,290,72,G,D,GAT,1
GCF_059935335.1,Blochmannia endosymbiont of Camponotus quercicola,gyrA_1_Blochmannia endosymbiont of Camponotus quercicola_GCF_059935335.1,1,2553,717.5177001953125,290,72,V,D,GAT,1
GCF_059935335.1,Blochmannia endosymbiont of Camponotus quercicola,gyrA_1_Blochmannia endosymbiont of Camponotus quercicola_GCF_059935335.1,1,2553,717.5177001953125,290,77,S,Y,TAT,1
GCF_059935335.1,Blochmannia endosymbiont of Camponotus quercicola,gyrA_1_Blochmannia endosymbiont of Camponotus quercicola_GCF_059935335.1,1,2553,717.5177001953125,290,80,P,H,CAT,1
GCF_059935335.1,Blochmannia endosymbiont of Camponotus quercicola,gyrA_1_Blochmannia endosymbiont of Camponotus quercicola_GCF_059935335.1,1,2553,717.5177001953125,290,80,R,H,CAT,1
GCF_059935335.1,Blochmannia endosymbiont of Camponotus quercicola,gyrA_1_Blochmannia endosymbiont of Camponotus quercicola_GCF_059935335.1,1,2553,717.5177001953125,290,81,C,G,GGA,0
GCF_059935335.1,Blochmannia endosymbiont of Camponotus quercicola,gyrA_1_Blochmannia endosymbiont of Camponotus quercicola_GCF_059935335.1,1,2553,717.5177001953125,290,81,D,G,GGA,0
GCF_059935335.1,Blochmannia endosymbiont of Camponotus quercicola,gyrA_1_Blochmannia endosymbiont of Camponotus quercicola_GCF_059935335.1,1,2553,717.5177001953125,290,82,G,D,GAT,1
GCF_059935335.1,Blochmannia endosymbiont of Camponotus quercicola,gyrA_1_Blochmannia endosymbiont of Camponotus quercicola_GCF_059935335.1,1,2553,717.5177001953125,290,82,N,D,GAT,1
GCF_059935335.1,Blochmannia endosymbiont of Camponotus quercicola,gyrA_1_Blochmannia endosymbiont of Camponotus quercicola_GCF_059935335.1,1,2553,717.5177001953125,290,82,Y,D,GAT,1
GCF_059935335.1,Blochmannia endosymbiont of Camponotus quercicola,gyrA_1_Blochmannia endosymbiont of Camponotus quercicola_GCF_059935335.1,1,2553,717.5177001953125,290,83,A,A,GCT,3
GCF_059935335.1,Blochmannia endosymbiont of Camponotus quercicola,gyrA_1_Blochmannia endosymbiont of Camponotus quercicola_GCF_059935335.1,1,2553,717.5177001953125,290,83,F,A,GCT,0
GCF_059935335.1,Blochmannia endosymbiont of Camponotus quercicola,gyrA_1_Blochmannia endosymbiont of Camponotus quercicola_GCF_059935335.1,1,2553,717.5177001953125,290,83,I,A,GCT,0
GCF_059935335.1,Blochmannia endosymbiont of Camponotus quercicola,gyrA_1_Blochmannia endosymbiont of Camponotus quercicola_GCF_059935335.1,1,2553,717.5177001953125,290,83,K,A,GCT,0
GCF_059935335.1,Blochmannia endosymbiont of Camponotus quercicola,gyrA_1_Blochmannia endosymbiont of Camponotus quercicola_GCF_059935335.1,1,2553,717.5177001953125,290,83,L,A,GCT,0
GCF_059935335.1,Blochmannia endosymbiont of Camponotus quercicola,gyrA_1_Blochmannia endosymbiont of Camponotus quercicola_GCF_059935335.1,1,2553,717.5177001953125,290,83,M,A,GCT,0
GCF_059935335.1,Blochmannia endosymbiont of Camponotus quercicola,gyrA_1_Blochmannia endosymbiont of Camponotus quercicola_GCF_059935335.1,1,2553,717.5177001953125,290,83,R,A,GCT,0
GCF_059935335.1,Blochmannia endosymbiont of Camponotus quercicola,gyrA_1_Blochmannia endosymbiont of Camponotus quercicola_GCF_059935335.1,1,2553,717.5177001953125,290,83,S,A,GCT,1
GCF_059935335.1,Blochmannia endosymbiont of Camponotus quercicola,gyrA_1_Blochmannia endosymbiont of Camponotus quercicola_GCF_059935335.1,1,2553,717.5177001953125,290,83,V,A,GCT,1
GCF_059935335.1,Blochmannia endosymbiont of Camponotus quercicola,gyrA_1_Blochmannia endosymbiont of Camponotus quercicola_GCF_059935335.1,1,2553,717.5177001953125,290,83,W,A,GCT,0
GCF_059935335.1,Blochmannia endosymbiont of Camponotus quercicola,gyrA_1_Blochmannia endosymbiont of Camponotus quercicola_GCF_059935335.1,1,2553,717.5177001953125,290,83,Y,A,GCT,0
GCF_059935335.1,Blochmannia endosymbiont of Camponotus quercicola,gyrA_1_Blochmannia endosymbiont of Camponotus quercicola_GCF_059935335.1,1,2553,717.5177001953125,290,84,A,A,GCA,3
GCF_059935335.1,Blochmannia endosymbiont of Camponotus quercicola,gyrA_1_Blochmannia endosymbiont of Camponotus quercicola_GCF_059935335.1,1,2553,717.5177001953125,290,84,P,A,GCA,1
GCF_059935335.1,Blochmannia endosymbiont of Camponotus quercicola,gyrA_1_Blochmannia endosymbiont of Camponotus quercicola_GCF_059935335.1,1,2553,717.5177001953125,290,84,V,A,GCA,1
GCF_059935335.1,Blochmannia endosymbiont of Camponotus quercicola,gyrA_1_Blochmannia endosymbiont of Camponotus quercicola_GCF_059935335.1,1,2553,717.5177001953125,290,86,N,Y,TAC,1
GCF_059935335.1,Blochmannia endosymbiont of Camponotus quercicola,gyrA_1_Blochmannia endosymbiont of Camponotus quercicola_GCF_059935335.1,1,2553,717.5177001953125,290,86,Y,Y,TAC,1
GCF_059935335.1,Blochmannia endosymbiont of Camponotus quercicola,gyrA_1_Blochmannia endosymbiont of Camponotus quercicola_GCF_059935335.1,1,2553,717.5177001953125,290,87,A,E,GAA,1
GCF_059935335.1,Blochmannia endosymbiont of Camponotus quercicola,gyrA_1_Blochmannia endosymbiont of Camponotus quercicola_GCF_059935335.1,1,2553,717.5177001953125,290,87,G,E,GAA,1
GCF_059935335.1,Blochmannia endosymbiont of Camponotus quercicola,gyrA_1_Blochmannia endosymbiont of Camponotus quercicola_GCF_059935335.1,1,2553,717.5177001953125,290,87,H,E,GAA,0
GCF_059935335.1,Blochmannia endosymbiont of Camponotus quercicola,gyrA_1_Blochmannia endosymbiont of Camponotus quercicola_GCF_059935335.1,1,2553,717.5177001953125,290,87,K,E,GAA,1
GCF_059935335.1,Blochmannia endosymbiont of Camponotus quercicola,gyrA_1_Blochmannia endosymbiont of Camponotus quercicola_GCF_059935335.1,1,2553,717.5177001953125,290,87,L,E,GAA,0
GCF_059935335.1,Blochmannia endosymbiont of Camponotus quercicola,gyrA_1_Blochmannia endosymbiont of Camponotus quercicola_GCF_059935335.1,1,2553,717.5177001953125,290,87,N,E,GAA,0
GCF_059935335.1,Blochmannia endosymbiont of Camponotus quercicola,gyrA_1_Blochmannia endosymbiont of Camponotus quercicola_GCF_059935335.1,1,2553,717.5177001953125,290,87,Q,E,GAA,1
GCF_059935335.1,Blochmannia endosymbiont of Camponotus quercicola,gyrA_1_Blochmannia endosymbiont of Camponotus quercicola_GCF_059935335.1,1,2553,717.5177001953125,290,87,R,E,GAA,0
GCF_059935335.1,Blochmannia endosymbiont of Camponotus quercicola,gyrA_1_Blochmannia endosymbiont of Camponotus quercicola_GCF_059935335.1,1,2553,717.5177001953125,290,87,T,E,GAA,0
GCF_059935335.1,Blochmannia endosymbiont of Camponotus quercicola,gyrA_1_Blochmannia endosymbiont of Camponotus quercicola_GCF_059935335.1,1,2553,717.5177001953125,290,87,V,E,GAA,1
GCF_059935335.1,Blochmannia endosymbiont of Camponotus quercicola,gyrA_1_Blochmannia endosymbiont of Camponotus quercicola_GCF_059935335.1,1,2553,717.5177001953125,290,87,Y,E,GAA,0
GCF_059935335.1,Blochmannia endosymbiont of Camponotus quercicola,gyrA_1_Blochmannia endosymbiont of Camponotus quercicola_GCF_059935335.1,1,2553,717.5177001953125,290,101,S,A,GCT,1
GCF_059935335.1,Blochmannia endosymbiont of Camponotus quercicola,gyrA_1_Blochmannia endosymbiont of Camponotus quercicola_GCF_059935335.1,1,2553,717.5177001953125,290,105,D,G,GGA,0
GCF_059935335.1,Blochmannia endosymbiont of Camponotus quercicola,gyrA_1_Blochmannia endosymbiont of Camponotus quercicola_GCF_059935335.1,1,2553,717.5177001953125,290,106,H,Q,CAA,2
GCF_059935335.1,Blochmannia endosymbiont of Camponotus quercicola,gyrA_1_Blochmannia endosymbiont of Camponotus quercicola_GCF_059935335.1,1,2553,717.5177001953125,290,106,L,Q,CAA,1
GCF_059935335.1,Blochmannia endosymbiont of Camponotus quercicola,gyrA_1_Blochmannia endosymbiont of Camponotus quercicola_GCF_059935335.1,1,2553,717.5177001953125,290,106,R,Q,CAA,1
GCF_059935335.1,Blochmannia endosymbiont of Camponotus quercicola,gyrA_1_Blochmannia endosymbiont of Camponotus quercicola_GCF_059935335.1,1,2553,717.5177001953125,290,119,S,A,GCT,1
GCF_059935335.1,Blochmannia endosymbiont of Camponotus quercicola,gyrA_1_Blochmannia endosymbiont of Camponotus quercicola_GCF_059935335.1,1,2553,717.5177001953125,290,119,T,A,GCT,1
GCF_059935335.1,Blochmannia endosymbiont of Camponotus quercicola,gyrA_1_Blochmannia endosymbiont of Camponotus quercicola_GCF_059935335.1,1,2553,717.5177001953125,290,165,A,N,AAT,0
GCF_059935335.1,Blochmannia endosymbiont of Camponotus quercicola,gyrA_1_Blochmannia endosymbiont of Camponotus quercicola_GCF_059935335.1,1,2553,717.5177001953125,290,196,E,A,GCG,1
GCF_059935335.1,Blochmannia endosymbiont of Camponotus quercicola,gyrA_1_Blochmannia endosymbiont of Camponotus quercicola_GCF_059935335.1,1,2553,717.5177001953125,290,386,D,A,GCT,1
GCF_059934925.1,Blochmannia endosymbiont of Camponotus pudorosus,gyrA_1_Blochmannia endosymbiont of Camponotus pudorosus_GCF_059934925.1,1,2541,556.70550537109375,306,51,V,A,GCC,1
GCF_059934925.1,Blochmannia endosymbiont of Camponotus pudorosus,gyrA_1_Blochmannia endosymbiont of Camponotus pudorosus_GCF_059934925.1,1,2541,556.70550537109375,306,57,K,N,AAT,2
GCF_059934925.1,Blochmannia endosymbiont of Camponotus pudorosus,gyrA_1_Blochmannia endosymbiont of Camponotus pudorosus_GCF_059934925.1,1,2541,556.70550537109375,306,67,S,A,GCT,1
GCF_059934925.1,Blochmannia endosymbiont of Camponotus pudorosus,gyrA_1_Blochmannia endosymbiont of Camponotus pudorosus_GCF_059934925.1,1,2541,556.70550537109375,306,67,T,A,GCT,1
GCF_059934925.1,Blochmannia endosymbiont of Camponotus pudorosus,gyrA_1_Blochmannia endosymbiont of Camponotus pudorosus_GCF_059934925.1,1,2541,556.70550537109375,306,72,G,D,GAT,1
GCF_059934925.1,Blochmannia endosymbiont of Camponotus pudorosus,gyrA_1_Blochmannia endosymbiont of Camponotus pudorosus_GCF_059934925.1,1,2541,556.70550537109375,306,72,V,D,GAT,1
GCF_059934925.1,Blochmannia endosymbiont of Camponotus pudorosus,gyrA_1_Blochmannia endosymbiont of Camponotus pudorosus_GCF_059934925.1,1,2541,556.70550537109375,306,77,S,Y,TAT,1
GCF_059934925.1,Blochmannia endosymbiont of Camponotus pudorosus,gyrA_1_Blochmannia endosymbiont of Camponotus pudorosus_GCF_059934925.1,1,2541,556.70550537109375,306,80,P,H,CAT,1
GCF_059934925.1,Blochmannia endosymbiont of Camponotus pudorosus,gyrA_1_Blochmannia endosymbiont of Camponotus pudorosus_GCF_059934925.1,1,2541,556.70550537109375,306,80,R,H,CAT,1
GCF_059934925.1,Blochmannia endosymbiont of Camponotus pudorosus,gyrA_1_Blochmannia endosymbiont of Camponotus pudorosus_GCF_059934925.1,1,2541,556.70550537109375,306,81,C,G,GGA,0
GCF_059934925.1,Blochmannia endosymbiont of Camponotus pudorosus,gyrA_1_Blochmannia endosymbiont of Camponotus pudorosus_GCF_059934925.1,1,2541,556.70550537109375,306,81,D,G,GGA,0
GCF_059934925.1,Blochmannia endosymbiont of Camponotus pudorosus,gyrA_1_Blochmannia endosymbiont of Camponotus pudorosus_GCF_059934925.1,1,2541,556.70550537109375,306,82,G,D,GAT,1
GCF_059934925.1,Blochmannia endosymbiont of Camponotus pudorosus,gyrA_1_Blochmannia endosymbiont of Camponotus pudorosus_GCF_059934925.1,1,2541,556.70550537109375,306,82,N,D,GAT,1
GCF_059934925.1,Blochmannia endosymbiont of Camponotus pudorosus,gyrA_1_Blochmannia endosymbiont of Camponotus pudorosus_GCF_059934925.1,1,2541,556.70550537109375,306,82,Y,D,GAT,1
GCF_059934925.1,Blochmannia endosymbiont of Camponotus pudorosus,gyrA_1_Blochmannia endosymbiont of Camponotus pudorosus_GCF_059934925.1,1,2541,556.70550537109375,306,83,A,S,TCT,1
GCF_059934925.1,Blochmannia endosymbiont of Camponotus pudorosus,gyrA_1_Blochmannia endosymbiont of Camponotus pudorosus_GCF_059934925.1,1,2541,556.70550537109375,306,83,F,S,TCT,1
GCF_059934925.1,Blochmannia endosymbiont of Camponotus pudorosus,gyrA_1_Blochmannia endosymbiont of Camponotus pudorosus_GCF_059934925.1,1,2541,556.70550537109375,306,83,I,S,TCT,0
GCF_059934925.1,Blochmannia endosymbiont of Camponotus pudorosus,gyrA_1_Blochmannia endosymbiont of Camponotus pudorosus_GCF_059934925.1,1,2541,556.70550537109375,306,83,K,S,TCT,0
GCF_059934925.1,Blochmannia endosymbiont of Camponotus pudorosus,gyrA_1_Blochmannia endosymbiont of Camponotus pudorosus_GCF_059934925.1,1,2541,556.70550537109375,306,83,L,S,TCT,0
GCF_059934925.1,Blochmannia endosymbiont of Camponotus pudorosus,gyrA_1_Blochmannia endosymbiont of Camponotus pudorosus_GCF_059934925.1,1,2541,556.70550537109375,306,83,M,S,TCT,0
GCF_059934925.1,Blochmannia endosymbiont of Camponotus pudorosus,gyrA_1_Blochmannia endosymbiont of Camponotus pudorosus_GCF_059934925.1,1,2541,556.70550537109375,306,83,R,S,TCT,0
GCF_059934925.1,Blochmannia endosymbiont of Camponotus pudorosus,gyrA_1_Blochmannia endosymbiont of Camponotus pudorosus_GCF_059934925.1,1,2541,556.70550537109375,306,83,S,S,TCT,3
GCF_059934925.1,Blochmannia endosymbiont of Camponotus pudorosus,gyrA_1_Blochmannia endosymbiont of Camponotus pudorosus_GCF_059934925.1,1,2541,556.70550537109375,306,83,V,S,TCT,0
GCF_059934925.1,Blochmannia endosymbiont of Camponotus pudorosus,gyrA_1_Blochmannia endosymbiont of Camponotus pudorosus_GCF_059934925.1,1,2541,556.70550537109375,306,83,W,S,TCT,0
GCF_059934925.1,Blochmannia endosymbiont of Camponotus pudorosus,gyrA_1_Blochmannia endosymbiont of Camponotus pudorosus_GCF_059934925.1,1,2541,556.70550537109375,306,83,Y,S,TCT,1
GCF_059934925.1,Blochmannia endosymbiont of Camponotus pudorosus,gyrA_1_Blochmannia endosymbiont of Camponotus pudorosus_GCF_059934925.1,1,2541,556.70550537109375,306,84,A,A,GCT,3
GCF_059934925.1,Blochmannia endosymbiont of Camponotus pudorosus,gyrA_1_Blochmannia endosymbiont of Camponotus pudorosus_GCF_059934925.1,1,2541,556.70550537109375,306,84,P,A,GCT,1
GCF_059934925.1,Blochmannia endosymbiont of Camponotus pudorosus,gyrA_1_Blochmannia endosymbiont of Camponotus pudorosus_GCF_059934925.1,1,2541,556.70550537109375,306,84,V,A,GCT,1
GCF_059934925.1,Blochmannia endosymbiont of Camponotus pudorosus,gyrA_1_Blochmannia endosymbiont of Camponotus pudorosus_GCF_059934925.1,1,2541,556.70550537109375,306,86,N,Y,TAT,1
GCF_059934925.1,Blochmannia endosymbiont of Camponotus pudorosus,gyrA_1_Blochmannia endosymbiont of Camponotus pudorosus_GCF_059934925.1,1,2541,556.70550537109375,306,86,Y,Y,TAT,1
GCF_059934925.1,Blochmannia endosymbiont of Camponotus pudorosus,gyrA_1_Blochmannia endosymbiont of Camponotus pudorosus_GCF_059934925.1,1,2541,556.70550537109375,306,87,A,E,GAA,1
GCF_059934925.1,Blochmannia endosymbiont of Camponotus pudorosus,gyrA_1_Blochmannia endosymbiont of Camponotus pudorosus_GCF_059934925.1,1,2541,556.70550537109375,306,87,G,E,GAA,1
GCF_059934925.1,Blochmannia endosymbiont of Camponotus pudorosus,gyrA_1_Blochmannia endosymbiont of Camponotus pudorosus_GCF_059934925.1,1,2541,556.70550537109375,306,87,H,E,GAA,0
GCF_059934925.1,Blochmannia endosymbiont of Camponotus pudorosus,gyrA_1_Blochmannia endosymbiont of Camponotus pudorosus_GCF_059934925.1,1,2541,556.70550537109375,306,87,K,E,GAA,1
GCF_059934925.1,Blochmannia endosymbiont of Camponotus pudorosus,gyrA_1_Blochmannia endosymbiont of Camponotus pudorosus_GCF_059934925.1,1,2541,556.70550537109375,306,87,L,E,GAA,0
GCF_059934925.1,Blochmannia endosymbiont of Camponotus pudorosus,gyrA_1_Blochmannia endosymbiont of Camponotus pudorosus_GCF_059934925.1,1,2541,556.70550537109375,306,87,N,E,GAA,0
GCF_059934925.1,Blochmannia endosymbiont of Camponotus pudorosus,gyrA_1_Blochmannia endosymbiont of Camponotus pudorosus_GCF_059934925.1,1,2541,556.70550537109375,306,87,Q,E,GAA,1
GCF_059934925.1,Blochmannia endosymbiont of Camponotus pudorosus,gyrA_1_Blochmannia endosymbiont of Camponotus pudorosus_GCF_059934925.1,1,2541,556.70550537109375,306,87,R,E,GAA,0
GCF_059934925.1,Blochmannia endosymbiont of Camponotus pudorosus,gyrA_1_Blochmannia endosymbiont of Camponotus pudorosus_GCF_059934925.1,1,2541,556.70550537109375,306,87,T,E,GAA,0
GCF_059934925.1,Blochmannia endosymbiont of Camponotus pudorosus,gyrA_1_Blochmannia endosymbiont of Camponotus pudorosus_GCF_059934925.1,1,2541,556.70550537109375,306,87,V,E,GAA,1
GCF_059934925.1,Blochmannia endosymbiont of Camponotus pudorosus,gyrA_1_Blochmannia endosymbiont of Camponotus pudorosus_GCF_059934925.1,1,2541,556.70550537109375,306,87,Y,E,GAA,0
GCF_059934925.1,Blochmannia endosymbiont of Camponotus pudorosus,gyrA_1_Blochmannia endosymbiont of Camponotus pudorosus_GCF_059934925.1,1,2541,556.70550537109375,306,101,S,V,GTC,0
GCF_059934925.1,Blochmannia endosymbiont of Camponotus pudorosus,gyrA_1_Blochmannia endosymbiont of Camponotus pudorosus_GCF_059934925.1,1,2541,556.70550537109375,306,105,D,G,GGA,0
GCF_059934925.1,Blochmannia endosymbiont of Camponotus pudorosus,gyrA_1_Blochmannia endosymbiont of Camponotus pudorosus_GCF_059934925.1,1,2541,556.70550537109375,306,106,H,Q,CAG,2
GCF_059934925.1,Blochmannia endosymbiont of Camponotus pudorosus,gyrA_1_Blochmannia endosymbiont of Camponotus pudorosus_GCF_059934925.1,1,2541,556.70550537109375,306,106,L,Q,CAG,1
GCF_059934925.1,Blochmannia endosymbiont of Camponotus pudorosus,gyrA_1_Blochmannia endosymbiont of Camponotus pudorosus_GCF_059934925.1,1,2541,556.70550537109375,306,106,R,Q,CAG,1
GCF_059934925.1,Blochmannia endosymbiont of Camponotus pudorosus,gyrA_1_Blochmannia endosymbiont of Camponotus pudorosus_GCF_059934925.1,1,2541,556.70550537109375,306,119,S,A,GCT,1
GCF_059934925.1,Blochmannia endosymbiont of Camponotus pudorosus,gyrA_1_Blochmannia endosymbiont of Camponotus pudorosus_GCF_059934925.1,1,2541,556.70550537109375,306,119,T,A,GCT,1
GCF_059934925.1,Blochmannia endosymbiont of Camponotus pudorosus,gyrA_1_Blochmannia endosymbiont of Camponotus pudorosus_GCF_059934925.1,1,2541,556.70550537109375,306,165,A,N,AAT,0
GCF_059934925.1,Blochmannia endosymbiont of Camponotus pudorosus,gyrA_1_Blochmannia endosymbiont of Camponotus pudorosus_GCF_059934925.1,1,2541,556.70550537109375,306,196,E,A,GCA,1
GCF_059934925.1,Blochmannia endosymbiont of Camponotus pudorosus,gyrA_1_Blochmannia endosymbiont of Camponotus pudorosus_GCF_059934925.1,1,2541,556.70550537109375,306,386,D,A,GCT,1
GCF_987194215.1,Alkalihalophilus lindianensis,gyrA_1_Alkalihalophilus lindianensis_GCF_987194215.1,1,2541,-708.973876953125,421,51,V,A,GCG,1
GCF_987194215.1,Alkalihalophilus lindianensis,gyrA_1_Alkalihalophilus lindianensis_GCF_987194215.1,1,2541,-708.973876953125,421,57,K,M,ATG,1
GCF_987194215.1,Alkalihalophilus lindianensis,gyrA_1_Alkalihalophilus lindianensis_GCF_987194215.1,1,2541,-708.973876953125,421,67,S,A,GCG,1
GCF_987194215.1,Alkalihalophilus lindianensis,gyrA_1_Alkalihalophilus lindianensis_GCF_987194215.1,1,2541,-708.973876953125,421,67,T,A,GCG,1
GCF_987194215.1,Alkalihalophilus lindianensis,gyrA_1_Alkalihalophilus lindianensis_GCF_987194215.1,1,2541,-708.973876953125,421,72,G,E,GAA,1
GCF_987194215.1,Alkalihalophilus lindianensis,gyrA_1_Alkalihalophilus lindianensis_GCF_987194215.1,1,2541,-708.973876953125,421,72,V,E,GAA,1
GCF_987194215.1,Alkalihalophilus lindianensis,gyrA_1_Alkalihalophilus lindianensis_GCF_987194215.1,1,2541,-708.973876953125,421,77,S,Y,TAT,1
GCF_987194215.1,Alkalihalophilus lindianensis,gyrA_1_Alkalihalophilus lindianensis_GCF_987194215.1,1,2541,-708.973876953125,421,80,P,H,CAT,1
GCF_987194215.1,Alkalihalophilus lindianensis,gyrA_1_Alkalihalophilus lindianensis_GCF_987194215.1,1,2541,-708.973876953125,421,80,R,H,CAT,1
GCF_987194215.1,Alkalihalophilus lindianensis,gyrA_1_Alkalihalophilus lindianensis_GCF_987194215.1,1,2541,-708.973876953125,421,81,C,G,GGT,1
GCF_987194215.1,Alkalihalophilus lindianensis,gyrA_1_Alkalihalophilus lindianensis_GCF_987194215.1,1,2541,-708.973876953125,421,81,D,G,GGT,1
GCF_987194215.1,Alkalihalophilus lindianensis,gyrA_1_Alkalihalophilus lindianensis_GCF_987194215.1,1,2541,-708.973876953125,421,82,G,D,GAC,1
GCF_987194215.1,Alkalihalophilus lindianensis,gyrA_1_Alkalihalophilus lindianensis_GCF_987194215.1,1,2541,-708.973876953125,421,82,N,D,GAC,1
GCF_987194215.1,Alkalihalophilus lindianensis,gyrA_1_Alkalihalophilus lindianensis_GCF_987194215.1,1,2541,-708.973876953125,421,82,Y,D,GAC,1
GCF_987194215.1,Alkalihalophilus lindianensis,gyrA_1_Alkalihalophilus lindianensis_GCF_987194215.1,1,2541,-708.973876953125,421,83,A,S,TCT,1
GCF_987194215.1,Alkalihalophilus lindianensis,gyrA_1_Alkalihalophilus lindianensis_GCF_987194215.1,1,2541,-708.973876953125,421,83,F,S,TCT,1
GCF_987194215.1,Alkalihalophilus lindianensis,gyrA_1_Alkalihalophilus lindianensis_GCF_987194215.1,1,2541,-708.973876953125,421,83,I,S,TCT,0
GCF_987194215.1,Alkalihalophilus lindianensis,gyrA_1_Alkalihalophilus lindianensis_GCF_987194215.1,1,2541,-708.973876953125,421,83,K,S,TCT,0
GCF_987194215.1,Alkalihalophilus lindianensis,gyrA_1_Alkalihalophilus lindianensis_GCF_987194215.1,1,2541,-708.973876953125,421,83,L,S,TCT,0
GCF_987194215.1,Alkalihalophilus lindianensis,gyrA_1_Alkalihalophilus lindianensis_GCF_987194215.1,1,2541,-708.973876953125,421,83,M,S,TCT,0
GCF_987194215.1,Alkalihalophilus lindianensis,gyrA_1_Alkalihalophilus lindianensis_GCF_987194215.1,1,2541,-708.973876953125,421,83,R,S,TCT,0
GCF_987194215.1,Alkalihalophilus lindianensis,gyrA_1_Alkalihalophilus lindianensis_GCF_987194215.1,1,2541,-708.973876953125,421,83,S,S,TCT,3
GCF_987194215.1,Alkalihalophilus lindianensis,gyrA_1_Alkalihalophilus lindianensis_GCF_987194215.1,1,2541,-708.973876953125,421,83,V,S,TCT,0
GCF_987194215.1,Alkalihalophilus lindianensis,gyrA_1_Alkalihalophilus lindianensis_GCF_987194215.1,1,2541,-708.973876953125,421,83,W,S,TCT,0
GCF_987194215.1,Alkalihalophilus lindianensis,gyrA_1_Alkalihalophilus lindianensis_GCF_987194215.1,1,2541,-708.973876953125,421,83,Y,S,TCT,1
GCF_987194215.1,Alkalihalophilus lindianensis,gyrA_1_Alkalihalophilus lindianensis_GCF_987194215.1,1,2541,-708.973876953125,421,84,A,A,GCT,3
GCF_987194215.1,Alkalihalophilus lindianensis,gyrA_1_Alkalihalophilus lindianensis_GCF_987194215.1,1,2541,-708.973876953125,421,84,P,A,GCT,1
GCF_987194215.1,Alkalihalophilus lindianensis,gyrA_1_Alkalihalophilus lindianensis_GCF_987194215.1,1,2541,-708.973876953125,421,84,V,A,GCT,1
GCF_987194215.1,Alkalihalophilus lindianensis,gyrA_1_Alkalihalophilus lindianensis_GCF_987194215.1,1,2541,-708.973876953125,421,86,N,Y,TAC,1
GCF_987194215.1,Alkalihalophilus lindianensis,gyrA_1_Alkalihalophilus lindianensis_GCF_987194215.1,1,2541,-708.973876953125,421,86,Y,Y,TAC,1
GCF_987194215.1,Alkalihalophilus lindianensis,gyrA_1_Alkalihalophilus lindianensis_GCF_987194215.1,1,2541,-708.973876953125,421,87,A,E,GAA,1
GCF_987194215.1,Alkalihalophilus lindianensis,gyrA_1_Alkalihalophilus lindianensis_GCF_987194215.1,1,2541,-708.973876953125,421,87,G,E,GAA,1
GCF_987194215.1,Alkalihalophilus lindianensis,gyrA_1_Alkalihalophilus lindianensis_GCF_987194215.1,1,2541,-708.973876953125,421,87,H,E,GAA,0
GCF_987194215.1,Alkalihalophilus lindianensis,gyrA_1_Alkalihalophilus lindianensis_GCF_987194215.1,1,2541,-708.973876953125,421,87,K,E,GAA,1
GCF_987194215.1,Alkalihalophilus lindianensis,gyrA_1_Alkalihalophilus lindianensis_GCF_987194215.1,1,2541,-708.973876953125,421,87,L,E,GAA,0
GCF_987194215.1,Alkalihalophilus lindianensis,gyrA_1_Alkalihalophilus lindianensis_GCF_987194215.1,1,2541,-708.973876953125,421,87,N,E,GAA,0
GCF_987194215.1,Alkalihalophilus lindianensis,gyrA_1_Alkalihalophilus lindianensis_GCF_987194215.1,1,2541,-708.973876953125,421,87,Q,E,GAA,1
GCF_987194215.1,Alkalihalophilus lindianensis,gyrA_1_Alkalihalophilus lindianensis_GCF_987194215.1,1,2541,-708.973876953125,421,87,R,E,GAA,0
GCF_987194215.1,Alkalihalophilus lindianensis,gyrA_1_Alkalihalophilus lindianensis_GCF_987194215.1,1,2541,-708.973876953125,421,87,T,E,GAA,0
GCF_987194215.1,Alkalihalophilus lindianensis,gyrA_1_Alkalihalophilus lindianensis_GCF_987194215.1,1,2541,-708.973876953125,421,87,V,E,GAA,1
GCF_987194215.1,Alkalihalophilus lindianensis,gyrA_1_Alkalihalophilus lindianensis_GCF_987194215.1,1,2541,-708.973876953125,421,87,Y,E,GAA,0
GCF_987194215.1,Alkalihalophilus lindianensis,gyrA_1_Alkalihalophilus lindianensis_GCF_987194215.1,1,2541,-708.973876953125,421,101,S,M,ATG,0
GCF_987194215.1,Alkalihalophilus lindianensis,gyrA_1_Alkalihalophilus lindianensis_GCF_987194215.1,1,2541,-708.973876953125,421,105,D,G,GGA,0
GCF_987194215.1,Alkalihalophilus lindianensis,gyrA_1_Alkalihalophilus lindianensis_GCF_987194215.1,1,2541,-708.973876953125,421,106,H,H,CAT,1
GCF_987194215.1,Alkalihalophilus lindianensis,gyrA_1_Alkalihalophilus lindianensis_GCF_987194215.1,1,2541,-708.973876953125,421,106,L,H,CAT,1
GCF_987194215.1,Alkalihalophilus lindianensis,gyrA_1_Alkalihalophilus lindianensis_GCF_987194215.1,1,2541,-708.973876953125,421,106,R,H,CAT,1
GCF_987194215.1,Alkalihalophilus lindianensis,gyrA_1_Alkalihalophilus lindianensis_GCF_987194215.1,1,2541,-708.973876953125,421,119,S,A,GCG,1
GCF_987194215.1,Alkalihalophilus lindianensis,gyrA_1_Alkalihalophilus lindianensis_GCF_987194215.1,1,2541,-708.973876953125,421,119,T,A,GCG,1
GCF_987194215.1,Alkalihalophilus lindianensis,gyrA_1_Alkalihalophilus lindianensis_GCF_987194215.1,1,2541,-708.973876953125,421,165,A,N,AAT,0
GCF_987194215.1,Alkalihalophilus lindianensis,gyrA_1_Alkalihalophilus lindianensis_GCF_987194215.1,1,2541,-708.973876953125,421,196,E,A,GCG,1
GCF_987194215.1,Alkalihalophilus lindianensis,gyrA_1_Alkalihalophilus lindianensis_GCF_987194215.1,1,2541,-708.973876953125,421,386,D,A,GCG,0
GCF_059739285.1,Vibrio halioticoli,gyrA_1_Vibrio halioticoli_GCF_059739285.1,1,2637,1442.529296875,220,51,V,A,GCG,1
GCF_059739285.1,Vibrio halioticoli,gyrA_1_Vibrio halioticoli_GCF_059739285.1,1,2637,1442.529296875,220,57,K,N,AAT,2
GCF_059739285.1,Vibrio halioticoli,gyrA_1_Vibrio halioticoli_GCF_059739285.1,1,2637,1442.529296875,220,67,S,A,GCG,1
GCF_059739285.1,Vibrio halioticoli,gyrA_1_Vibrio halioticoli_GCF_059739285.1,1,2637,1442.529296875,220,67,T,A,GCG,1
GCF_059739285.1,Vibrio halioticoli,gyrA_1_Vibrio halioticoli_GCF_059739285.1,1,2637,1442.529296875,220,72,G,D,GAT,1
GCF_059739285.1,Vibrio halioticoli,gyrA_1_Vibrio halioticoli_GCF_059739285.1,1,2637,1442.529296875,220,72,V,D,GAT,1
GCF_059739285.1,Vibrio halioticoli,gyrA_1_Vibrio halioticoli_GCF_059739285.1,1,2637,1442.529296875,220,77,S,Y,TAT,1
GCF_059739285.1,Vibrio halioticoli,gyrA_1_Vibrio halioticoli_GCF_059739285.1,1,2637,1442.529296875,220,80,P,H,CAC,1
GCF_059739285.1,Vibrio halioticoli,gyrA_1_Vibrio halioticoli_GCF_059739285.1,1,2637,1442.529296875,220,80,R,H,CAC,1
GCF_059739285.1,Vibrio halioticoli,gyrA_1_Vibrio halioticoli_GCF_059739285.1,1,2637,1442.529296875,220,81,C,G,GGT,1
GCF_059739285.1,Vibrio halioticoli,gyrA_1_Vibrio halioticoli_GCF_059739285.1,1,2637,1442.529296875,220,81,D,G,GGT,1
GCF_059739285.1,Vibrio halioticoli,gyrA_1_Vibrio halioticoli_GCF_059739285.1,1,2637,1442.529296875,220,82,G,D,GAC,1
GCF_059739285.1,Vibrio halioticoli,gyrA_1_Vibrio halioticoli_GCF_059739285.1,1,2637,1442.529296875,220,82,N,D,GAC,1
GCF_059739285.1,Vibrio halioticoli,gyrA_1_Vibrio halioticoli_GCF_059739285.1,1,2637,1442.529296875,220,82,Y,D,GAC,1
GCF_059739285.1,Vibrio halioticoli,gyrA_1_Vibrio halioticoli_GCF_059739285.1,1,2637,1442.529296875,220,83,A,S,AGT,0
GCF_059739285.1,Vibrio halioticoli,gyrA_1_Vibrio halioticoli_GCF_059739285.1,1,2637,1442.529296875,220,83,F,S,AGT,0
GCF_059739285.1,Vibrio halioticoli,gyrA_1_Vibrio halioticoli_GCF_059739285.1,1,2637,1442.529296875,220,83,I,S,AGT,1
GCF_059739285.1,Vibrio halioticoli,gyrA_1_Vibrio halioticoli_GCF_059739285.1,1,2637,1442.529296875,220,83,K,S,AGT,0
GCF_059739285.1,Vibrio halioticoli,gyrA_1_Vibrio halioticoli_GCF_059739285.1,1,2637,1442.529296875,220,83,L,S,AGT,0
GCF_059739285.1,Vibrio halioticoli,gyrA_1_Vibrio halioticoli_GCF_059739285.1,1,2637,1442.529296875,220,83,M,S,AGT,0
GCF_059739285.1,Vibrio halioticoli,gyrA_1_Vibrio halioticoli_GCF_059739285.1,1,2637,1442.529296875,220,83,R,S,AGT,3
GCF_059739285.1,Vibrio halioticoli,gyrA_1_Vibrio halioticoli_GCF_059739285.1,1,2637,1442.529296875,220,83,S,S,AGT,1
GCF_059739285.1,Vibrio halioticoli,gyrA_1_Vibrio halioticoli_GCF_059739285.1,1,2637,1442.529296875,220,83,V,S,AGT,0
GCF_059739285.1,Vibrio halioticoli,gyrA_1_Vibrio halioticoli_GCF_059739285.1,1,2637,1442.529296875,220,83,W,S,AGT,0
GCF_059739285.1,Vibrio halioticoli,gyrA_1_Vibrio halioticoli_GCF_059739285.1,1,2637,1442.529296875,220,83,Y,S,AGT,0
GCF_059739285.1,Vibrio halioticoli,gyrA_1_Vibrio halioticoli_GCF_059739285.1,1,2637,1442.529296875,220,84,A,A,GCT,3
GCF_059739285.1,Vibrio halioticoli,gyrA_1_Vibrio halioticoli_GCF_059739285.1,1,2637,1442.529296875,220,84,P,A,GCT,1
GCF_059739285.1,Vibrio halioticoli,gyrA_1_Vibrio halioticoli_GCF_059739285.1,1,2637,1442.529296875,220,84,V,A,GCT,1
GCF_059739285.1,Vibrio halioticoli,gyrA_1_Vibrio halioticoli_GCF_059739285.1,1,2637,1442.529296875,220,86,N,Y,TAC,1
GCF_059739285.1,Vibrio halioticoli,gyrA_1_Vibrio halioticoli_GCF_059739285.1,1,2637,1442.529296875,220,86,Y,Y,TAC,1
GCF_059739285.1,Vibrio halioticoli,gyrA_1_Vibrio halioticoli_GCF_059739285.1,1,2637,1442.529296875,220,87,A,D,GAC,1
GCF_059739285.1,Vibrio halioticoli,gyrA_1_Vibrio halioticoli_GCF_059739285.1,1,2637,1442.529296875,220,87,G,D,GAC,1
GCF_059739285.1,Vibrio halioticoli,gyrA_1_Vibrio halioticoli_GCF_059739285.1,1,2637,1442.529296875,220,87,H,D,GAC,1
GCF_059739285.1,Vibrio halioticoli,gyrA_1_Vibrio halioticoli_GCF_059739285.1,1,2637,1442.529296875,220,87,K,D,GAC,0
GCF_059739285.1,Vibrio halioticoli,gyrA_1_Vibrio halioticoli_GCF_059739285.1,1,2637,1442.529296875,220,87,L,D,GAC,0
GCF_059739285.1,Vibrio halioticoli,gyrA_1_Vibrio halioticoli_GCF_059739285.1,1,2637,1442.529296875,220,87,N,D,GAC,1
GCF_059739285.1,Vibrio halioticoli,gyrA_1_Vibrio halioticoli_GCF_059739285.1,1,2637,1442.529296875,220,87,Q,D,GAC,0
GCF_059739285.1,Vibrio halioticoli,gyrA_1_Vibrio halioticoli_GCF_059739285.1,1,2637,1442.529296875,220,87,R,D,GAC,0
GCF_059739285.1,Vibrio halioticoli,gyrA_1_Vibrio halioticoli_GCF_059739285.1,1,2637,1442.529296875,220,87,T,D,GAC,0
GCF_059739285.1,Vibrio halioticoli,gyrA_1_Vibrio halioticoli_GCF_059739285.1,1,2637,1442.529296875,220,87,V,D,GAC,1
GCF_059739285.1,Vibrio halioticoli,gyrA_1_Vibrio halioticoli_GCF_059739285.1,1,2637,1442.529296875,220,87,Y,D,GAC,1
GCF_059739285.1,Vibrio halioticoli,gyrA_1_Vibrio halioticoli_GCF_059739285.1,1,2637,1442.529296875,220,101,S,M,ATG,0
GCF_059739285.1,Vibrio halioticoli,gyrA_1_Vibrio halioticoli_GCF_059739285.1,1,2637,1442.529296875,220,105,D,G,GGC,1
GCF_059739285.1,Vibrio halioticoli,gyrA_1_Vibrio halioticoli_GCF_059739285.1,1,2637,1442.529296875,220,106,H,Q,CAA,2
GCF_059739285.1,Vibrio halioticoli,gyrA_1_Vibrio halioticoli_GCF_059739285.1,1,2637,1442.529296875,220,106,L,Q,CAA,1
GCF_059739285.1,Vibrio halioticoli,gyrA_1_Vibrio halioticoli_GCF_059739285.1,1,2637,1442.529296875,220,106,R,Q,CAA,1
GCF_059739285.1,Vibrio halioticoli,gyrA_1_Vibrio halioticoli_GCF_059739285.1,1,2637,1442.529296875,220,119,S,A,GCA,1
GCF_059739285.1,Vibrio halioticoli,gyrA_1_Vibrio halioticoli_GCF_059739285.1,1,2637,1442.529296875,220,119,T,A,GCA,1
GCF_059739285.1,Vibrio halioticoli,gyrA_1_Vibrio halioticoli_GCF_059739285.1,1,2637,1442.529296875,220,165,A,N,AAC,0
GCF_059739285.1,Vibrio halioticoli,gyrA_1_Vibrio halioticoli_GCF_059739285.1,1,2637,1442.529296875,220,196,E,A,GCC,0
GCF_059739285.1,Vibrio halioticoli,gyrA_1_Vibrio halioticoli_GCF_059739285.1,1,2637,1442.529296875,220,386,D,A,GCA,0
GCF_059739275.1,Vibrio ezurae,gyrA_1_Vibrio ezurae_GCF_059739275.1,1,2649,1431.1365966796875,223,51,V,A,GCG,1
GCF_059739275.1,Vibrio ezurae,gyrA_1_Vibrio ezurae_GCF_059739275.1,1,2649,1431.1365966796875,223,57,K,N,AAT,2
GCF_059739275.1,Vibrio ezurae,gyrA_1_Vibrio ezurae_GCF_059739275.1,1,2649,1431.1365966796875,223,67,S,A,GCG,1
GCF_059739275.1,Vibrio ezurae,gyrA_1_Vibrio ezurae_GCF_059739275.1,1,2649,1431.1365966796875,223,67,T,A,GCG,1
GCF_059739275.1,Vibrio ezurae,gyrA_1_Vibrio ezurae_GCF_059739275.1,1,2649,1431.1365966796875,223,72,G,D,GAT,1
GCF_059739275.1,Vibrio ezurae,gyrA_1_Vibrio ezurae_GCF_059739275.1,1,2649,1431.1365966796875,223,72,V,D,GAT,1
GCF_059739275.1,Vibrio ezurae,gyrA_1_Vibrio ezurae_GCF_059739275.1,1,2649,1431.1365966796875,223,77,S,Y,TAT,1
GCF_059739275.1,Vibrio ezurae,gyrA_1_Vibrio ezurae_GCF_059739275.1,1,2649,1431.1365966796875,223,80,P,H,CAC,1
GCF_059739275.1,Vibrio ezurae,gyrA_1_Vibrio ezurae_GCF_059739275.1,1,2649,1431.1365966796875,223,80,R,H,CAC,1
GCF_059739275.1,Vibrio ezurae,gyrA_1_Vibrio ezurae_GCF_059739275.1,1,2649,1431.1365966796875,223,81,C,G,GGT,1
GCF_059739275.1,Vibrio ezurae,gyrA_1_Vibrio ezurae_GCF_059739275.1,1,2649,1431.1365966796875,223,81,D,G,GGT,1
GCF_059739275.1,Vibrio ezurae,gyrA_1_Vibrio ezurae_GCF_059739275.1,1,2649,1431.1365966796875,223,82,G,D,GAT,1
GCF_059739275.1,Vibrio ezurae,gyrA_1_Vibrio ezurae_GCF_059739275.1,1,2649,1431.1365966796875,223,82,N,D,GAT,1
GCF_059739275.1,Vibrio ezurae,gyrA_1_Vibrio ezurae_GCF_059739275.1,1,2649,1431.1365966796875,223,82,Y,D,GAT,1
GCF_059739275.1,Vibrio ezurae,gyrA_1_Vibrio ezurae_GCF_059739275.1,1,2649,1431.1365966796875,223,83,A,S,AGT,0
GCF_059739275.1,Vibrio ezurae,gyrA_1_Vibrio ezurae_GCF_059739275.1,1,2649,1431.1365966796875,223,83,F,S,AGT,0
GCF_059739275.1,Vibrio ezurae,gyrA_1_Vibrio ezurae_GCF_059739275.1,1,2649,1431.1365966796875,223,83,I,S,AGT,1
GCF_059739275.1,Vibrio ezurae,gyrA_1_Vibrio ezurae_GCF_059739275.1,1,2649,1431.1365966796875,223,83,K,S,AGT,0
GCF_059739275.1,Vibrio ezurae,gyrA_1_Vibrio ezurae_GCF_059739275.1,1,2649,1431.1365966796875,223,83,L,S,AGT,0
GCF_059739275.1,Vibrio ezurae,gyrA_1_Vibrio ezurae_GCF_059739275.1,1,2649,1431.1365966796875,223,83,M,S,AGT,0
GCF_059739275.1,Vibrio ezurae,gyrA_1_Vibrio ezurae_GCF_059739275.1,1,2649,1431.1365966796875,223,83,R,S,AGT,3
GCF_059739275.1,Vibrio ezurae,gyrA_1_Vibrio ezurae_GCF_059739275.1,1,2649,1431.1365966796875,223,83,S,S,AGT,1
GCF_059739275.1,Vibrio ezurae,gyrA_1_Vibrio ezurae_GCF_059739275.1,1,2649,1431.1365966796875,223,83,V,S,AGT,0
GCF_059739275.1,Vibrio ezurae,gyrA_1_Vibrio ezurae_GCF_059739275.1,1,2649,1431.1365966796875,223,83,W,S,AGT,0
GCF_059739275.1,Vibrio ezurae,gyrA_1_Vibrio ezurae_GCF_059739275.1,1,2649,1431.1365966796875,223,83,Y,S,AGT,0
GCF_059739275.1,Vibrio ezurae,gyrA_1_Vibrio ezurae_GCF_059739275.1,1,2649,1431.1365966796875,223,84,A,A,GCT,3
GCF_059739275.1,Vibrio ezurae,gyrA_1_Vibrio ezurae_GCF_059739275.1,1,2649,1431.1365966796875,223,84,P,A,GCT,1
GCF_059739275.1,Vibrio ezurae,gyrA_1_Vibrio ezurae_GCF_059739275.1,1,2649,1431.1365966796875,223,84,V,A,GCT,1
GCF_059739275.1,Vibrio ezurae,gyrA_1_Vibrio ezurae_GCF_059739275.1,1,2649,1431.1365966796875,223,86,N,Y,TAC,1
GCF_059739275.1,Vibrio ezurae,gyrA_1_Vibrio ezurae_GCF_059739275.1,1,2649,1431.1365966796875,223,86,Y,Y,TAC,1
GCF_059739275.1,Vibrio ezurae,gyrA_1_Vibrio ezurae_GCF_059739275.1,1,2649,1431.1365966796875,223,87,A,D,GAT,1
GCF_059739275.1,Vibrio ezurae,gyrA_1_Vibrio ezurae_GCF_059739275.1,1,2649,1431.1365966796875,223,87,G,D,GAT,1
GCF_059739275.1,Vibrio ezurae,gyrA_1_Vibrio ezurae_GCF_059739275.1,1,2649,1431.1365966796875,223,87,H,D,GAT,1
GCF_059739275.1,Vibrio ezurae,gyrA_1_Vibrio ezurae_GCF_059739275.1,1,2649,1431.1365966796875,223,87,K,D,GAT,0
GCF_059739275.1,Vibrio ezurae,gyrA_1_Vibrio ezurae_GCF_059739275.1,1,2649,1431.1365966796875,223,87,L,D,GAT,0
GCF_059739275.1,Vibrio ezurae,gyrA_1_Vibrio ezurae_GCF_059739275.1,1,2649,1431.1365966796875,223,87,N,D,GAT,1
GCF_059739275.1,Vibrio ezurae,gyrA_1_Vibrio ezurae_GCF_059739275.1,1,2649,1431.1365966796875,223,87,Q,D,GAT,0
GCF_059739275.1,Vibrio ezurae,gyrA_1_Vibrio ezurae_GCF_059739275.1,1,2649,1431.1365966796875,223,87,R,D,GAT,0
GCF_059739275.1,Vibrio ezurae,gyrA_1_Vibrio ezurae_GCF_059739275.1,1,2649,1431.1365966796875,223,87,T,D,GAT,0
GCF_059739275.1,Vibrio ezurae,gyrA_1_Vibrio ezurae_GCF_059739275.1,1,2649,1431.1365966796875,223,87,V,D,GAT,1
GCF_059739275.1,Vibrio ezurae,gyrA_1_Vibrio ezurae_GCF_059739275.1,1,2649,1431.1365966796875,223,87,Y,D,GAT,1
GCF_059739275.1,Vibrio ezurae,gyrA_1_Vibrio ezurae_GCF_059739275.1,1,2649,1431.1365966796875,223,101,S,M,ATG,0
GCF_059739275.1,Vibrio ezurae,gyrA_1_Vibrio ezurae_GCF_059739275.1,1,2649,1431.1365966796875,223,105,D,G,GGC,1
GCF_059739275.1,Vibrio ezurae,gyrA_1_Vibrio ezurae_GCF_059739275.1,1,2649,1431.1365966796875,223,106,H,Q,CAA,2
GCF_059739275.1,Vibrio ezurae,gyrA_1_Vibrio ezurae_GCF_059739275.1,1,2649,1431.1365966796875,223,106,L,Q,CAA,1
GCF_059739275.1,Vibrio ezurae,gyrA_1_Vibrio ezurae_GCF_059739275.1,1,2649,1431.1365966796875,223,106,R,Q,CAA,1
GCF_059739275.1,Vibrio ezurae,gyrA_1_Vibrio ezurae_GCF_059739275.1,1,2649,1431.1365966796875,223,119,S,A,GCA,1
GCF_059739275.1,Vibrio ezurae,gyrA_1_Vibrio ezurae_GCF_059739275.1,1,2649,1431.1365966796875,223,119,T,A,GCA,1
GCF_059739275.1,Vibrio ezurae,gyrA_1_Vibrio ezurae_GCF_059739275.1,1,2649,1431.1365966796875,223,165,A,N,AAC,0
GCF_059739275.1,Vibrio ezurae,gyrA_1_Vibrio ezurae_GCF_059739275.1,1,2649,1431.1365966796875,223,196,E,A,GCC,0
GCF_059739275.1,Vibrio ezurae,gyrA_1_Vibrio ezurae_GCF_059739275.1,1,2649,1431.1365966796875,223,386,D,A,GCA,0
GCF_059739265.1,Vibrio superstes,gyrA_1_Vibrio superstes_GCF_059739265.1,1,2640,1391.7738037109375,225,51,V,A,GCG,1
GCF_059739265.1,Vibrio superstes,gyrA_1_Vibrio superstes_GCF_059739265.1,1,2640,1391.7738037109375,225,57,K,N,AAC,2
GCF_059739265.1,Vibrio superstes,gyrA_1_Vibrio superstes_GCF_059739265.1,1,2640,1391.7738037109375,225,67,S,A,GCG,1
GCF_059739265.1,Vibrio superstes,gyrA_1_Vibrio superstes_GCF_059739265.1,1,2640,1391.7738037109375,225,67,T,A,GCG,1
GCF_059739265.1,Vibrio superstes,gyrA_1_Vibrio superstes_GCF_059739265.1,1,2640,1391.7738037109375,225,72,G,D,GAT,1
GCF_059739265.1,Vibrio superstes,gyrA_1_Vibrio superstes_GCF_059739265.1,1,2640,1391.7738037109375,225,72,V,D,GAT,1
GCF_059739265.1,Vibrio superstes,gyrA_1_Vibrio superstes_GCF_059739265.1,1,2640,1391.7738037109375,225,77,S,Y,TAT,1
GCF_059739265.1,Vibrio superstes,gyrA_1_Vibrio superstes_GCF_059739265.1,1,2640,1391.7738037109375,225,80,P,H,CAC,1
GCF_059739265.1,Vibrio superstes,gyrA_1_Vibrio superstes_GCF_059739265.1,1,2640,1391.7738037109375,225,80,R,H,CAC,1
GCF_059739265.1,Vibrio superstes,gyrA_1_Vibrio superstes_GCF_059739265.1,1,2640,1391.7738037109375,225,81,C,G,GGT,1
GCF_059739265.1,Vibrio superstes,gyrA_1_Vibrio superstes_GCF_059739265.1,1,2640,1391.7738037109375,225,81,D,G,GGT,1
GCF_059739265.1,Vibrio superstes,gyrA_1_Vibrio superstes_GCF_059739265.1,1,2640,1391.7738037109375,225,82,G,D,GAT,1
GCF_059739265.1,Vibrio superstes,gyrA_1_Vibrio superstes_GCF_059739265.1,1,2640,1391.7738037109375,225,82,N,D,GAT,1
GCF_059739265.1,Vibrio superstes,gyrA_1_Vibrio superstes_GCF_059739265.1,1,2640,1391.7738037109375,225,82,Y,D,GAT,1
GCF_059739265.1,Vibrio superstes,gyrA_1_Vibrio superstes_GCF_059739265.1,1,2640,1391.7738037109375,225,83,A,S,AGC,0
GCF_059739265.1,Vibrio superstes,gyrA_1_Vibrio superstes_GCF_059739265.1,1,2640,1391.7738037109375,225,83,F,S,AGC,0
GCF_059739265.1,Vibrio superstes,gyrA_1_Vibrio superstes_GCF_059739265.1,1,2640,1391.7738037109375,225,83,I,S,AGC,1
GCF_059739265.1,Vibrio superstes,gyrA_1_Vibrio superstes_GCF_059739265.1,1,2640,1391.7738037109375,225,83,K,S,AGC,0
GCF_059739265.1,Vibrio superstes,gyrA_1_Vibrio superstes_GCF_059739265.1,1,2640,1391.7738037109375,225,83,L,S,AGC,0
GCF_059739265.1,Vibrio superstes,gyrA_1_Vibrio superstes_GCF_059739265.1,1,2640,1391.7738037109375,225,83,M,S,AGC,0
GCF_059739265.1,Vibrio superstes,gyrA_1_Vibrio superstes_GCF_059739265.1,1,2640,1391.7738037109375,225,83,R,S,AGC,3
GCF_059739265.1,Vibrio superstes,gyrA_1_Vibrio superstes_GCF_059739265.1,1,2640,1391.7738037109375,225,83,S,S,AGC,1
GCF_059739265.1,Vibrio superstes,gyrA_1_Vibrio superstes_GCF_059739265.1,1,2640,1391.7738037109375,225,83,V,S,AGC,0
GCF_059739265.1,Vibrio superstes,gyrA_1_Vibrio superstes_GCF_059739265.1,1,2640,1391.7738037109375,225,83,W,S,AGC,0
GCF_059739265.1,Vibrio superstes,gyrA_1_Vibrio superstes_GCF_059739265.1,1,2640,1391.7738037109375,225,83,Y,S,AGC,0
GCF_059739265.1,Vibrio superstes,gyrA_1_Vibrio superstes_GCF_059739265.1,1,2640,1391.7738037109375,225,84,A,A,GCG,3
GCF_059739265.1,Vibrio superstes,gyrA_1_Vibrio superstes_GCF_059739265.1,1,2640,1391.7738037109375,225,84,P,A,GCG,1
GCF_059739265.1,Vibrio superstes,gyrA_1_Vibrio superstes_GCF_059739265.1,1,2640,1391.7738037109375,225,84,V,A,GCG,1
GCF_059739265.1,Vibrio superstes,gyrA_1_Vibrio superstes_GCF_059739265.1,1,2640,1391.7738037109375,225,86,N,Y,TAT,1
GCF_059739265.1,Vibrio superstes,gyrA_1_Vibrio superstes_GCF_059739265.1,1,2640,1391.7738037109375,225,86,Y,Y,TAT,1
GCF_059739265.1,Vibrio superstes,gyrA_1_Vibrio superstes_GCF_059739265.1,1,2640,1391.7738037109375,225,87,A,D,GAC,1
GCF_059739265.1,Vibrio superstes,gyrA_1_Vibrio superstes_GCF_059739265.1,1,2640,1391.7738037109375,225,87,G,D,GAC,1
GCF_059739265.1,Vibrio superstes,gyrA_1_Vibrio superstes_GCF_059739265.1,1,2640,1391.7738037109375,225,87,H,D,GAC,1
GCF_059739265.1,Vibrio superstes,gyrA_1_Vibrio superstes_GCF_059739265.1,1,2640,1391.7738037109375,225,87,K,D,GAC,0
GCF_059739265.1,Vibrio superstes,gyrA_1_Vibrio superstes_GCF_059739265.1,1,2640,1391.7738037109375,225,87,L,D,GAC,0
GCF_059739265.1,Vibrio superstes,gyrA_1_Vibrio superstes_GCF_059739265.1,1,2640,1391.7738037109375,225,87,N,D,GAC,1
GCF_059739265.1,Vibrio superstes,gyrA_1_Vibrio superstes_GCF_059739265.1,1,2640,1391.7738037109375,225,87,Q,D,GAC,0
GCF_059739265.1,Vibrio superstes,gyrA_1_Vibrio superstes_GCF_059739265.1,1,2640,1391.7738037109375,225,87,R,D,GAC,0
GCF_059739265.1,Vibrio superstes,gyrA_1_Vibrio superstes_GCF_059739265.1,1,2640,1391.7738037109375,225,87,T,D,GAC,0
GCF_059739265.1,Vibrio superstes,gyrA_1_Vibrio superstes_GCF_059739265.1,1,2640,1391.7738037109375,225,87,V,D,GAC,1
GCF_059739265.1,Vibrio superstes,gyrA_1_Vibrio superstes_GCF_059739265.1,1,2640,1391.7738037109375,225,87,Y,D,GAC,1
GCF_059739265.1,Vibrio superstes,gyrA_1_Vibrio superstes_GCF_059739265.1,1,2640,1391.7738037109375,225,101,S,M,ATG,0
GCF_059739265.1,Vibrio superstes,gyrA_1_Vibrio superstes_GCF_059739265.1,1,2640,1391.7738037109375,225,105,D,G,GGC,1
GCF_059739265.1,Vibrio superstes,gyrA_1_Vibrio superstes_GCF_059739265.1,1,2640,1391.7738037109375,225,106,H,Q,CAG,2
GCF_059739265.1,Vibrio superstes,gyrA_1_Vibrio superstes_GCF_059739265.1,1,2640,1391.7738037109375,225,106,L,Q,CAG,1
GCF_059739265.1,Vibrio superstes,gyrA_1_Vibrio superstes_GCF_059739265.1,1,2640,1391.7738037109375,225,106,R,Q,CAG,1
GCF_059739265.1,Vibrio superstes,gyrA_1_Vibrio superstes_GCF_059739265.1,1,2640,1391.7738037109375,225,119,S,A,GCA,1
GCF_059739265.1,Vibrio superstes,gyrA_1_Vibrio superstes_GCF_059739265.1,1,2640,1391.7738037109375,225,119,T,A,GCA,1
GCF_059739265.1,Vibrio superstes,gyrA_1_Vibrio superstes_GCF_059739265.1,1,2640,1391.7738037109375,225,165,A,N,AAC,0
GCF_059739265.1,Vibrio superstes,gyrA_1_Vibrio superstes_GCF_059739265.1,1,2640,1391.7738037109375,225,196,E,A,GCG,1
GCF_059739265.1,Vibrio superstes,gyrA_1_Vibrio superstes_GCF_059739265.1,1,2640,1391.7738037109375,225,386,D,A,GCA,0
GCF_059739045.1,Azotobacter tropicalis,gyrA_1_Azotobacter tropicalis_GCF_059739045.1,1,2805,489.0771484375,334,51,V,A,GCC,1
GCF_059739045.1,Azotobacter tropicalis,gyrA_1_Azotobacter tropicalis_GCF_059739045.1,1,2805,489.0771484375,334,57,K,N,AAC,2
GCF_059739045.1,Azotobacter tropicalis,gyrA_1_Azotobacter tropicalis_GCF_059739045.1,1,2805,489.0771484375,334,67,S,A,GCC,1
GCF_059739045.1,Azotobacter tropicalis,gyrA_1_Azotobacter tropicalis_GCF_059739045.1,1,2805,489.0771484375,334,67,T,A,GCC,1
GCF_059739045.1,Azotobacter tropicalis,gyrA_1_Azotobacter tropicalis_GCF_059739045.1,1,2805,489.0771484375,334,72,G,D,GAT,1
GCF_059739045.1,Azotobacter tropicalis,gyrA_1_Azotobacter tropicalis_GCF_059739045.1,1,2805,489.0771484375,334,72,V,D,GAT,1
GCF_059739045.1,Azotobacter tropicalis,gyrA_1_Azotobacter tropicalis_GCF_059739045.1,1,2805,489.0771484375,334,77,S,Y,TAC,1
GCF_059739045.1,Azotobacter tropicalis,gyrA_1_Azotobacter tropicalis_GCF_059739045.1,1,2805,489.0771484375,334,80,P,H,CAC,1
GCF_059739045.1,Azotobacter tropicalis,gyrA_1_Azotobacter tropicalis_GCF_059739045.1,1,2805,489.0771484375,334,80,R,H,CAC,1
GCF_059739045.1,Azotobacter tropicalis,gyrA_1_Azotobacter tropicalis_GCF_059739045.1,1,2805,489.0771484375,334,81,C,G,GGC,1
GCF_059739045.1,Azotobacter tropicalis,gyrA_1_Azotobacter tropicalis_GCF_059739045.1,1,2805,489.0771484375,334,81,D,G,GGC,1
GCF_059739045.1,Azotobacter tropicalis,gyrA_1_Azotobacter tropicalis_GCF_059739045.1,1,2805,489.0771484375,334,82,G,D,GAT,1
GCF_059739045.1,Azotobacter tropicalis,gyrA_1_Azotobacter tropicalis_GCF_059739045.1,1,2805,489.0771484375,334,82,N,D,GAT,1
GCF_059739045.1,Azotobacter tropicalis,gyrA_1_Azotobacter tropicalis_GCF_059739045.1,1,2805,489.0771484375,334,82,Y,D,GAT,1
GCF_059739045.1,Azotobacter tropicalis,gyrA_1_Azotobacter tropicalis_GCF_059739045.1,1,2805,489.0771484375,334,83,A,T,ACC,1
GCF_059739045.1,Azotobacter tropicalis,gyrA_1_Azotobacter tropicalis_GCF_059739045.1,1,2805,489.0771484375,334,83,F,T,ACC,0
GCF_059739045.1,Azotobacter tropicalis,gyrA_1_Azotobacter tropicalis_GCF_059739045.1,1,2805,489.0771484375,334,83,I,T,ACC,1
GCF_059739045.1,Azotobacter tropicalis,gyrA_1_Azotobacter tropicalis_GCF_059739045.1,1,2805,489.0771484375,334,83,K,T,ACC,0
GCF_059739045.1,Azotobacter tropicalis,gyrA_1_Azotobacter tropicalis_GCF_059739045.1,1,2805,489.0771484375,334,83,L,T,ACC,0
GCF_059739045.1,Azotobacter tropicalis,gyrA_1_Azotobacter tropicalis_GCF_059739045.1,1,2805,489.0771484375,334,83,M,T,ACC,0
GCF_059739045.1,Azotobacter tropicalis,gyrA_1_Azotobacter tropicalis_GCF_059739045.1,1,2805,489.0771484375,334,83,R,T,ACC,0
GCF_059739045.1,Azotobacter tropicalis,gyrA_1_Azotobacter tropicalis_GCF_059739045.1,1,2805,489.0771484375,334,83,S,T,ACC,2
GCF_059739045.1,Azotobacter tropicalis,gyrA_1_Azotobacter tropicalis_GCF_059739045.1,1,2805,489.0771484375,334,83,V,T,ACC,0
GCF_059739045.1,Azotobacter tropicalis,gyrA_1_Azotobacter tropicalis_GCF_059739045.1,1,2805,489.0771484375,334,83,W,T,ACC,0
GCF_059739045.1,Azotobacter tropicalis,gyrA_1_Azotobacter tropicalis_GCF_059739045.1,1,2805,489.0771484375,334,83,Y,T,ACC,0
GCF_059739045.1,Azotobacter tropicalis,gyrA_1_Azotobacter tropicalis_GCF_059739045.1,1,2805,489.0771484375,334,84,A,A,GCG,3
GCF_059739045.1,Azotobacter tropicalis,gyrA_1_Azotobacter tropicalis_GCF_059739045.1,1,2805,489.0771484375,334,84,P,A,GCG,1
GCF_059739045.1,Azotobacter tropicalis,gyrA_1_Azotobacter tropicalis_GCF_059739045.1,1,2805,489.0771484375,334,84,V,A,GCG,1
GCF_059739045.1,Azotobacter tropicalis,gyrA_1_Azotobacter tropicalis_GCF_059739045.1,1,2805,489.0771484375,334,86,N,Y,TAC,1
GCF_059739045.1,Azotobacter tropicalis,gyrA_1_Azotobacter tropicalis_GCF_059739045.1,1,2805,489.0771484375,334,86,Y,Y,TAC,1
GCF_059739045.1,Azotobacter tropicalis,gyrA_1_Azotobacter tropicalis_GCF_059739045.1,1,2805,489.0771484375,334,87,A,D,GAC,1
GCF_059739045.1,Azotobacter tropicalis,gyrA_1_Azotobacter tropicalis_GCF_059739045.1,1,2805,489.0771484375,334,87,G,D,GAC,1
GCF_059739045.1,Azotobacter tropicalis,gyrA_1_Azotobacter tropicalis_GCF_059739045.1,1,2805,489.0771484375,334,87,H,D,GAC,1
GCF_059739045.1,Azotobacter tropicalis,gyrA_1_Azotobacter tropicalis_GCF_059739045.1,1,2805,489.0771484375,334,87,K,D,GAC,0
GCF_059739045.1,Azotobacter tropicalis,gyrA_1_Azotobacter tropicalis_GCF_059739045.1,1,2805,489.0771484375,334,87,L,D,GAC,0
GCF_059739045.1,Azotobacter tropicalis,gyrA_1_Azotobacter tropicalis_GCF_059739045.1,1,2805,489.0771484375,334,87,N,D,GAC,1
GCF_059739045.1,Azotobacter tropicalis,gyrA_1_Azotobacter tropicalis_GCF_059739045.1,1,2805,489.0771484375,334,87,Q,D,GAC,0
GCF_059739045.1,Azotobacter tropicalis,gyrA_1_Azotobacter tropicalis_GCF_059739045.1,1,2805,489.0771484375,334,87,R,D,GAC,0
GCF_059739045.1,Azotobacter tropicalis,gyrA_1_Azotobacter tropicalis_GCF_059739045.1,1,2805,489.0771484375,334,87,T,D,GAC,0
GCF_059739045.1,Azotobacter tropicalis,gyrA_1_Azotobacter tropicalis_GCF_059739045.1,1,2805,489.0771484375,334,87,V,D,GAC,1
GCF_059739045.1,Azotobacter tropicalis,gyrA_1_Azotobacter tropicalis_GCF_059739045.1,1,2805,489.0771484375,334,87,Y,D,GAC,1
GCF_059739045.1,Azotobacter tropicalis,gyrA_1_Azotobacter tropicalis_GCF_059739045.1,1,2805,489.0771484375,334,101,S,L,CTG,0
GCF_059739045.1,Azotobacter tropicalis,gyrA_1_Azotobacter tropicalis_GCF_059739045.1,1,2805,489.0771484375,334,105,D,G,GGC,1
GCF_059739045.1,Azotobacter tropicalis,gyrA_1_Azotobacter tropicalis_GCF_059739045.1,1,2805,489.0771484375,334,106,H,Q,CAG,2
GCF_059739045.1,Azotobacter tropicalis,gyrA_1_Azotobacter tropicalis_GCF_059739045.1,1,2805,489.0771484375,334,106,L,Q,CAG,1
GCF_059739045.1,Azotobacter tropicalis,gyrA_1_Azotobacter tropicalis_GCF_059739045.1,1,2805,489.0771484375,334,106,R,Q,CAG,1
GCF_059739045.1,Azotobacter tropicalis,gyrA_1_Azotobacter tropicalis_GCF_059739045.1,1,2805,489.0771484375,334,119,S,A,GCG,1
GCF_059739045.1,Azotobacter tropicalis,gyrA_1_Azotobacter tropicalis_GCF_059739045.1,1,2805,489.0771484375,334,119,T,A,GCG,1
GCF_059739045.1,Azotobacter tropicalis,gyrA_1_Azotobacter tropicalis_GCF_059739045.1,1,2805,489.0771484375,334,165,A,N,AAC,0
GCF_059739045.1,Azotobacter tropicalis,gyrA_1_Azotobacter tropicalis_GCF_059739045.1,1,2805,489.0771484375,334,196,E,A,GCG,1
GCF_059739045.1,Azotobacter tropicalis,gyrA_1_Azotobacter tropicalis_GCF_059739045.1,1,2805,489.0771484375,334,386,D,A,GCC,1
GCF_059738785.1,Streptococcus nakanonensis,gyrA_1_Streptococcus nakanonensis_GCF_059738785.1,1,2469,-1032.977294921875,451,51,V,G,GGA,1
GCF_059738785.1,Streptococcus nakanonensis,gyrA_1_Streptococcus nakanonensis_GCF_059738785.1,1,2469,-1032.977294921875,451,57,K,V,GTT,0
GCF_059738785.1,Streptococcus nakanonensis,gyrA_1_Streptococcus nakanonensis_GCF_059738785.1,1,2469,-1032.977294921875,451,67,S,A,GCT,1
GCF_059738785.1,Streptococcus nakanonensis,gyrA_1_Streptococcus nakanonensis_GCF_059738785.1,1,2469,-1032.977294921875,451,67,T,A,GCT,1
GCF_059738785.1,Streptococcus nakanonensis,gyrA_1_Streptococcus nakanonensis_GCF_059738785.1,1,2469,-1032.977294921875,451,72,G,D,GAC,1
GCF_059738785.1,Streptococcus nakanonensis,gyrA_1_Streptococcus nakanonensis_GCF_059738785.1,1,2469,-1032.977294921875,451,72,V,D,GAC,1
GCF_059738785.1,Streptococcus nakanonensis,gyrA_1_Streptococcus nakanonensis_GCF_059738785.1,1,2469,-1032.977294921875,451,77,S,Y,TAC,1
GCF_059738785.1,Streptococcus nakanonensis,gyrA_1_Streptococcus nakanonensis_GCF_059738785.1,1,2469,-1032.977294921875,451,80,P,H,CAC,1
GCF_059738785.1,Streptococcus nakanonensis,gyrA_1_Streptococcus nakanonensis_GCF_059738785.1,1,2469,-1032.977294921875,451,80,R,H,CAC,1
GCF_059738785.1,Streptococcus nakanonensis,gyrA_1_Streptococcus nakanonensis_GCF_059738785.1,1,2469,-1032.977294921875,451,81,C,G,GGG,0
GCF_059738785.1,Streptococcus nakanonensis,gyrA_1_Streptococcus nakanonensis_GCF_059738785.1,1,2469,-1032.977294921875,451,81,D,G,GGG,0
GCF_059738785.1,Streptococcus nakanonensis,gyrA_1_Streptococcus nakanonensis_GCF_059738785.1,1,2469,-1032.977294921875,451,82,G,D,GAT,1
GCF_059738785.1,Streptococcus nakanonensis,gyrA_1_Streptococcus nakanonensis_GCF_059738785.1,1,2469,-1032.977294921875,451,82,N,D,GAT,1
GCF_059738785.1,Streptococcus nakanonensis,gyrA_1_Streptococcus nakanonensis_GCF_059738785.1,1,2469,-1032.977294921875,451,82,Y,D,GAT,1
GCF_059738785.1,Streptococcus nakanonensis,gyrA_1_Streptococcus nakanonensis_GCF_059738785.1,1,2469,-1032.977294921875,451,83,A,F,TTC,0
GCF_059738785.1,Streptococcus nakanonensis,gyrA_1_Streptococcus nakanonensis_GCF_059738785.1,1,2469,-1032.977294921875,451,83,F,F,TTC,1
GCF_059738785.1,Streptococcus nakanonensis,gyrA_1_Streptococcus nakanonensis_GCF_059738785.1,1,2469,-1032.977294921875,451,83,I,F,TTC,1
GCF_059738785.1,Streptococcus nakanonensis,gyrA_1_Streptococcus nakanonensis_GCF_059738785.1,1,2469,-1032.977294921875,451,83,K,F,TTC,0
GCF_059738785.1,Streptococcus nakanonensis,gyrA_1_Streptococcus nakanonensis_GCF_059738785.1,1,2469,-1032.977294921875,451,83,L,F,TTC,3
GCF_059738785.1,Streptococcus nakanonensis,gyrA_1_Streptococcus nakanonensis_GCF_059738785.1,1,2469,-1032.977294921875,451,83,M,F,TTC,0
GCF_059738785.1,Streptococcus nakanonensis,gyrA_1_Streptococcus nakanonensis_GCF_059738785.1,1,2469,-1032.977294921875,451,83,R,F,TTC,0
GCF_059738785.1,Streptococcus nakanonensis,gyrA_1_Streptococcus nakanonensis_GCF_059738785.1,1,2469,-1032.977294921875,451,83,S,F,TTC,1
GCF_059738785.1,Streptococcus nakanonensis,gyrA_1_Streptococcus nakanonensis_GCF_059738785.1,1,2469,-1032.977294921875,451,83,V,F,TTC,1
GCF_059738785.1,Streptococcus nakanonensis,gyrA_1_Streptococcus nakanonensis_GCF_059738785.1,1,2469,-1032.977294921875,451,83,W,F,TTC,0
GCF_059738785.1,Streptococcus nakanonensis,gyrA_1_Streptococcus nakanonensis_GCF_059738785.1,1,2469,-1032.977294921875,451,83,Y,F,TTC,1
GCF_059738785.1,Streptococcus nakanonensis,gyrA_1_Streptococcus nakanonensis_GCF_059738785.1,1,2469,-1032.977294921875,451,84,A,S,TCT,1
GCF_059738785.1,Streptococcus nakanonensis,gyrA_1_Streptococcus nakanonensis_GCF_059738785.1,1,2469,-1032.977294921875,451,84,P,S,TCT,1
GCF_059738785.1,Streptococcus nakanonensis,gyrA_1_Streptococcus nakanonensis_GCF_059738785.1,1,2469,-1032.977294921875,451,84,V,S,TCT,0
GCF_059738785.1,Streptococcus nakanonensis,gyrA_1_Streptococcus nakanonensis_GCF_059738785.1,1,2469,-1032.977294921875,451,86,N,Y,TAT,1
GCF_059738785.1,Streptococcus nakanonensis,gyrA_1_Streptococcus nakanonensis_GCF_059738785.1,1,2469,-1032.977294921875,451,86,Y,Y,TAT,1
GCF_059738785.1,Streptococcus nakanonensis,gyrA_1_Streptococcus nakanonensis_GCF_059738785.1,1,2469,-1032.977294921875,451,87,A,E,GAA,1
GCF_059738785.1,Streptococcus nakanonensis,gyrA_1_Streptococcus nakanonensis_GCF_059738785.1,1,2469,-1032.977294921875,451,87,G,E,GAA,1
GCF_059738785.1,Streptococcus nakanonensis,gyrA_1_Streptococcus nakanonensis_GCF_059738785.1,1,2469,-1032.977294921875,451,87,H,E,GAA,0
GCF_059738785.1,Streptococcus nakanonensis,gyrA_1_Streptococcus nakanonensis_GCF_059738785.1,1,2469,-1032.977294921875,451,87,K,E,GAA,1
GCF_059738785.1,Streptococcus nakanonensis,gyrA_1_Streptococcus nakanonensis_GCF_059738785.1,1,2469,-1032.977294921875,451,87,L,E,GAA,0
GCF_059738785.1,Streptococcus nakanonensis,gyrA_1_Streptococcus nakanonensis_GCF_059738785.1,1,2469,-1032.977294921875,451,87,N,E,GAA,0
GCF_059738785.1,Streptococcus nakanonensis,gyrA_1_Streptococcus nakanonensis_GCF_059738785.1,1,2469,-1032.977294921875,451,87,Q,E,GAA,1
GCF_059738785.1,Streptococcus nakanonensis,gyrA_1_Streptococcus nakanonensis_GCF_059738785.1,1,2469,-1032.977294921875,451,87,R,E,GAA,0
GCF_059738785.1,Streptococcus nakanonensis,gyrA_1_Streptococcus nakanonensis_GCF_059738785.1,1,2469,-1032.977294921875,451,87,T,E,GAA,0
GCF_059738785.1,Streptococcus nakanonensis,gyrA_1_Streptococcus nakanonensis_GCF_059738785.1,1,2469,-1032.977294921875,451,87,V,E,GAA,1
GCF_059738785.1,Streptococcus nakanonensis,gyrA_1_Streptococcus nakanonensis_GCF_059738785.1,1,2469,-1032.977294921875,451,87,Y,E,GAA,0
GCF_059738785.1,Streptococcus nakanonensis,gyrA_1_Streptococcus nakanonensis_GCF_059738785.1,1,2469,-1032.977294921875,451,101,S,M,ATG,0
GCF_059738785.1,Streptococcus nakanonensis,gyrA_1_Streptococcus nakanonensis_GCF_059738785.1,1,2469,-1032.977294921875,451,105,D,G,GGG,0
GCF_059738785.1,Streptococcus nakanonensis,gyrA_1_Streptococcus nakanonensis_GCF_059738785.1,1,2469,-1032.977294921875,451,106,H,H,CAT,1
GCF_059738785.1,Streptococcus nakanonensis,gyrA_1_Streptococcus nakanonensis_GCF_059738785.1,1,2469,-1032.977294921875,451,106,L,H,CAT,1
GCF_059738785.1,Streptococcus nakanonensis,gyrA_1_Streptococcus nakanonensis_GCF_059738785.1,1,2469,-1032.977294921875,451,106,R,H,CAT,1
GCF_059738785.1,Streptococcus nakanonensis,gyrA_1_Streptococcus nakanonensis_GCF_059738785.1,1,2469,-1032.977294921875,451,119,S,A,GCC,1
GCF_059738785.1,Streptococcus nakanonensis,gyrA_1_Streptococcus nakanonensis_GCF_059738785.1,1,2469,-1032.977294921875,451,119,T,A,GCC,1
GCF_059738785.1,Streptococcus nakanonensis,gyrA_1_Streptococcus nakanonensis_GCF_059738785.1,1,2469,-1032.977294921875,451,165,A,N,AAT,0
GCF_059738785.1,Streptococcus nakanonensis,gyrA_1_Streptococcus nakanonensis_GCF_059738785.1,1,2469,-1032.977294921875,451,196,E,L,TTG,0
GCF_059738785.1,Streptococcus nakanonensis,gyrA_1_Streptococcus nakanonensis_GCF_059738785.1,1,2469,-1032.977294921875,451,386,D,A,GCG,0
GCF_059738645.1,Candidatus Rickettsia mendelii,gyrA_1_Candidatus Rickettsia mendelii_GCF_059738645.1,1,2709,-1013.34375,474,51,V,S,TCA,0
GCF_059738645.1,Candidatus Rickettsia mendelii,gyrA_1_Candidatus Rickettsia mendelii_GCF_059738645.1,1,2709,-1013.34375,474,57,K,N,AAC,2
GCF_059738645.1,Candidatus Rickettsia mendelii,gyrA_1_Candidatus Rickettsia mendelii_GCF_059738645.1,1,2709,-1013.34375,474,67,S,A,GCT,1
GCF_059738645.1,Candidatus Rickettsia mendelii,gyrA_1_Candidatus Rickettsia mendelii_GCF_059738645.1,1,2709,-1013.34375,474,67,T,A,GCT,1
GCF_059738645.1,Candidatus Rickettsia mendelii,gyrA_1_Candidatus Rickettsia mendelii_GCF_059738645.1,1,2709,-1013.34375,474,72,G,D,GAC,1
GCF_059738645.1,Candidatus Rickettsia mendelii,gyrA_1_Candidatus Rickettsia mendelii_GCF_059738645.1,1,2709,-1013.34375,474,72,V,D,GAC,1
GCF_059738645.1,Candidatus Rickettsia mendelii,gyrA_1_Candidatus Rickettsia mendelii_GCF_059738645.1,1,2709,-1013.34375,474,77,S,Y,TAC,1
GCF_059738645.1,Candidatus Rickettsia mendelii,gyrA_1_Candidatus Rickettsia mendelii_GCF_059738645.1,1,2709,-1013.34375,474,80,P,H,CAT,1
GCF_059738645.1,Candidatus Rickettsia mendelii,gyrA_1_Candidatus Rickettsia mendelii_GCF_059738645.1,1,2709,-1013.34375,474,80,R,H,CAT,1
GCF_059738645.1,Candidatus Rickettsia mendelii,gyrA_1_Candidatus Rickettsia mendelii_GCF_059738645.1,1,2709,-1013.34375,474,81,C,G,GGG,0
GCF_059738645.1,Candidatus Rickettsia mendelii,gyrA_1_Candidatus Rickettsia mendelii_GCF_059738645.1,1,2709,-1013.34375,474,81,D,G,GGG,0
GCF_059738645.1,Candidatus Rickettsia mendelii,gyrA_1_Candidatus Rickettsia mendelii_GCF_059738645.1,1,2709,-1013.34375,474,82,G,D,GAT,1
GCF_059738645.1,Candidatus Rickettsia mendelii,gyrA_1_Candidatus Rickettsia mendelii_GCF_059738645.1,1,2709,-1013.34375,474,82,N,D,GAT,1
GCF_059738645.1,Candidatus Rickettsia mendelii,gyrA_1_Candidatus Rickettsia mendelii_GCF_059738645.1,1,2709,-1013.34375,474,82,Y,D,GAT,1
GCF_059738645.1,Candidatus Rickettsia mendelii,gyrA_1_Candidatus Rickettsia mendelii_GCF_059738645.1,1,2709,-1013.34375,474,83,A,S,AGT,0
GCF_059738645.1,Candidatus Rickettsia mendelii,gyrA_1_Candidatus Rickettsia mendelii_GCF_059738645.1,1,2709,-1013.34375,474,83,F,S,AGT,0
GCF_059738645.1,Candidatus Rickettsia mendelii,gyrA_1_Candidatus Rickettsia mendelii_GCF_059738645.1,1,2709,-1013.34375,474,83,I,S,AGT,1
GCF_059738645.1,Candidatus Rickettsia mendelii,gyrA_1_Candidatus Rickettsia mendelii_GCF_059738645.1,1,2709,-1013.34375,474,83,K,S,AGT,0
GCF_059738645.1,Candidatus Rickettsia mendelii,gyrA_1_Candidatus Rickettsia mendelii_GCF_059738645.1,1,2709,-1013.34375,474,83,L,S,AGT,0
GCF_059738645.1,Candidatus Rickettsia mendelii,gyrA_1_Candidatus Rickettsia mendelii_GCF_059738645.1,1,2709,-1013.34375,474,83,M,S,AGT,0
GCF_059738645.1,Candidatus Rickettsia mendelii,gyrA_1_Candidatus Rickettsia mendelii_GCF_059738645.1,1,2709,-1013.34375,474,83,R,S,AGT,3
GCF_059738645.1,Candidatus Rickettsia mendelii,gyrA_1_Candidatus Rickettsia mendelii_GCF_059738645.1,1,2709,-1013.34375,474,83,S,S,AGT,1
GCF_059738645.1,Candidatus Rickettsia mendelii,gyrA_1_Candidatus Rickettsia mendelii_GCF_059738645.1,1,2709,-1013.34375,474,83,V,S,AGT,0
GCF_059738645.1,Candidatus Rickettsia mendelii,gyrA_1_Candidatus Rickettsia mendelii_GCF_059738645.1,1,2709,-1013.34375,474,83,W,S,AGT,0
GCF_059738645.1,Candidatus Rickettsia mendelii,gyrA_1_Candidatus Rickettsia mendelii_GCF_059738645.1,1,2709,-1013.34375,474,83,Y,S,AGT,0
GCF_059738645.1,Candidatus Rickettsia mendelii,gyrA_1_Candidatus Rickettsia mendelii_GCF_059738645.1,1,2709,-1013.34375,474,84,A,A,GCT,3
GCF_059738645.1,Candidatus Rickettsia mendelii,gyrA_1_Candidatus Rickettsia mendelii_GCF_059738645.1,1,2709,-1013.34375,474,84,P,A,GCT,1
GCF_059738645.1,Candidatus Rickettsia mendelii,gyrA_1_Candidatus Rickettsia mendelii_GCF_059738645.1,1,2709,-1013.34375,474,84,V,A,GCT,1
GCF_059738645.1,Candidatus Rickettsia mendelii,gyrA_1_Candidatus Rickettsia mendelii_GCF_059738645.1,1,2709,-1013.34375,474,86,N,Y,TAC,1
GCF_059738645.1,Candidatus Rickettsia mendelii,gyrA_1_Candidatus Rickettsia mendelii_GCF_059738645.1,1,2709,-1013.34375,474,86,Y,Y,TAC,1
GCF_059738645.1,Candidatus Rickettsia mendelii,gyrA_1_Candidatus Rickettsia mendelii_GCF_059738645.1,1,2709,-1013.34375,474,87,A,D,GAT,1
GCF_059738645.1,Candidatus Rickettsia mendelii,gyrA_1_Candidatus Rickettsia mendelii_GCF_059738645.1,1,2709,-1013.34375,474,87,G,D,GAT,1
GCF_059738645.1,Candidatus Rickettsia mendelii,gyrA_1_Candidatus Rickettsia mendelii_GCF_059738645.1,1,2709,-1013.34375,474,87,H,D,GAT,1
GCF_059738645.1,Candidatus Rickettsia mendelii,gyrA_1_Candidatus Rickettsia mendelii_GCF_059738645.1,1,2709,-1013.34375,474,87,K,D,GAT,0
GCF_059738645.1,Candidatus Rickettsia mendelii,gyrA_1_Candidatus Rickettsia mendelii_GCF_059738645.1,1,2709,-1013.34375,474,87,L,D,GAT,0
GCF_059738645.1,Candidatus Rickettsia mendelii,gyrA_1_Candidatus Rickettsia mendelii_GCF_059738645.1,1,2709,-1013.34375,474,87,N,D,GAT,1
GCF_059738645.1,Candidatus Rickettsia mendelii,gyrA_1_Candidatus Rickettsia mendelii_GCF_059738645.1,1,2709,-1013.34375,474,87,Q,D,GAT,0
GCF_059738645.1,Candidatus Rickettsia mendelii,gyrA_1_Candidatus Rickettsia mendelii_GCF_059738645.1,1,2709,-1013.34375,474,87,R,D,GAT,0
GCF_059738645.1,Candidatus Rickettsia mendelii,gyrA_1_Candidatus Rickettsia mendelii_GCF_059738645.1,1,2709,-1013.34375,474,87,T,D,GAT,0
GCF_059738645.1,Candidatus Rickettsia mendelii,gyrA_1_Candidatus Rickettsia mendelii_GCF_059738645.1,1,2709,-1013.34375,474,87,V,D,GAT,1
GCF_059738645.1,Candidatus Rickettsia mendelii,gyrA_1_Candidatus Rickettsia mendelii_GCF_059738645.1,1,2709,-1013.34375,474,87,Y,D,GAT,1
GCF_059738645.1,Candidatus Rickettsia mendelii,gyrA_1_Candidatus Rickettsia mendelii_GCF_059738645.1,1,2709,-1013.34375,474,101,S,P,CCG,1
GCF_059738645.1,Candidatus Rickettsia mendelii,gyrA_1_Candidatus Rickettsia mendelii_GCF_059738645.1,1,2709,-1013.34375,474,105,D,G,GGG,0
GCF_059738645.1,Candidatus Rickettsia mendelii,gyrA_1_Candidatus Rickettsia mendelii_GCF_059738645.1,1,2709,-1013.34375,474,106,H,Q,CAA,2
GCF_059738645.1,Candidatus Rickettsia mendelii,gyrA_1_Candidatus Rickettsia mendelii_GCF_059738645.1,1,2709,-1013.34375,474,106,L,Q,CAA,1
GCF_059738645.1,Candidatus Rickettsia mendelii,gyrA_1_Candidatus Rickettsia mendelii_GCF_059738645.1,1,2709,-1013.34375,474,106,R,Q,CAA,1
GCF_059738645.1,Candidatus Rickettsia mendelii,gyrA_1_Candidatus Rickettsia mendelii_GCF_059738645.1,1,2709,-1013.34375,474,119,S,A,GCC,1
GCF_059738645.1,Candidatus Rickettsia mendelii,gyrA_1_Candidatus Rickettsia mendelii_GCF_059738645.1,1,2709,-1013.34375,474,119,T,A,GCC,1
GCF_059738645.1,Candidatus Rickettsia mendelii,gyrA_1_Candidatus Rickettsia mendelii_GCF_059738645.1,1,2709,-1013.34375,474,165,A,N,AAC,0
GCF_059738645.1,Candidatus Rickettsia mendelii,gyrA_1_Candidatus Rickettsia mendelii_GCF_059738645.1,1,2709,-1013.34375,474,196,E,L,TTA,0
GCF_059738645.1,Candidatus Rickettsia mendelii,gyrA_1_Candidatus Rickettsia mendelii_GCF_059738645.1,1,2709,-1013.34375,474,386,D,A,GCT,1
GCF_059731855.1,Faecalimonas nexilis,gyrA_1_Faecalimonas nexilis_GCF_059731855.1,1,2445,-1091.865234375,465,51,V,S,TCA,0
GCF_059731855.1,Faecalimonas nexilis,gyrA_1_Faecalimonas nexilis_GCF_059731855.1,1,2445,-1091.865234375,465,57,K,N,AAC,2
GCF_059731855.1,Faecalimonas nexilis,gyrA_1_Faecalimonas nexilis_GCF_059731855.1,1,2445,-1091.865234375,465,67,S,A,GCC,1
GCF_059731855.1,Faecalimonas nexilis,gyrA_1_Faecalimonas nexilis_GCF_059731855.1,1,2445,-1091.865234375,465,67,T,A,GCC,1
GCF_059731855.1,Faecalimonas nexilis,gyrA_1_Faecalimonas nexilis_GCF_059731855.1,1,2445,-1091.865234375,465,72,G,D,GAT,1
GCF_059731855.1,Faecalimonas nexilis,gyrA_1_Faecalimonas nexilis_GCF_059731855.1,1,2445,-1091.865234375,465,72,V,D,GAT,1
GCF_059731855.1,Faecalimonas nexilis,gyrA_1_Faecalimonas nexilis_GCF_059731855.1,1,2445,-1091.865234375,465,77,S,Y,TAT,1
GCF_059731855.1,Faecalimonas nexilis,gyrA_1_Faecalimonas nexilis_GCF_059731855.1,1,2445,-1091.865234375,465,80,P,H,CAT,1
GCF_059731855.1,Faecalimonas nexilis,gyrA_1_Faecalimonas nexilis_GCF_059731855.1,1,2445,-1091.865234375,465,80,R,H,CAT,1
GCF_059731855.1,Faecalimonas nexilis,gyrA_1_Faecalimonas nexilis_GCF_059731855.1,1,2445,-1091.865234375,465,81,C,G,GGT,1
GCF_059731855.1,Faecalimonas nexilis,gyrA_1_Faecalimonas nexilis_GCF_059731855.1,1,2445,-1091.865234375,465,81,D,G,GGT,1
GCF_059731855.1,Faecalimonas nexilis,gyrA_1_Faecalimonas nexilis_GCF_059731855.1,1,2445,-1091.865234375,465,82,G,D,GAC,1
GCF_059731855.1,Faecalimonas nexilis,gyrA_1_Faecalimonas nexilis_GCF_059731855.1,1,2445,-1091.865234375,465,82,N,D,GAC,1
GCF_059731855.1,Faecalimonas nexilis,gyrA_1_Faecalimonas nexilis_GCF_059731855.1,1,2445,-1091.865234375,465,82,Y,D,GAC,1
GCF_059731855.1,Faecalimonas nexilis,gyrA_1_Faecalimonas nexilis_GCF_059731855.1,1,2445,-1091.865234375,465,83,A,S,AGC,0
GCF_059731855.1,Faecalimonas nexilis,gyrA_1_Faecalimonas nexilis_GCF_059731855.1,1,2445,-1091.865234375,465,83,F,S,AGC,0
GCF_059731855.1,Faecalimonas nexilis,gyrA_1_Faecalimonas nexilis_GCF_059731855.1,1,2445,-1091.865234375,465,83,I,S,AGC,1
GCF_059731855.1,Faecalimonas nexilis,gyrA_1_Faecalimonas nexilis_GCF_059731855.1,1,2445,-1091.865234375,465,83,K,S,AGC,0
GCF_059731855.1,Faecalimonas nexilis,gyrA_1_Faecalimonas nexilis_GCF_059731855.1,1,2445,-1091.865234375,465,83,L,S,AGC,0
GCF_059731855.1,Faecalimonas nexilis,gyrA_1_Faecalimonas nexilis_GCF_059731855.1,1,2445,-1091.865234375,465,83,M,S,AGC,0
GCF_059731855.1,Faecalimonas nexilis,gyrA_1_Faecalimonas nexilis_GCF_059731855.1,1,2445,-1091.865234375,465,83,R,S,AGC,3
GCF_059731855.1,Faecalimonas nexilis,gyrA_1_Faecalimonas nexilis_GCF_059731855.1,1,2445,-1091.865234375,465,83,S,S,AGC,1
GCF_059731855.1,Faecalimonas nexilis,gyrA_1_Faecalimonas nexilis_GCF_059731855.1,1,2445,-1091.865234375,465,83,V,S,AGC,0
GCF_059731855.1,Faecalimonas nexilis,gyrA_1_Faecalimonas nexilis_GCF_059731855.1,1,2445,-1091.865234375,465,83,W,S,AGC,0
GCF_059731855.1,Faecalimonas nexilis,gyrA_1_Faecalimonas nexilis_GCF_059731855.1,1,2445,-1091.865234375,465,83,Y,S,AGC,0
GCF_059731855.1,Faecalimonas nexilis,gyrA_1_Faecalimonas nexilis_GCF_059731855.1,1,2445,-1091.865234375,465,84,A,S,TCA,1
GCF_059731855.1,Faecalimonas nexilis,gyrA_1_Faecalimonas nexilis_GCF_059731855.1,1,2445,-1091.865234375,465,84,P,S,TCA,1
GCF_059731855.1,Faecalimonas nexilis,gyrA_1_Faecalimonas nexilis_GCF_059731855.1,1,2445,-1091.865234375,465,84,V,S,TCA,0
GCF_059731855.1,Faecalimonas nexilis,gyrA_1_Faecalimonas nexilis_GCF_059731855.1,1,2445,-1091.865234375,465,86,N,Y,TAT,1
GCF_059731855.1,Faecalimonas nexilis,gyrA_1_Faecalimonas nexilis_GCF_059731855.1,1,2445,-1091.865234375,465,86,Y,Y,TAT,1
GCF_059731855.1,Faecalimonas nexilis,gyrA_1_Faecalimonas nexilis_GCF_059731855.1,1,2445,-1091.865234375,465,87,A,G,GGT,1
GCF_059731855.1,Faecalimonas nexilis,gyrA_1_Faecalimonas nexilis_GCF_059731855.1,1,2445,-1091.865234375,465,87,G,G,GGT,3
GCF_059731855.1,Faecalimonas nexilis,gyrA_1_Faecalimonas nexilis_GCF_059731855.1,1,2445,-1091.865234375,465,87,H,G,GGT,0
GCF_059731855.1,Faecalimonas nexilis,gyrA_1_Faecalimonas nexilis_GCF_059731855.1,1,2445,-1091.865234375,465,87,K,G,GGT,0
GCF_059731855.1,Faecalimonas nexilis,gyrA_1_Faecalimonas nexilis_GCF_059731855.1,1,2445,-1091.865234375,465,87,L,G,GGT,0
GCF_059731855.1,Faecalimonas nexilis,gyrA_1_Faecalimonas nexilis_GCF_059731855.1,1,2445,-1091.865234375,465,87,N,G,GGT,0
GCF_059731855.1,Faecalimonas nexilis,gyrA_1_Faecalimonas nexilis_GCF_059731855.1,1,2445,-1091.865234375,465,87,Q,G,GGT,0
GCF_059731855.1,Faecalimonas nexilis,gyrA_1_Faecalimonas nexilis_GCF_059731855.1,1,2445,-1091.865234375,465,87,R,G,GGT,1
GCF_059731855.1,Faecalimonas nexilis,gyrA_1_Faecalimonas nexilis_GCF_059731855.1,1,2445,-1091.865234375,465,87,T,G,GGT,0
GCF_059731855.1,Faecalimonas nexilis,gyrA_1_Faecalimonas nexilis_GCF_059731855.1,1,2445,-1091.865234375,465,87,V,G,GGT,1
GCF_059731855.1,Faecalimonas nexilis,gyrA_1_Faecalimonas nexilis_GCF_059731855.1,1,2445,-1091.865234375,465,87,Y,G,GGT,0
GCF_059731855.1,Faecalimonas nexilis,gyrA_1_Faecalimonas nexilis_GCF_059731855.1,1,2445,-1091.865234375,465,101,S,P,CCG,1
GCF_059731855.1,Faecalimonas nexilis,gyrA_1_Faecalimonas nexilis_GCF_059731855.1,1,2445,-1091.865234375,465,105,D,G,GGA,0
GCF_059731855.1,Faecalimonas nexilis,gyrA_1_Faecalimonas nexilis_GCF_059731855.1,1,2445,-1091.865234375,465,106,H,H,CAT,1
GCF_059731855.1,Faecalimonas nexilis,gyrA_1_Faecalimonas nexilis_GCF_059731855.1,1,2445,-1091.865234375,465,106,L,H,CAT,1
GCF_059731855.1,Faecalimonas nexilis,gyrA_1_Faecalimonas nexilis_GCF_059731855.1,1,2445,-1091.865234375,465,106,R,H,CAT,1
GCF_059731855.1,Faecalimonas nexilis,gyrA_1_Faecalimonas nexilis_GCF_059731855.1,1,2445,-1091.865234375,465,119,S,A,GCG,1
GCF_059731855.1,Faecalimonas nexilis,gyrA_1_Faecalimonas nexilis_GCF_059731855.1,1,2445,-1091.865234375,465,119,T,A,GCG,1
GCF_059731855.1,Faecalimonas nexilis,gyrA_1_Faecalimonas nexilis_GCF_059731855.1,1,2445,-1091.865234375,465,165,A,N,AAT,0
GCF_059731855.1,Faecalimonas nexilis,gyrA_1_Faecalimonas nexilis_GCF_059731855.1,1,2445,-1091.865234375,465,196,E,K,AAA,1
GCF_059731855.1,Faecalimonas nexilis,gyrA_1_Faecalimonas nexilis_GCF_059731855.1,1,2445,-1091.865234375,465,386,D,A,GCC,1
GCF_059731125.1,Type-D symbiont of Plautia stali,gyrA_1_Type-D symbiont of Plautia stali_GCF_059731125.1,1,2637,2472.36328125,124,51,V,A,GCC,1
GCF_059731125.1,Type-D symbiont of Plautia stali,gyrA_1_Type-D symbiont of Plautia stali_GCF_059731125.1,1,2637,2472.36328125,124,57,K,N,AAC,2
GCF_059731125.1,Type-D symbiont of Plautia stali,gyrA_1_Type-D symbiont of Plautia stali_GCF_059731125.1,1,2637,2472.36328125,124,67,S,A,GCC,1
GCF_059731125.1,Type-D symbiont of Plautia stali,gyrA_1_Type-D symbiont of Plautia stali_GCF_059731125.1,1,2637,2472.36328125,124,67,T,A,GCC,1
GCF_059731125.1,Type-D symbiont of Plautia stali,gyrA_1_Type-D symbiont of Plautia stali_GCF_059731125.1,1,2637,2472.36328125,124,72,G,D,GAC,1
GCF_059731125.1,Type-D symbiont of Plautia stali,gyrA_1_Type-D symbiont of Plautia stali_GCF_059731125.1,1,2637,2472.36328125,124,72,V,D,GAC,1
GCF_059731125.1,Type-D symbiont of Plautia stali,gyrA_1_Type-D symbiont of Plautia stali_GCF_059731125.1,1,2637,2472.36328125,124,77,S,Y,TAT,1
GCF_059731125.1,Type-D symbiont of Plautia stali,gyrA_1_Type-D symbiont of Plautia stali_GCF_059731125.1,1,2637,2472.36328125,124,80,P,H,CAT,1
GCF_059731125.1,Type-D symbiont of Plautia stali,gyrA_1_Type-D symbiont of Plautia stali_GCF_059731125.1,1,2637,2472.36328125,124,80,R,H,CAT,1
GCF_059731125.1,Type-D symbiont of Plautia stali,gyrA_1_Type-D symbiont of Plautia stali_GCF_059731125.1,1,2637,2472.36328125,124,81,C,G,GGT,1
GCF_059731125.1,Type-D symbiont of Plautia stali,gyrA_1_Type-D symbiont of Plautia stali_GCF_059731125.1,1,2637,2472.36328125,124,81,D,G,GGT,1
GCF_059731125.1,Type-D symbiont of Plautia stali,gyrA_1_Type-D symbiont of Plautia stali_GCF_059731125.1,1,2637,2472.36328125,124,82,G,D,GAT,1
GCF_059731125.1,Type-D symbiont of Plautia stali,gyrA_1_Type-D symbiont of Plautia stali_GCF_059731125.1,1,2637,2472.36328125,124,82,N,D,GAT,1
GCF_059731125.1,Type-D symbiont of Plautia stali,gyrA_1_Type-D symbiont of Plautia stali_GCF_059731125.1,1,2637,2472.36328125,124,82,Y,D,GAT,1
GCF_059731125.1,Type-D symbiont of Plautia stali,gyrA_1_Type-D symbiont of Plautia stali_GCF_059731125.1,1,2637,2472.36328125,124,83,A,S,TCC,1
GCF_059731125.1,Type-D symbiont of Plautia stali,gyrA_1_Type-D symbiont of Plautia stali_GCF_059731125.1,1,2637,2472.36328125,124,83,F,S,TCC,1
GCF_059731125.1,Type-D symbiont of Plautia stali,gyrA_1_Type-D symbiont of Plautia stali_GCF_059731125.1,1,2637,2472.36328125,124,83,I,S,TCC,0
GCF_059731125.1,Type-D symbiont of Plautia stali,gyrA_1_Type-D symbiont of Plautia stali_GCF_059731125.1,1,2637,2472.36328125,124,83,K,S,TCC,0
GCF_059731125.1,Type-D symbiont of Plautia stali,gyrA_1_Type-D symbiont of Plautia stali_GCF_059731125.1,1,2637,2472.36328125,124,83,L,S,TCC,0
GCF_059731125.1,Type-D symbiont of Plautia stali,gyrA_1_Type-D symbiont of Plautia stali_GCF_059731125.1,1,2637,2472.36328125,124,83,M,S,TCC,0
GCF_059731125.1,Type-D symbiont of Plautia stali,gyrA_1_Type-D symbiont of Plautia stali_GCF_059731125.1,1,2637,2472.36328125,124,83,R,S,TCC,0
GCF_059731125.1,Type-D symbiont of Plautia stali,gyrA_1_Type-D symbiont of Plautia stali_GCF_059731125.1,1,2637,2472.36328125,124,83,S,S,TCC,3
GCF_059731125.1,Type-D symbiont of Plautia stali,gyrA_1_Type-D symbiont of Plautia stali_GCF_059731125.1,1,2637,2472.36328125,124,83,V,S,TCC,0
GCF_059731125.1,Type-D symbiont of Plautia stali,gyrA_1_Type-D symbiont of Plautia stali_GCF_059731125.1,1,2637,2472.36328125,124,83,W,S,TCC,0
GCF_059731125.1,Type-D symbiont of Plautia stali,gyrA_1_Type-D symbiont of Plautia stali_GCF_059731125.1,1,2637,2472.36328125,124,83,Y,S,TCC,1
GCF_059731125.1,Type-D symbiont of Plautia stali,gyrA_1_Type-D symbiont of Plautia stali_GCF_059731125.1,1,2637,2472.36328125,124,84,A,A,GCT,3
GCF_059731125.1,Type-D symbiont of Plautia stali,gyrA_1_Type-D symbiont of Plautia stali_GCF_059731125.1,1,2637,2472.36328125,124,84,P,A,GCT,1
GCF_059731125.1,Type-D symbiont of Plautia stali,gyrA_1_Type-D symbiont of Plautia stali_GCF_059731125.1,1,2637,2472.36328125,124,84,V,A,GCT,1
GCF_059731125.1,Type-D symbiont of Plautia stali,gyrA_1_Type-D symbiont of Plautia stali_GCF_059731125.1,1,2637,2472.36328125,124,86,N,Y,TAC,1
GCF_059731125.1,Type-D symbiont of Plautia stali,gyrA_1_Type-D symbiont of Plautia stali_GCF_059731125.1,1,2637,2472.36328125,124,86,Y,Y,TAC,1
GCF_059731125.1,Type-D symbiont of Plautia stali,gyrA_1_Type-D symbiont of Plautia stali_GCF_059731125.1,1,2637,2472.36328125,124,87,A,E,GAA,1
GCF_059731125.1,Type-D symbiont of Plautia stali,gyrA_1_Type-D symbiont of Plautia stali_GCF_059731125.1,1,2637,2472.36328125,124,87,G,E,GAA,1
GCF_059731125.1,Type-D symbiont of Plautia stali,gyrA_1_Type-D symbiont of Plautia stali_GCF_059731125.1,1,2637,2472.36328125,124,87,H,E,GAA,0
GCF_059731125.1,Type-D symbiont of Plautia stali,gyrA_1_Type-D symbiont of Plautia stali_GCF_059731125.1,1,2637,2472.36328125,124,87,K,E,GAA,1
GCF_059731125.1,Type-D symbiont of Plautia stali,gyrA_1_Type-D symbiont of Plautia stali_GCF_059731125.1,1,2637,2472.36328125,124,87,L,E,GAA,0
GCF_059731125.1,Type-D symbiont of Plautia stali,gyrA_1_Type-D symbiont of Plautia stali_GCF_059731125.1,1,2637,2472.36328125,124,87,N,E,GAA,0
GCF_059731125.1,Type-D symbiont of Plautia stali,gyrA_1_Type-D symbiont of Plautia stali_GCF_059731125.1,1,2637,2472.36328125,124,87,Q,E,GAA,1
GCF_059731125.1,Type-D symbiont of Plautia stali,gyrA_1_Type-D symbiont of Plautia stali_GCF_059731125.1,1,2637,2472.36328125,124,87,R,E,GAA,0
GCF_059731125.1,Type-D symbiont of Plautia stali,gyrA_1_Type-D symbiont of Plautia stali_GCF_059731125.1,1,2637,2472.36328125,124,87,T,E,GAA,0
GCF_059731125.1,Type-D symbiont of Plautia stali,gyrA_1_Type-D symbiont of Plautia stali_GCF_059731125.1,1,2637,2472.36328125,124,87,V,E,GAA,1
GCF_059731125.1,Type-D symbiont of Plautia stali,gyrA_1_Type-D symbiont of Plautia stali_GCF_059731125.1,1,2637,2472.36328125,124,87,Y,E,GAA,0
GCF_059731125.1,Type-D symbiont of Plautia stali,gyrA_1_Type-D symbiont of Plautia stali_GCF_059731125.1,1,2637,2472.36328125,124,101,S,M,ATG,0
GCF_059731125.1,Type-D symbiont of Plautia stali,gyrA_1_Type-D symbiont of Plautia stali_GCF_059731125.1,1,2637,2472.36328125,124,105,D,G,GGT,1
GCF_059731125.1,Type-D symbiont of Plautia stali,gyrA_1_Type-D symbiont of Plautia stali_GCF_059731125.1,1,2637,2472.36328125,124,106,H,Q,CAG,2
GCF_059731125.1,Type-D symbiont of Plautia stali,gyrA_1_Type-D symbiont of Plautia stali_GCF_059731125.1,1,2637,2472.36328125,124,106,L,Q,CAG,1
GCF_059731125.1,Type-D symbiont of Plautia stali,gyrA_1_Type-D symbiont of Plautia stali_GCF_059731125.1,1,2637,2472.36328125,124,106,R,Q,CAG,1
GCF_059731125.1,Type-D symbiont of Plautia stali,gyrA_1_Type-D symbiont of Plautia stali_GCF_059731125.1,1,2637,2472.36328125,124,119,S,A,GCG,1
GCF_059731125.1,Type-D symbiont of Plautia stali,gyrA_1_Type-D symbiont of Plautia stali_GCF_059731125.1,1,2637,2472.36328125,124,119,T,A,GCG,1
GCF_059731125.1,Type-D symbiont of Plautia stali,gyrA_1_Type-D symbiont of Plautia stali_GCF_059731125.1,1,2637,2472.36328125,124,165,A,N,AAC,0
GCF_059731125.1,Type-D symbiont of Plautia stali,gyrA_1_Type-D symbiont of Plautia stali_GCF_059731125.1,1,2637,2472.36328125,124,196,E,A,GCG,1
GCF_059731125.1,Type-D symbiont of Plautia stali,gyrA_1_Type-D symbiont of Plautia stali_GCF_059731125.1,1,2637,2472.36328125,124,386,D,A,GCG,0
GCF_059730925.1,gamma proteobacterium symbiont of Axiagastus rosmarus,gyrA_1_gamma proteobacterium symbiont of Axiagastus rosmarus_GCF_059730925.1,1,2640,2532.16259765625,118,51,V,A,GCC,1
GCF_059730925.1,gamma proteobacterium symbiont of Axiagastus rosmarus,gyrA_1_gamma proteobacterium symbiont of Axiagastus rosmarus_GCF_059730925.1,1,2640,2532.16259765625,118,57,K,N,AAC,2
GCF_059730925.1,gamma proteobacterium symbiont of Axiagastus rosmarus,gyrA_1_gamma proteobacterium symbiont of Axiagastus rosmarus_GCF_059730925.1,1,2640,2532.16259765625,118,67,S,A,GCC,1
GCF_059730925.1,gamma proteobacterium symbiont of Axiagastus rosmarus,gyrA_1_gamma proteobacterium symbiont of Axiagastus rosmarus_GCF_059730925.1,1,2640,2532.16259765625,118,67,T,A,GCC,1
GCF_059730925.1,gamma proteobacterium symbiont of Axiagastus rosmarus,gyrA_1_gamma proteobacterium symbiont of Axiagastus rosmarus_GCF_059730925.1,1,2640,2532.16259765625,118,72,G,D,GAC,1
GCF_059730925.1,gamma proteobacterium symbiont of Axiagastus rosmarus,gyrA_1_gamma proteobacterium symbiont of Axiagastus rosmarus_GCF_059730925.1,1,2640,2532.16259765625,118,72,V,D,GAC,1
GCF_059730925.1,gamma proteobacterium symbiont of Axiagastus rosmarus,gyrA_1_gamma proteobacterium symbiont of Axiagastus rosmarus_GCF_059730925.1,1,2640,2532.16259765625,118,77,S,Y,TAT,1
GCF_059730925.1,gamma proteobacterium symbiont of Axiagastus rosmarus,gyrA_1_gamma proteobacterium symbiont of Axiagastus rosmarus_GCF_059730925.1,1,2640,2532.16259765625,118,80,P,H,CAC,1
GCF_059730925.1,gamma proteobacterium symbiont of Axiagastus rosmarus,gyrA_1_gamma proteobacterium symbiont of Axiagastus rosmarus_GCF_059730925.1,1,2640,2532.16259765625,118,80,R,H,CAC,1
GCF_059730925.1,gamma proteobacterium symbiont of Axiagastus rosmarus,gyrA_1_gamma proteobacterium symbiont of Axiagastus rosmarus_GCF_059730925.1,1,2640,2532.16259765625,118,81,C,G,GGT,1
GCF_059730925.1,gamma proteobacterium symbiont of Axiagastus rosmarus,gyrA_1_gamma proteobacterium symbiont of Axiagastus rosmarus_GCF_059730925.1,1,2640,2532.16259765625,118,81,D,G,GGT,1
GCF_059730925.1,gamma proteobacterium symbiont of Axiagastus rosmarus,gyrA_1_gamma proteobacterium symbiont of Axiagastus rosmarus_GCF_059730925.1,1,2640,2532.16259765625,118,82,G,D,GAC,1
GCF_059730925.1,gamma proteobacterium symbiont of Axiagastus rosmarus,gyrA_1_gamma proteobacterium symbiont of Axiagastus rosmarus_GCF_059730925.1,1,2640,2532.16259765625,118,82,N,D,GAC,1
GCF_059730925.1,gamma proteobacterium symbiont of Axiagastus rosmarus,gyrA_1_gamma proteobacterium symbiont of Axiagastus rosmarus_GCF_059730925.1,1,2640,2532.16259765625,118,82,Y,D,GAC,1
GCF_059730925.1,gamma proteobacterium symbiont of Axiagastus rosmarus,gyrA_1_gamma proteobacterium symbiont of Axiagastus rosmarus_GCF_059730925.1,1,2640,2532.16259765625,118,83,A,S,TCC,1
GCF_059730925.1,gamma proteobacterium symbiont of Axiagastus rosmarus,gyrA_1_gamma proteobacterium symbiont of Axiagastus rosmarus_GCF_059730925.1,1,2640,2532.16259765625,118,83,F,S,TCC,1
GCF_059730925.1,gamma proteobacterium symbiont of Axiagastus rosmarus,gyrA_1_gamma proteobacterium symbiont of Axiagastus rosmarus_GCF_059730925.1,1,2640,2532.16259765625,118,83,I,S,TCC,0
GCF_059730925.1,gamma proteobacterium symbiont of Axiagastus rosmarus,gyrA_1_gamma proteobacterium symbiont of Axiagastus rosmarus_GCF_059730925.1,1,2640,2532.16259765625,118,83,K,S,TCC,0
GCF_059730925.1,gamma proteobacterium symbiont of Axiagastus rosmarus,gyrA_1_gamma proteobacterium symbiont of Axiagastus rosmarus_GCF_059730925.1,1,2640,2532.16259765625,118,83,L,S,TCC,0
GCF_059730925.1,gamma proteobacterium symbiont of Axiagastus rosmarus,gyrA_1_gamma proteobacterium symbiont of Axiagastus rosmarus_GCF_059730925.1,1,2640,2532.16259765625,118,83,M,S,TCC,0
GCF_059730925.1,gamma proteobacterium symbiont of Axiagastus rosmarus,gyrA_1_gamma proteobacterium symbiont of Axiagastus rosmarus_GCF_059730925.1,1,2640,2532.16259765625,118,83,R,S,TCC,0
GCF_059730925.1,gamma proteobacterium symbiont of Axiagastus rosmarus,gyrA_1_gamma proteobacterium symbiont of Axiagastus rosmarus_GCF_059730925.1,1,2640,2532.16259765625,118,83,S,S,TCC,3
GCF_059730925.1,gamma proteobacterium symbiont of Axiagastus rosmarus,gyrA_1_gamma proteobacterium symbiont of Axiagastus rosmarus_GCF_059730925.1,1,2640,2532.16259765625,118,83,V,S,TCC,0
GCF_059730925.1,gamma proteobacterium symbiont of Axiagastus rosmarus,gyrA_1_gamma proteobacterium symbiont of Axiagastus rosmarus_GCF_059730925.1,1,2640,2532.16259765625,118,83,W,S,TCC,0
GCF_059730925.1,gamma proteobacterium symbiont of Axiagastus rosmarus,gyrA_1_gamma proteobacterium symbiont of Axiagastus rosmarus_GCF_059730925.1,1,2640,2532.16259765625,118,83,Y,S,TCC,1
GCF_059730925.1,gamma proteobacterium symbiont of Axiagastus rosmarus,gyrA_1_gamma proteobacterium symbiont of Axiagastus rosmarus_GCF_059730925.1,1,2640,2532.16259765625,118,84,A,A,GCT,3
GCF_059730925.1,gamma proteobacterium symbiont of Axiagastus rosmarus,gyrA_1_gamma proteobacterium symbiont of Axiagastus rosmarus_GCF_059730925.1,1,2640,2532.16259765625,118,84,P,A,GCT,1
GCF_059730925.1,gamma proteobacterium symbiont of Axiagastus rosmarus,gyrA_1_gamma proteobacterium symbiont of Axiagastus rosmarus_GCF_059730925.1,1,2640,2532.16259765625,118,84,V,A,GCT,1
GCF_059730925.1,gamma proteobacterium symbiont of Axiagastus rosmarus,gyrA_1_gamma proteobacterium symbiont of Axiagastus rosmarus_GCF_059730925.1,1,2640,2532.16259765625,118,86,N,Y,TAC,1
GCF_059730925.1,gamma proteobacterium symbiont of Axiagastus rosmarus,gyrA_1_gamma proteobacterium symbiont of Axiagastus rosmarus_GCF_059730925.1,1,2640,2532.16259765625,118,86,Y,Y,TAC,1
GCF_059730925.1,gamma proteobacterium symbiont of Axiagastus rosmarus,gyrA_1_gamma proteobacterium symbiont of Axiagastus rosmarus_GCF_059730925.1,1,2640,2532.16259765625,118,87,A,E,GAA,1
GCF_059730925.1,gamma proteobacterium symbiont of Axiagastus rosmarus,gyrA_1_gamma proteobacterium symbiont of Axiagastus rosmarus_GCF_059730925.1,1,2640,2532.16259765625,118,87,G,E,GAA,1
GCF_059730925.1,gamma proteobacterium symbiont of Axiagastus rosmarus,gyrA_1_gamma proteobacterium symbiont of Axiagastus rosmarus_GCF_059730925.1,1,2640,2532.16259765625,118,87,H,E,GAA,0
GCF_059730925.1,gamma proteobacterium symbiont of Axiagastus rosmarus,gyrA_1_gamma proteobacterium symbiont of Axiagastus rosmarus_GCF_059730925.1,1,2640,2532.16259765625,118,87,K,E,GAA,1
GCF_059730925.1,gamma proteobacterium symbiont of Axiagastus rosmarus,gyrA_1_gamma proteobacterium symbiont of Axiagastus rosmarus_GCF_059730925.1,1,2640,2532.16259765625,118,87,L,E,GAA,0
GCF_059730925.1,gamma proteobacterium symbiont of Axiagastus rosmarus,gyrA_1_gamma proteobacterium symbiont of Axiagastus rosmarus_GCF_059730925.1,1,2640,2532.16259765625,118,87,N,E,GAA,0
GCF_059730925.1,gamma proteobacterium symbiont of Axiagastus rosmarus,gyrA_1_gamma proteobacterium symbiont of Axiagastus rosmarus_GCF_059730925.1,1,2640,2532.16259765625,118,87,Q,E,GAA,1
GCF_059730925.1,gamma proteobacterium symbiont of Axiagastus rosmarus,gyrA_1_gamma proteobacterium symbiont of Axiagastus rosmarus_GCF_059730925.1,1,2640,2532.16259765625,118,87,R,E,GAA,0
GCF_059730925.1,gamma proteobacterium symbiont of Axiagastus rosmarus,gyrA_1_gamma proteobacterium symbiont of Axiagastus rosmarus_GCF_059730925.1,1,2640,2532.16259765625,118,87,T,E,GAA,0
GCF_059730925.1,gamma proteobacterium symbiont of Axiagastus rosmarus,gyrA_1_gamma proteobacterium symbiont of Axiagastus rosmarus_GCF_059730925.1,1,2640,2532.16259765625,118,87,V,E,GAA,1
GCF_059730925.1,gamma proteobacterium symbiont of Axiagastus rosmarus,gyrA_1_gamma proteobacterium symbiont of Axiagastus rosmarus_GCF_059730925.1,1,2640,2532.16259765625,118,87,Y,E,GAA,0
GCF_059730925.1,gamma proteobacterium symbiont of Axiagastus rosmarus,gyrA_1_gamma proteobacterium symbiont of Axiagastus rosmarus_GCF_059730925.1,1,2640,2532.16259765625,118,101,S,M,ATG,0
GCF_059730925.1,gamma proteobacterium symbiont of Axiagastus rosmarus,gyrA_1_gamma proteobacterium symbiont of Axiagastus rosmarus_GCF_059730925.1,1,2640,2532.16259765625,118,105,D,G,GGT,1
GCF_059730925.1,gamma proteobacterium symbiont of Axiagastus rosmarus,gyrA_1_gamma proteobacterium symbiont of Axiagastus rosmarus_GCF_059730925.1,1,2640,2532.16259765625,118,106,H,Q,CAG,2
GCF_059730925.1,gamma proteobacterium symbiont of Axiagastus rosmarus,gyrA_1_gamma proteobacterium symbiont of Axiagastus rosmarus_GCF_059730925.1,1,2640,2532.16259765625,118,106,L,Q,CAG,1
GCF_059730925.1,gamma proteobacterium symbiont of Axiagastus rosmarus,gyrA_1_gamma proteobacterium symbiont of Axiagastus rosmarus_GCF_059730925.1,1,2640,2532.16259765625,118,106,R,Q,CAG,1
GCF_059730925.1,gamma proteobacterium symbiont of Axiagastus rosmarus,gyrA_1_gamma proteobacterium symbiont of Axiagastus rosmarus_GCF_059730925.1,1,2640,2532.16259765625,118,119,S,A,GCG,1
GCF_059730925.1,gamma proteobacterium symbiont of Axiagastus rosmarus,gyrA_1_gamma proteobacterium symbiont of Axiagastus rosmarus_GCF_059730925.1,1,2640,2532.16259765625,118,119,T,A,GCG,1
GCF_059730925.1,gamma proteobacterium symbiont of Axiagastus rosmarus,gyrA_1_gamma proteobacterium symbiont of Axiagastus rosmarus_GCF_059730925.1,1,2640,2532.16259765625,118,165,A,N,AAC,0
GCF_059730925.1,gamma proteobacterium symbiont of Axiagastus rosmarus,gyrA_1_gamma proteobacterium symbiont of Axiagastus rosmarus_GCF_059730925.1,1,2640,2532.16259765625,118,196,E,A,GCG,1
GCF_059730925.1,gamma proteobacterium symbiont of Axiagastus rosmarus,gyrA_1_gamma proteobacterium symbiont of Axiagastus rosmarus_GCF_059730925.1,1,2640,2532.16259765625,118,386,D,A,GCG,0
GCF_059730895.1,gamma proteobacterium symbiont of Lampromicra miyakona,gyrA_1_gamma proteobacterium symbiont of Lampromicra miyakona_GCF_059730895.1,1,2640,2532.16259765625,118,51,V,A,GCC,1
GCF_059730895.1,gamma proteobacterium symbiont of Lampromicra miyakona,gyrA_1_gamma proteobacterium symbiont of Lampromicra miyakona_GCF_059730895.1,1,2640,2532.16259765625,118,57,K,N,AAC,2
GCF_059730895.1,gamma proteobacterium symbiont of Lampromicra miyakona,gyrA_1_gamma proteobacterium symbiont of Lampromicra miyakona_GCF_059730895.1,1,2640,2532.16259765625,118,67,S,A,GCC,1
GCF_059730895.1,gamma proteobacterium symbiont of Lampromicra miyakona,gyrA_1_gamma proteobacterium symbiont of Lampromicra miyakona_GCF_059730895.1,1,2640,2532.16259765625,118,67,T,A,GCC,1
GCF_059730895.1,gamma proteobacterium symbiont of Lampromicra miyakona,gyrA_1_gamma proteobacterium symbiont of Lampromicra miyakona_GCF_059730895.1,1,2640,2532.16259765625,118,72,G,D,GAC,1
GCF_059730895.1,gamma proteobacterium symbiont of Lampromicra miyakona,gyrA_1_gamma proteobacterium symbiont of Lampromicra miyakona_GCF_059730895.1,1,2640,2532.16259765625,118,72,V,D,GAC,1
GCF_059730895.1,gamma proteobacterium symbiont of Lampromicra miyakona,gyrA_1_gamma proteobacterium symbiont of Lampromicra miyakona_GCF_059730895.1,1,2640,2532.16259765625,118,77,S,Y,TAT,1
GCF_059730895.1,gamma proteobacterium symbiont of Lampromicra miyakona,gyrA_1_gamma proteobacterium symbiont of Lampromicra miyakona_GCF_059730895.1,1,2640,2532.16259765625,118,80,P,H,CAC,1
GCF_059730895.1,gamma proteobacterium symbiont of Lampromicra miyakona,gyrA_1_gamma proteobacterium symbiont of Lampromicra miyakona_GCF_059730895.1,1,2640,2532.16259765625,118,80,R,H,CAC,1
GCF_059730895.1,gamma proteobacterium symbiont of Lampromicra miyakona,gyrA_1_gamma proteobacterium symbiont of Lampromicra miyakona_GCF_059730895.1,1,2640,2532.16259765625,118,81,C,G,GGT,1
GCF_059730895.1,gamma proteobacterium symbiont of Lampromicra miyakona,gyrA_1_gamma proteobacterium symbiont of Lampromicra miyakona_GCF_059730895.1,1,2640,2532.16259765625,118,81,D,G,GGT,1
GCF_059730895.1,gamma proteobacterium symbiont of Lampromicra miyakona,gyrA_1_gamma proteobacterium symbiont of Lampromicra miyakona_GCF_059730895.1,1,2640,2532.16259765625,118,82,G,D,GAC,1
GCF_059730895.1,gamma proteobacterium symbiont of Lampromicra miyakona,gyrA_1_gamma proteobacterium symbiont of Lampromicra miyakona_GCF_059730895.1,1,2640,2532.16259765625,118,82,N,D,GAC,1
GCF_059730895.1,gamma proteobacterium symbiont of Lampromicra miyakona,gyrA_1_gamma proteobacterium symbiont of Lampromicra miyakona_GCF_059730895.1,1,2640,2532.16259765625,118,82,Y,D,GAC,1
GCF_059730895.1,gamma proteobacterium symbiont of Lampromicra miyakona,gyrA_1_gamma proteobacterium symbiont of Lampromicra miyakona_GCF_059730895.1,1,2640,2532.16259765625,118,83,A,S,TCC,1
GCF_059730895.1,gamma proteobacterium symbiont of Lampromicra miyakona,gyrA_1_gamma proteobacterium symbiont of Lampromicra miyakona_GCF_059730895.1,1,2640,2532.16259765625,118,83,F,S,TCC,1
GCF_059730895.1,gamma proteobacterium symbiont of Lampromicra miyakona,gyrA_1_gamma proteobacterium symbiont of Lampromicra miyakona_GCF_059730895.1,1,2640,2532.16259765625,118,83,I,S,TCC,0
GCF_059730895.1,gamma proteobacterium symbiont of Lampromicra miyakona,gyrA_1_gamma proteobacterium symbiont of Lampromicra miyakona_GCF_059730895.1,1,2640,2532.16259765625,118,83,K,S,TCC,0
GCF_059730895.1,gamma proteobacterium symbiont of Lampromicra miyakona,gyrA_1_gamma proteobacterium symbiont of Lampromicra miyakona_GCF_059730895.1,1,2640,2532.16259765625,118,83,L,S,TCC,0
GCF_059730895.1,gamma proteobacterium symbiont of Lampromicra miyakona,gyrA_1_gamma proteobacterium symbiont of Lampromicra miyakona_GCF_059730895.1,1,2640,2532.16259765625,118,83,M,S,TCC,0
GCF_059730895.1,gamma proteobacterium symbiont of Lampromicra miyakona,gyrA_1_gamma proteobacterium symbiont of Lampromicra miyakona_GCF_059730895.1,1,2640,2532.16259765625,118,83,R,S,TCC,0
GCF_059730895.1,gamma proteobacterium symbiont of Lampromicra miyakona,gyrA_1_gamma proteobacterium symbiont of Lampromicra miyakona_GCF_059730895.1,1,2640,2532.16259765625,118,83,S,S,TCC,3
GCF_059730895.1,gamma proteobacterium symbiont of Lampromicra miyakona,gyrA_1_gamma proteobacterium symbiont of Lampromicra miyakona_GCF_059730895.1,1,2640,2532.16259765625,118,83,V,S,TCC,0
GCF_059730895.1,gamma proteobacterium symbiont of Lampromicra miyakona,gyrA_1_gamma proteobacterium symbiont of Lampromicra miyakona_GCF_059730895.1,1,2640,2532.16259765625,118,83,W,S,TCC,0
GCF_059730895.1,gamma proteobacterium symbiont of Lampromicra miyakona,gyrA_1_gamma proteobacterium symbiont of Lampromicra miyakona_GCF_059730895.1,1,2640,2532.16259765625,118,83,Y,S,TCC,1
GCF_059730895.1,gamma proteobacterium symbiont of Lampromicra miyakona,gyrA_1_gamma proteobacterium symbiont of Lampromicra miyakona_GCF_059730895.1,1,2640,2532.16259765625,118,84,A,A,GCT,3
GCF_059730895.1,gamma proteobacterium symbiont of Lampromicra miyakona,gyrA_1_gamma proteobacterium symbiont of Lampromicra miyakona_GCF_059730895.1,1,2640,2532.16259765625,118,84,P,A,GCT,1
GCF_059730895.1,gamma proteobacterium symbiont of Lampromicra miyakona,gyrA_1_gamma proteobacterium symbiont of Lampromicra miyakona_GCF_059730895.1,1,2640,2532.16259765625,118,84,V,A,GCT,1
GCF_059730895.1,gamma proteobacterium symbiont of Lampromicra miyakona,gyrA_1_gamma proteobacterium symbiont of Lampromicra miyakona_GCF_059730895.1,1,2640,2532.16259765625,118,86,N,Y,TAC,1
GCF_059730895.1,gamma proteobacterium symbiont of Lampromicra miyakona,gyrA_1_gamma proteobacterium symbiont of Lampromicra miyakona_GCF_059730895.1,1,2640,2532.16259765625,118,86,Y,Y,TAC,1
GCF_059730895.1,gamma proteobacterium symbiont of Lampromicra miyakona,gyrA_1_gamma proteobacterium symbiont of Lampromicra miyakona_GCF_059730895.1,1,2640,2532.16259765625,118,87,A,E,GAA,1
GCF_059730895.1,gamma proteobacterium symbiont of Lampromicra miyakona,gyrA_1_gamma proteobacterium symbiont of Lampromicra miyakona_GCF_059730895.1,1,2640,2532.16259765625,118,87,G,E,GAA,1
GCF_059730895.1,gamma proteobacterium symbiont of Lampromicra miyakona,gyrA_1_gamma proteobacterium symbiont of Lampromicra miyakona_GCF_059730895.1,1,2640,2532.16259765625,118,87,H,E,GAA,0
GCF_059730895.1,gamma proteobacterium symbiont of Lampromicra miyakona,gyrA_1_gamma proteobacterium symbiont of Lampromicra miyakona_GCF_059730895.1,1,2640,2532.16259765625,118,87,K,E,GAA,1
GCF_059730895.1,gamma proteobacterium symbiont of Lampromicra miyakona,gyrA_1_gamma proteobacterium symbiont of Lampromicra miyakona_GCF_059730895.1,1,2640,2532.16259765625,118,87,L,E,GAA,0
GCF_059730895.1,gamma proteobacterium symbiont of Lampromicra miyakona,gyrA_1_gamma proteobacterium symbiont of Lampromicra miyakona_GCF_059730895.1,1,2640,2532.16259765625,118,87,N,E,GAA,0
GCF_059730895.1,gamma proteobacterium symbiont of Lampromicra miyakona,gyrA_1_gamma proteobacterium symbiont of Lampromicra miyakona_GCF_059730895.1,1,2640,2532.16259765625,118,87,Q,E,GAA,1
GCF_059730895.1,gamma proteobacterium symbiont of Lampromicra miyakona,gyrA_1_gamma proteobacterium symbiont of Lampromicra miyakona_GCF_059730895.1,1,2640,2532.16259765625,118,87,R,E,GAA,0
GCF_059730895.1,gamma proteobacterium symbiont of Lampromicra miyakona,gyrA_1_gamma proteobacterium symbiont of Lampromicra miyakona_GCF_059730895.1,1,2640,2532.16259765625,118,87,T,E,GAA,0
GCF_059730895.1,gamma proteobacterium symbiont of Lampromicra miyakona,gyrA_1_gamma proteobacterium symbiont of Lampromicra miyakona_GCF_059730895.1,1,2640,2532.16259765625,118,87,V,E,GAA,1
GCF_059730895.1,gamma proteobacterium symbiont of Lampromicra miyakona,gyrA_1_gamma proteobacterium symbiont of Lampromicra miyakona_GCF_059730895.1,1,2640,2532.16259765625,118,87,Y,E,GAA,0
GCF_059730895.1,gamma proteobacterium symbiont of Lampromicra miyakona,gyrA_1_gamma proteobacterium symbiont of Lampromicra miyakona_GCF_059730895.1,1,2640,2532.16259765625,118,101,S,M,ATG,0
GCF_059730895.1,gamma proteobacterium symbiont of Lampromicra miyakona,gyrA_1_gamma proteobacterium symbiont of Lampromicra miyakona_GCF_059730895.1,1,2640,2532.16259765625,118,105,D,G,GGT,1
GCF_059730895.1,gamma proteobacterium symbiont of Lampromicra miyakona,gyrA_1_gamma proteobacterium symbiont of Lampromicra miyakona_GCF_059730895.1,1,2640,2532.16259765625,118,106,H,Q,CAG,2
GCF_059730895.1,gamma proteobacterium symbiont of Lampromicra miyakona,gyrA_1_gamma proteobacterium symbiont of Lampromicra miyakona_GCF_059730895.1,1,2640,2532.16259765625,118,106,L,Q,CAG,1
GCF_059730895.1,gamma proteobacterium symbiont of Lampromicra miyakona,gyrA_1_gamma proteobacterium symbiont of Lampromicra miyakona_GCF_059730895.1,1,2640,2532.16259765625,118,106,R,Q,CAG,1
GCF_059730895.1,gamma proteobacterium symbiont of Lampromicra miyakona,gyrA_1_gamma proteobacterium symbiont of Lampromicra miyakona_GCF_059730895.1,1,2640,2532.16259765625,118,119,S,A,GCG,1
GCF_059730895.1,gamma proteobacterium symbiont of Lampromicra miyakona,gyrA_1_gamma proteobacterium symbiont of Lampromicra miyakona_GCF_059730895.1,1,2640,2532.16259765625,118,119,T,A,GCG,1
GCF_059730895.1,gamma proteobacterium symbiont of Lampromicra miyakona,gyrA_1_gamma proteobacterium symbiont of Lampromicra miyakona_GCF_059730895.1,1,2640,2532.16259765625,118,165,A,N,AAC,0
GCF_059730895.1,gamma proteobacterium symbiont of Lampromicra miyakona,gyrA_1_gamma proteobacterium symbiont of Lampromicra miyakona_GCF_059730895.1,1,2640,2532.16259765625,118,196,E,A,GCG,1
GCF_059730895.1,gamma proteobacterium symbiont of Lampromicra miyakona,gyrA_1_gamma proteobacterium symbiont of Lampromicra miyakona_GCF_059730895.1,1,2640,2532.16259765625,118,386,D,A,GCG,0
GCF_059730845.1,gamma proteobacterium symbiont of Scutellera amethystina,gyrA_1_gamma proteobacterium symbiont of Scutellera amethystina_GCF_059730845.1,1,2640,2532.16259765625,118,51,V,A,GCC,1
GCF_059730845.1,gamma proteobacterium symbiont of Scutellera amethystina,gyrA_1_gamma proteobacterium symbiont of Scutellera amethystina_GCF_059730845.1,1,2640,2532.16259765625,118,57,K,N,AAC,2
GCF_059730845.1,gamma proteobacterium symbiont of Scutellera amethystina,gyrA_1_gamma proteobacterium symbiont of Scutellera amethystina_GCF_059730845.1,1,2640,2532.16259765625,118,67,S,A,GCC,1
GCF_059730845.1,gamma proteobacterium symbiont of Scutellera amethystina,gyrA_1_gamma proteobacterium symbiont of Scutellera amethystina_GCF_059730845.1,1,2640,2532.16259765625,118,67,T,A,GCC,1
GCF_059730845.1,gamma proteobacterium symbiont of Scutellera amethystina,gyrA_1_gamma proteobacterium symbiont of Scutellera amethystina_GCF_059730845.1,1,2640,2532.16259765625,118,72,G,D,GAC,1
GCF_059730845.1,gamma proteobacterium symbiont of Scutellera amethystina,gyrA_1_gamma proteobacterium symbiont of Scutellera amethystina_GCF_059730845.1,1,2640,2532.16259765625,118,72,V,D,GAC,1
GCF_059730845.1,gamma proteobacterium symbiont of Scutellera amethystina,gyrA_1_gamma proteobacterium symbiont of Scutellera amethystina_GCF_059730845.1,1,2640,2532.16259765625,118,77,S,Y,TAT,1
GCF_059730845.1,gamma proteobacterium symbiont of Scutellera amethystina,gyrA_1_gamma proteobacterium symbiont of Scutellera amethystina_GCF_059730845.1,1,2640,2532.16259765625,118,80,P,H,CAC,1
GCF_059730845.1,gamma proteobacterium symbiont of Scutellera amethystina,gyrA_1_gamma proteobacterium symbiont of Scutellera amethystina_GCF_059730845.1,1,2640,2532.16259765625,118,80,R,H,CAC,1
GCF_059730845.1,gamma proteobacterium symbiont of Scutellera amethystina,gyrA_1_gamma proteobacterium symbiont of Scutellera amethystina_GCF_059730845.1,1,2640,2532.16259765625,118,81,C,G,GGT,1
GCF_059730845.1,gamma proteobacterium symbiont of Scutellera amethystina,gyrA_1_gamma proteobacterium symbiont of Scutellera amethystina_GCF_059730845.1,1,2640,2532.16259765625,118,81,D,G,GGT,1
GCF_059730845.1,gamma proteobacterium symbiont of Scutellera amethystina,gyrA_1_gamma proteobacterium symbiont of Scutellera amethystina_GCF_059730845.1,1,2640,2532.16259765625,118,82,G,D,GAC,1
GCF_059730845.1,gamma proteobacterium symbiont of Scutellera amethystina,gyrA_1_gamma proteobacterium symbiont of Scutellera amethystina_GCF_059730845.1,1,2640,2532.16259765625,118,82,N,D,GAC,1
GCF_059730845.1,gamma proteobacterium symbiont of Scutellera amethystina,gyrA_1_gamma proteobacterium symbiont of Scutellera amethystina_GCF_059730845.1,1,2640,2532.16259765625,118,82,Y,D,GAC,1
GCF_059730845.1,gamma proteobacterium symbiont of Scutellera amethystina,gyrA_1_gamma proteobacterium symbiont of Scutellera amethystina_GCF_059730845.1,1,2640,2532.16259765625,118,83,A,S,TCC,1
GCF_059730845.1,gamma proteobacterium symbiont of Scutellera amethystina,gyrA_1_gamma proteobacterium symbiont of Scutellera amethystina_GCF_059730845.1,1,2640,2532.16259765625,118,83,F,S,TCC,1
GCF_059730845.1,gamma proteobacterium symbiont of Scutellera amethystina,gyrA_1_gamma proteobacterium symbiont of Scutellera amethystina_GCF_059730845.1,1,2640,2532.16259765625,118,83,I,S,TCC,0
GCF_059730845.1,gamma proteobacterium symbiont of Scutellera amethystina,gyrA_1_gamma proteobacterium symbiont of Scutellera amethystina_GCF_059730845.1,1,2640,2532.16259765625,118,83,K,S,TCC,0
GCF_059730845.1,gamma proteobacterium symbiont of Scutellera amethystina,gyrA_1_gamma proteobacterium symbiont of Scutellera amethystina_GCF_059730845.1,1,2640,2532.16259765625,118,83,L,S,TCC,0
GCF_059730845.1,gamma proteobacterium symbiont of Scutellera amethystina,gyrA_1_gamma proteobacterium symbiont of Scutellera amethystina_GCF_059730845.1,1,2640,2532.16259765625,118,83,M,S,TCC,0
GCF_059730845.1,gamma proteobacterium symbiont of Scutellera amethystina,gyrA_1_gamma proteobacterium symbiont of Scutellera amethystina_GCF_059730845.1,1,2640,2532.16259765625,118,83,R,S,TCC,0
GCF_059730845.1,gamma proteobacterium symbiont of Scutellera amethystina,gyrA_1_gamma proteobacterium symbiont of Scutellera amethystina_GCF_059730845.1,1,2640,2532.16259765625,118,83,S,S,TCC,3
GCF_059730845.1,gamma proteobacterium symbiont of Scutellera amethystina,gyrA_1_gamma proteobacterium symbiont of Scutellera amethystina_GCF_059730845.1,1,2640,2532.16259765625,118,83,V,S,TCC,0
GCF_059730845.1,gamma proteobacterium symbiont of Scutellera amethystina,gyrA_1_gamma proteobacterium symbiont of Scutellera amethystina_GCF_059730845.1,1,2640,2532.16259765625,118,83,W,S,TCC,0
GCF_059730845.1,gamma proteobacterium symbiont of Scutellera amethystina,gyrA_1_gamma proteobacterium symbiont of Scutellera amethystina_GCF_059730845.1,1,2640,2532.16259765625,118,83,Y,S,TCC,1
GCF_059730845.1,gamma proteobacterium symbiont of Scutellera amethystina,gyrA_1_gamma proteobacterium symbiont of Scutellera amethystina_GCF_059730845.1,1,2640,2532.16259765625,118,84,A,A,GCT,3
GCF_059730845.1,gamma proteobacterium symbiont of Scutellera amethystina,gyrA_1_gamma proteobacterium symbiont of Scutellera amethystina_GCF_059730845.1,1,2640,2532.16259765625,118,84,P,A,GCT,1
GCF_059730845.1,gamma proteobacterium symbiont of Scutellera amethystina,gyrA_1_gamma proteobacterium symbiont of Scutellera amethystina_GCF_059730845.1,1,2640,2532.16259765625,118,84,V,A,GCT,1
GCF_059730845.1,gamma proteobacterium symbiont of Scutellera amethystina,gyrA_1_gamma proteobacterium symbiont of Scutellera amethystina_GCF_059730845.1,1,2640,2532.16259765625,118,86,N,Y,TAC,1
GCF_059730845.1,gamma proteobacterium symbiont of Scutellera amethystina,gyrA_1_gamma proteobacterium symbiont of Scutellera amethystina_GCF_059730845.1,1,2640,2532.16259765625,118,86,Y,Y,TAC,1
GCF_059730845.1,gamma proteobacterium symbiont of Scutellera amethystina,gyrA_1_gamma proteobacterium symbiont of Scutellera amethystina_GCF_059730845.1,1,2640,2532.16259765625,118,87,A,E,GAA,1
GCF_059730845.1,gamma proteobacterium symbiont of Scutellera amethystina,gyrA_1_gamma proteobacterium symbiont of Scutellera amethystina_GCF_059730845.1,1,2640,2532.16259765625,118,87,G,E,GAA,1
GCF_059730845.1,gamma proteobacterium symbiont of Scutellera amethystina,gyrA_1_gamma proteobacterium symbiont of Scutellera amethystina_GCF_059730845.1,1,2640,2532.16259765625,118,87,H,E,GAA,0
GCF_059730845.1,gamma proteobacterium symbiont of Scutellera amethystina,gyrA_1_gamma proteobacterium symbiont of Scutellera amethystina_GCF_059730845.1,1,2640,2532.16259765625,118,87,K,E,GAA,1
GCF_059730845.1,gamma proteobacterium symbiont of Scutellera amethystina,gyrA_1_gamma proteobacterium symbiont of Scutellera amethystina_GCF_059730845.1,1,2640,2532.16259765625,118,87,L,E,GAA,0
GCF_059730845.1,gamma proteobacterium symbiont of Scutellera amethystina,gyrA_1_gamma proteobacterium symbiont of Scutellera amethystina_GCF_059730845.1,1,2640,2532.16259765625,118,87,N,E,GAA,0
GCF_059730845.1,gamma proteobacterium symbiont of Scutellera amethystina,gyrA_1_gamma proteobacterium symbiont of Scutellera amethystina_GCF_059730845.1,1,2640,2532.16259765625,118,87,Q,E,GAA,1
GCF_059730845.1,gamma proteobacterium symbiont of Scutellera amethystina,gyrA_1_gamma proteobacterium symbiont of Scutellera amethystina_GCF_059730845.1,1,2640,2532.16259765625,118,87,R,E,GAA,0
GCF_059730845.1,gamma proteobacterium symbiont of Scutellera amethystina,gyrA_1_gamma proteobacterium symbiont of Scutellera amethystina_GCF_059730845.1,1,2640,2532.16259765625,118,87,T,E,GAA,0
GCF_059730845.1,gamma proteobacterium symbiont of Scutellera amethystina,gyrA_1_gamma proteobacterium symbiont of Scutellera amethystina_GCF_059730845.1,1,2640,2532.16259765625,118,87,V,E,GAA,1
GCF_059730845.1,gamma proteobacterium symbiont of Scutellera amethystina,gyrA_1_gamma proteobacterium symbiont of Scutellera amethystina_GCF_059730845.1,1,2640,2532.16259765625,118,87,Y,E,GAA,0
GCF_059730845.1,gamma proteobacterium symbiont of Scutellera amethystina,gyrA_1_gamma proteobacterium symbiont of Scutellera amethystina_GCF_059730845.1,1,2640,2532.16259765625,118,101,S,M,ATG,0
GCF_059730845.1,gamma proteobacterium symbiont of Scutellera amethystina,gyrA_1_gamma proteobacterium symbiont of Scutellera amethystina_GCF_059730845.1,1,2640,2532.16259765625,118,105,D,G,GGT,1
GCF_059730845.1,gamma proteobacterium symbiont of Scutellera amethystina,gyrA_1_gamma proteobacterium symbiont of Scutellera amethystina_GCF_059730845.1,1,2640,2532.16259765625,118,106,H,Q,CAG,2
GCF_059730845.1,gamma proteobacterium symbiont of Scutellera amethystina,gyrA_1_gamma proteobacterium symbiont of Scutellera amethystina_GCF_059730845.1,1,2640,2532.16259765625,118,106,L,Q,CAG,1
GCF_059730845.1,gamma proteobacterium symbiont of Scutellera amethystina,gyrA_1_gamma proteobacterium symbiont of Scutellera amethystina_GCF_059730845.1,1,2640,2532.16259765625,118,106,R,Q,CAG,1
GCF_059730845.1,gamma proteobacterium symbiont of Scutellera amethystina,gyrA_1_gamma proteobacterium symbiont of Scutellera amethystina_GCF_059730845.1,1,2640,2532.16259765625,118,119,S,A,GCG,1
GCF_059730845.1,gamma proteobacterium symbiont of Scutellera amethystina,gyrA_1_gamma proteobacterium symbiont of Scutellera amethystina_GCF_059730845.1,1,2640,2532.16259765625,118,119,T,A,GCG,1
GCF_059730845.1,gamma proteobacterium symbiont of Scutellera amethystina,gyrA_1_gamma proteobacterium symbiont of Scutellera amethystina_GCF_059730845.1,1,2640,2532.16259765625,118,165,A,N,AAC,0
GCF_059730845.1,gamma proteobacterium symbiont of Scutellera amethystina,gyrA_1_gamma proteobacterium symbiont of Scutellera amethystina_GCF_059730845.1,1,2640,2532.16259765625,118,196,E,A,GCG,1
GCF_059730845.1,gamma proteobacterium symbiont of Scutellera amethystina,gyrA_1_gamma proteobacterium symbiont of Scutellera amethystina_GCF_059730845.1,1,2640,2532.16259765625,118,386,D,A,GCG,0
GCF_059729505.1,Spiroplasma ixodetis,gyrA_1_Spiroplasma ixodetis_GCF_059729505.1,1,2490,-1664.244873046875,516,51,V,S,TCT,0
GCF_059729505.1,Spiroplasma ixodetis,gyrA_1_Spiroplasma ixodetis_GCF_059729505.1,1,2490,-1664.244873046875,516,57,K,M,ATG,1
GCF_059729505.1,Spiroplasma ixodetis,gyrA_1_Spiroplasma ixodetis_GCF_059729505.1,1,2490,-1664.244873046875,516,67,S,A,GCA,1
GCF_059729505.1,Spiroplasma ixodetis,gyrA_1_Spiroplasma ixodetis_GCF_059729505.1,1,2490,-1664.244873046875,516,67,T,A,GCA,1
GCF_059729505.1,Spiroplasma ixodetis,gyrA_1_Spiroplasma ixodetis_GCF_059729505.1,1,2490,-1664.244873046875,516,72,G,E,GAA,1
GCF_059729505.1,Spiroplasma ixodetis,gyrA_1_Spiroplasma ixodetis_GCF_059729505.1,1,2490,-1664.244873046875,516,72,V,E,GAA,1
GCF_059729505.1,Spiroplasma ixodetis,gyrA_1_Spiroplasma ixodetis_GCF_059729505.1,1,2490,-1664.244873046875,516,77,S,F,TTT,1
GCF_059729505.1,Spiroplasma ixodetis,gyrA_1_Spiroplasma ixodetis_GCF_059729505.1,1,2490,-1664.244873046875,516,80,P,H,CAT,1
GCF_059729505.1,Spiroplasma ixodetis,gyrA_1_Spiroplasma ixodetis_GCF_059729505.1,1,2490,-1664.244873046875,516,80,R,H,CAT,1
GCF_059729505.1,Spiroplasma ixodetis,gyrA_1_Spiroplasma ixodetis_GCF_059729505.1,1,2490,-1664.244873046875,516,81,C,G,GGT,1
GCF_059729505.1,Spiroplasma ixodetis,gyrA_1_Spiroplasma ixodetis_GCF_059729505.1,1,2490,-1664.244873046875,516,81,D,G,GGT,1
GCF_059729505.1,Spiroplasma ixodetis,gyrA_1_Spiroplasma ixodetis_GCF_059729505.1,1,2490,-1664.244873046875,516,82,G,D,GAT,1
GCF_059729505.1,Spiroplasma ixodetis,gyrA_1_Spiroplasma ixodetis_GCF_059729505.1,1,2490,-1664.244873046875,516,82,N,D,GAT,1
GCF_059729505.1,Spiroplasma ixodetis,gyrA_1_Spiroplasma ixodetis_GCF_059729505.1,1,2490,-1664.244873046875,516,82,Y,D,GAT,1
GCF_059729505.1,Spiroplasma ixodetis,gyrA_1_Spiroplasma ixodetis_GCF_059729505.1,1,2490,-1664.244873046875,516,83,A,I,ATT,0
GCF_059729505.1,Spiroplasma ixodetis,gyrA_1_Spiroplasma ixodetis_GCF_059729505.1,1,2490,-1664.244873046875,516,83,F,I,ATT,1
GCF_059729505.1,Spiroplasma ixodetis,gyrA_1_Spiroplasma ixodetis_GCF_059729505.1,1,2490,-1664.244873046875,516,83,I,I,ATT,2
GCF_059729505.1,Spiroplasma ixodetis,gyrA_1_Spiroplasma ixodetis_GCF_059729505.1,1,2490,-1664.244873046875,516,83,K,I,ATT,0
GCF_059729505.1,Spiroplasma ixodetis,gyrA_1_Spiroplasma ixodetis_GCF_059729505.1,1,2490,-1664.244873046875,516,83,L,I,ATT,1
GCF_059729505.1,Spiroplasma ixodetis,gyrA_1_Spiroplasma ixodetis_GCF_059729505.1,1,2490,-1664.244873046875,516,83,M,I,ATT,1
GCF_059729505.1,Spiroplasma ixodetis,gyrA_1_Spiroplasma ixodetis_GCF_059729505.1,1,2490,-1664.244873046875,516,83,R,I,ATT,0
GCF_059729505.1,Spiroplasma ixodetis,gyrA_1_Spiroplasma ixodetis_GCF_059729505.1,1,2490,-1664.244873046875,516,83,S,I,ATT,1
GCF_059729505.1,Spiroplasma ixodetis,gyrA_1_Spiroplasma ixodetis_GCF_059729505.1,1,2490,-1664.244873046875,516,83,V,I,ATT,1
GCF_059729505.1,Spiroplasma ixodetis,gyrA_1_Spiroplasma ixodetis_GCF_059729505.1,1,2490,-1664.244873046875,516,83,W,I,ATT,0
GCF_059729505.1,Spiroplasma ixodetis,gyrA_1_Spiroplasma ixodetis_GCF_059729505.1,1,2490,-1664.244873046875,516,83,Y,I,ATT,0
GCF_059729505.1,Spiroplasma ixodetis,gyrA_1_Spiroplasma ixodetis_GCF_059729505.1,1,2490,-1664.244873046875,516,84,A,A,GCA,3
GCF_059729505.1,Spiroplasma ixodetis,gyrA_1_Spiroplasma ixodetis_GCF_059729505.1,1,2490,-1664.244873046875,516,84,P,A,GCA,1
GCF_059729505.1,Spiroplasma ixodetis,gyrA_1_Spiroplasma ixodetis_GCF_059729505.1,1,2490,-1664.244873046875,516,84,V,A,GCA,1
GCF_059729505.1,Spiroplasma ixodetis,gyrA_1_Spiroplasma ixodetis_GCF_059729505.1,1,2490,-1664.244873046875,516,86,N,Y,TAT,1
GCF_059729505.1,Spiroplasma ixodetis,gyrA_1_Spiroplasma ixodetis_GCF_059729505.1,1,2490,-1664.244873046875,516,86,Y,Y,TAT,1
GCF_059729505.1,Spiroplasma ixodetis,gyrA_1_Spiroplasma ixodetis_GCF_059729505.1,1,2490,-1664.244873046875,516,87,A,E,GAA,1
GCF_059729505.1,Spiroplasma ixodetis,gyrA_1_Spiroplasma ixodetis_GCF_059729505.1,1,2490,-1664.244873046875,516,87,G,E,GAA,1
GCF_059729505.1,Spiroplasma ixodetis,gyrA_1_Spiroplasma ixodetis_GCF_059729505.1,1,2490,-1664.244873046875,516,87,H,E,GAA,0
GCF_059729505.1,Spiroplasma ixodetis,gyrA_1_Spiroplasma ixodetis_GCF_059729505.1,1,2490,-1664.244873046875,516,87,K,E,GAA,1
GCF_059729505.1,Spiroplasma ixodetis,gyrA_1_Spiroplasma ixodetis_GCF_059729505.1,1,2490,-1664.244873046875,516,87,L,E,GAA,0
GCF_059729505.1,Spiroplasma ixodetis,gyrA_1_Spiroplasma ixodetis_GCF_059729505.1,1,2490,-1664.244873046875,516,87,N,E,GAA,0
GCF_059729505.1,Spiroplasma ixodetis,gyrA_1_Spiroplasma ixodetis_GCF_059729505.1,1,2490,-1664.244873046875,516,87,Q,E,GAA,1
GCF_059729505.1,Spiroplasma ixodetis,gyrA_1_Spiroplasma ixodetis_GCF_059729505.1,1,2490,-1664.244873046875,516,87,R,E,GAA,0
GCF_059729505.1,Spiroplasma ixodetis,gyrA_1_Spiroplasma ixodetis_GCF_059729505.1,1,2490,-1664.244873046875,516,87,T,E,GAA,0
GCF_059729505.1,Spiroplasma ixodetis,gyrA_1_Spiroplasma ixodetis_GCF_059729505.1,1,2490,-1664.244873046875,516,87,V,E,GAA,1
GCF_059729505.1,Spiroplasma ixodetis,gyrA_1_Spiroplasma ixodetis_GCF_059729505.1,1,2490,-1664.244873046875,516,87,Y,E,GAA,0
GCF_059729505.1,Spiroplasma ixodetis,gyrA_1_Spiroplasma ixodetis_GCF_059729505.1,1,2490,-1664.244873046875,516,101,S,P,CCT,1
GCF_059729505.1,Spiroplasma ixodetis,gyrA_1_Spiroplasma ixodetis_GCF_059729505.1,1,2490,-1664.244873046875,516,105,D,G,GGC,1
GCF_059729505.1,Spiroplasma ixodetis,gyrA_1_Spiroplasma ixodetis_GCF_059729505.1,1,2490,-1664.244873046875,516,106,H,Q,CAA,2
GCF_059729505.1,Spiroplasma ixodetis,gyrA_1_Spiroplasma ixodetis_GCF_059729505.1,1,2490,-1664.244873046875,516,106,L,Q,CAA,1
GCF_059729505.1,Spiroplasma ixodetis,gyrA_1_Spiroplasma ixodetis_GCF_059729505.1,1,2490,-1664.244873046875,516,106,R,Q,CAA,1
GCF_059729505.1,Spiroplasma ixodetis,gyrA_1_Spiroplasma ixodetis_GCF_059729505.1,1,2490,-1664.244873046875,516,119,S,A,GCT,1
GCF_059729505.1,Spiroplasma ixodetis,gyrA_1_Spiroplasma ixodetis_GCF_059729505.1,1,2490,-1664.244873046875,516,119,T,A,GCT,1
GCF_059729505.1,Spiroplasma ixodetis,gyrA_1_Spiroplasma ixodetis_GCF_059729505.1,1,2490,-1664.244873046875,516,165,A,N,AAT,0
GCF_059729505.1,Spiroplasma ixodetis,gyrA_1_Spiroplasma ixodetis_GCF_059729505.1,1,2490,-1664.244873046875,516,196,E,A,GCT,0
GCF_059729505.1,Spiroplasma ixodetis,gyrA_1_Spiroplasma ixodetis_GCF_059729505.1,1,2490,-1664.244873046875,516,386,D,A,GCA,0
GCF_059728685.1,Parvibacter caecicola,gyrA_1_Parvibacter caecicola_GCF_059728685.1,1,2772,-1386.218017578125,530,51,V,A,GCT,1
GCF_059728685.1,Parvibacter caecicola,gyrA_1_Parvibacter caecicola_GCF_059728685.1,1,2772,-1386.218017578125,530,57,K,Y,TAC,0
GCF_059728685.1,Parvibacter caecicola,gyrA_1_Parvibacter caecicola_GCF_059728685.1,1,2772,-1386.218017578125,530,67,S,A,GCC,1
GCF_059728685.1,Parvibacter caecicola,gyrA_1_Parvibacter caecicola_GCF_059728685.1,1,2772,-1386.218017578125,530,67,T,A,GCC,1
GCF_059728685.1,Parvibacter caecicola,gyrA_1_Parvibacter caecicola_GCF_059728685.1,1,2772,-1386.218017578125,530,72,G,D,GAC,1
GCF_059728685.1,Parvibacter caecicola,gyrA_1_Parvibacter caecicola_GCF_059728685.1,1,2772,-1386.218017578125,530,72,V,D,GAC,1
GCF_059728685.1,Parvibacter caecicola,gyrA_1_Parvibacter caecicola_GCF_059728685.1,1,2772,-1386.218017578125,530,77,S,Y,TAC,1
GCF_059728685.1,Parvibacter caecicola,gyrA_1_Parvibacter caecicola_GCF_059728685.1,1,2772,-1386.218017578125,530,80,P,H,CAT,1
GCF_059728685.1,Parvibacter caecicola,gyrA_1_Parvibacter caecicola_GCF_059728685.1,1,2772,-1386.218017578125,530,80,R,H,CAT,1
GCF_059728685.1,Parvibacter caecicola,gyrA_1_Parvibacter caecicola_GCF_059728685.1,1,2772,-1386.218017578125,530,81,C,G,GGC,1
GCF_059728685.1,Parvibacter caecicola,gyrA_1_Parvibacter caecicola_GCF_059728685.1,1,2772,-1386.218017578125,530,81,D,G,GGC,1
GCF_059728685.1,Parvibacter caecicola,gyrA_1_Parvibacter caecicola_GCF_059728685.1,1,2772,-1386.218017578125,530,82,G,D,GAC,1
GCF_059728685.1,Parvibacter caecicola,gyrA_1_Parvibacter caecicola_GCF_059728685.1,1,2772,-1386.218017578125,530,82,N,D,GAC,1
GCF_059728685.1,Parvibacter caecicola,gyrA_1_Parvibacter caecicola_GCF_059728685.1,1,2772,-1386.218017578125,530,82,Y,D,GAC,1
GCF_059728685.1,Parvibacter caecicola,gyrA_1_Parvibacter caecicola_GCF_059728685.1,1,2772,-1386.218017578125,530,83,A,S,TCG,1
GCF_059728685.1,Parvibacter caecicola,gyrA_1_Parvibacter caecicola_GCF_059728685.1,1,2772,-1386.218017578125,530,83,F,S,TCG,0
GCF_059728685.1,Parvibacter caecicola,gyrA_1_Parvibacter caecicola_GCF_059728685.1,1,2772,-1386.218017578125,530,83,I,S,TCG,0
GCF_059728685.1,Parvibacter caecicola,gyrA_1_Parvibacter caecicola_GCF_059728685.1,1,2772,-1386.218017578125,530,83,K,S,TCG,0
GCF_059728685.1,Parvibacter caecicola,gyrA_1_Parvibacter caecicola_GCF_059728685.1,1,2772,-1386.218017578125,530,83,L,S,TCG,1
GCF_059728685.1,Parvibacter caecicola,gyrA_1_Parvibacter caecicola_GCF_059728685.1,1,2772,-1386.218017578125,530,83,M,S,TCG,0
GCF_059728685.1,Parvibacter caecicola,gyrA_1_Parvibacter caecicola_GCF_059728685.1,1,2772,-1386.218017578125,530,83,R,S,TCG,0
GCF_059728685.1,Parvibacter caecicola,gyrA_1_Parvibacter caecicola_GCF_059728685.1,1,2772,-1386.218017578125,530,83,S,S,TCG,3
GCF_059728685.1,Parvibacter caecicola,gyrA_1_Parvibacter caecicola_GCF_059728685.1,1,2772,-1386.218017578125,530,83,V,S,TCG,0
GCF_059728685.1,Parvibacter caecicola,gyrA_1_Parvibacter caecicola_GCF_059728685.1,1,2772,-1386.218017578125,530,83,W,S,TCG,1
GCF_059728685.1,Parvibacter caecicola,gyrA_1_Parvibacter caecicola_GCF_059728685.1,1,2772,-1386.218017578125,530,83,Y,S,TCG,0
GCF_059728685.1,Parvibacter caecicola,gyrA_1_Parvibacter caecicola_GCF_059728685.1,1,2772,-1386.218017578125,530,84,A,A,GCC,3
GCF_059728685.1,Parvibacter caecicola,gyrA_1_Parvibacter caecicola_GCF_059728685.1,1,2772,-1386.218017578125,530,84,P,A,GCC,1
GCF_059728685.1,Parvibacter caecicola,gyrA_1_Parvibacter caecicola_GCF_059728685.1,1,2772,-1386.218017578125,530,84,V,A,GCC,1
GCF_059728685.1,Parvibacter caecicola,gyrA_1_Parvibacter caecicola_GCF_059728685.1,1,2772,-1386.218017578125,530,86,N,Y,TAC,1
GCF_059728685.1,Parvibacter caecicola,gyrA_1_Parvibacter caecicola_GCF_059728685.1,1,2772,-1386.218017578125,530,86,Y,Y,TAC,1
GCF_059728685.1,Parvibacter caecicola,gyrA_1_Parvibacter caecicola_GCF_059728685.1,1,2772,-1386.218017578125,530,87,A,D,GAC,1
GCF_059728685.1,Parvibacter caecicola,gyrA_1_Parvibacter caecicola_GCF_059728685.1,1,2772,-1386.218017578125,530,87,G,D,GAC,1
GCF_059728685.1,Parvibacter caecicola,gyrA_1_Parvibacter caecicola_GCF_059728685.1,1,2772,-1386.218017578125,530,87,H,D,GAC,1
GCF_059728685.1,Parvibacter caecicola,gyrA_1_Parvibacter caecicola_GCF_059728685.1,1,2772,-1386.218017578125,530,87,K,D,GAC,0
GCF_059728685.1,Parvibacter caecicola,gyrA_1_Parvibacter caecicola_GCF_059728685.1,1,2772,-1386.218017578125,530,87,L,D,GAC,0
GCF_059728685.1,Parvibacter caecicola,gyrA_1_Parvibacter caecicola_GCF_059728685.1,1,2772,-1386.218017578125,530,87,N,D,GAC,1
GCF_059728685.1,Parvibacter caecicola,gyrA_1_Parvibacter caecicola_GCF_059728685.1,1,2772,-1386.218017578125,530,87,Q,D,GAC,0
GCF_059728685.1,Parvibacter caecicola,gyrA_1_Parvibacter caecicola_GCF_059728685.1,1,2772,-1386.218017578125,530,87,R,D,GAC,0
GCF_059728685.1,Parvibacter caecicola,gyrA_1_Parvibacter caecicola_GCF_059728685.1,1,2772,-1386.218017578125,530,87,T,D,GAC,0
GCF_059728685.1,Parvibacter caecicola,gyrA_1_Parvibacter caecicola_GCF_059728685.1,1,2772,-1386.218017578125,530,87,V,D,GAC,1
GCF_059728685.1,Parvibacter caecicola,gyrA_1_Parvibacter caecicola_GCF_059728685.1,1,2772,-1386.218017578125,530,87,Y,D,GAC,1
GCF_059728685.1,Parvibacter caecicola,gyrA_1_Parvibacter caecicola_GCF_059728685.1,1,2772,-1386.218017578125,530,101,S,P,CCG,1
GCF_059728685.1,Parvibacter caecicola,gyrA_1_Parvibacter caecicola_GCF_059728685.1,1,2772,-1386.218017578125,530,105,D,G,GGC,1
GCF_059728685.1,Parvibacter caecicola,gyrA_1_Parvibacter caecicola_GCF_059728685.1,1,2772,-1386.218017578125,530,106,H,H,CAC,1
GCF_059728685.1,Parvibacter caecicola,gyrA_1_Parvibacter caecicola_GCF_059728685.1,1,2772,-1386.218017578125,530,106,L,H,CAC,1
GCF_059728685.1,Parvibacter caecicola,gyrA_1_Parvibacter caecicola_GCF_059728685.1,1,2772,-1386.218017578125,530,106,R,H,CAC,1
GCF_059728685.1,Parvibacter caecicola,gyrA_1_Parvibacter caecicola_GCF_059728685.1,1,2772,-1386.218017578125,530,119,S,A,GCC,1
GCF_059728685.1,Parvibacter caecicola,gyrA_1_Parvibacter caecicola_GCF_059728685.1,1,2772,-1386.218017578125,530,119,T,A,GCC,1
GCF_059728685.1,Parvibacter caecicola,gyrA_1_Parvibacter caecicola_GCF_059728685.1,1,2772,-1386.218017578125,530,165,A,N,AAC,0
GCF_059728685.1,Parvibacter caecicola,gyrA_1_Parvibacter caecicola_GCF_059728685.1,1,2772,-1386.218017578125,530,196,E,L,CTC,0
GCF_059728685.1,Parvibacter caecicola,gyrA_1_Parvibacter caecicola_GCF_059728685.1,1,2772,-1386.218017578125,530,386,D,A,GCG,0
GCF_059728275.1,Eisenbergiella massiliensis,gyrA_1_Eisenbergiella massiliensis_GCF_059728275.1,1,2571,-1090.908935546875,463,51,V,S,TCC,0
GCF_059728275.1,Eisenbergiella massiliensis,gyrA_1_Eisenbergiella massiliensis_GCF_059728275.1,1,2571,-1090.908935546875,463,57,K,N,AAC,2
GCF_059728275.1,Eisenbergiella massiliensis,gyrA_1_Eisenbergiella massiliensis_GCF_059728275.1,1,2571,-1090.908935546875,463,67,S,A,GCC,1
GCF_059728275.1,Eisenbergiella massiliensis,gyrA_1_Eisenbergiella massiliensis_GCF_059728275.1,1,2571,-1090.908935546875,463,67,T,A,GCC,1
GCF_059728275.1,Eisenbergiella massiliensis,gyrA_1_Eisenbergiella massiliensis_GCF_059728275.1,1,2571,-1090.908935546875,463,72,G,D,GAT,1
GCF_059728275.1,Eisenbergiella massiliensis,gyrA_1_Eisenbergiella massiliensis_GCF_059728275.1,1,2571,-1090.908935546875,463,72,V,D,GAT,1
GCF_059728275.1,Eisenbergiella massiliensis,gyrA_1_Eisenbergiella massiliensis_GCF_059728275.1,1,2571,-1090.908935546875,463,77,S,Y,TAC,1
GCF_059728275.1,Eisenbergiella massiliensis,gyrA_1_Eisenbergiella massiliensis_GCF_059728275.1,1,2571,-1090.908935546875,463,80,P,H,CAC,1
GCF_059728275.1,Eisenbergiella massiliensis,gyrA_1_Eisenbergiella massiliensis_GCF_059728275.1,1,2571,-1090.908935546875,463,80,R,H,CAC,1
GCF_059728275.1,Eisenbergiella massiliensis,gyrA_1_Eisenbergiella massiliensis_GCF_059728275.1,1,2571,-1090.908935546875,463,81,C,G,GGC,1
GCF_059728275.1,Eisenbergiella massiliensis,gyrA_1_Eisenbergiella massiliensis_GCF_059728275.1,1,2571,-1090.908935546875,463,81,D,G,GGC,1
GCF_059728275.1,Eisenbergiella massiliensis,gyrA_1_Eisenbergiella massiliensis_GCF_059728275.1,1,2571,-1090.908935546875,463,82,G,D,GAC,1
GCF_059728275.1,Eisenbergiella massiliensis,gyrA_1_Eisenbergiella massiliensis_GCF_059728275.1,1,2571,-1090.908935546875,463,82,N,D,GAC,1
GCF_059728275.1,Eisenbergiella massiliensis,gyrA_1_Eisenbergiella massiliensis_GCF_059728275.1,1,2571,-1090.908935546875,463,82,Y,D,GAC,1
GCF_059728275.1,Eisenbergiella massiliensis,gyrA_1_Eisenbergiella massiliensis_GCF_059728275.1,1,2571,-1090.908935546875,463,83,A,S,AGC,0
GCF_059728275.1,Eisenbergiella massiliensis,gyrA_1_Eisenbergiella massiliensis_GCF_059728275.1,1,2571,-1090.908935546875,463,83,F,S,AGC,0
GCF_059728275.1,Eisenbergiella massiliensis,gyrA_1_Eisenbergiella massiliensis_GCF_059728275.1,1,2571,-1090.908935546875,463,83,I,S,AGC,1
GCF_059728275.1,Eisenbergiella massiliensis,gyrA_1_Eisenbergiella massiliensis_GCF_059728275.1,1,2571,-1090.908935546875,463,83,K,S,AGC,0
GCF_059728275.1,Eisenbergiella massiliensis,gyrA_1_Eisenbergiella massiliensis_GCF_059728275.1,1,2571,-1090.908935546875,463,83,L,S,AGC,0
GCF_059728275.1,Eisenbergiella massiliensis,gyrA_1_Eisenbergiella massiliensis_GCF_059728275.1,1,2571,-1090.908935546875,463,83,M,S,AGC,0
GCF_059728275.1,Eisenbergiella massiliensis,gyrA_1_Eisenbergiella massiliensis_GCF_059728275.1,1,2571,-1090.908935546875,463,83,R,S,AGC,3
GCF_059728275.1,Eisenbergiella massiliensis,gyrA_1_Eisenbergiella massiliensis_GCF_059728275.1,1,2571,-1090.908935546875,463,83,S,S,AGC,1
GCF_059728275.1,Eisenbergiella massiliensis,gyrA_1_Eisenbergiella massiliensis_GCF_059728275.1,1,2571,-1090.908935546875,463,83,V,S,AGC,0
GCF_059728275.1,Eisenbergiella massiliensis,gyrA_1_Eisenbergiella massiliensis_GCF_059728275.1,1,2571,-1090.908935546875,463,83,W,S,AGC,0
GCF_059728275.1,Eisenbergiella massiliensis,gyrA_1_Eisenbergiella massiliensis_GCF_059728275.1,1,2571,-1090.908935546875,463,83,Y,S,AGC,0
GCF_059728275.1,Eisenbergiella massiliensis,gyrA_1_Eisenbergiella massiliensis_GCF_059728275.1,1,2571,-1090.908935546875,463,84,A,S,TCC,1
GCF_059728275.1,Eisenbergiella massiliensis,gyrA_1_Eisenbergiella massiliensis_GCF_059728275.1,1,2571,-1090.908935546875,463,84,P,S,TCC,1
GCF_059728275.1,Eisenbergiella massiliensis,gyrA_1_Eisenbergiella massiliensis_GCF_059728275.1,1,2571,-1090.908935546875,463,84,V,S,TCC,0
GCF_059728275.1,Eisenbergiella massiliensis,gyrA_1_Eisenbergiella massiliensis_GCF_059728275.1,1,2571,-1090.908935546875,463,86,N,Y,TAC,1
GCF_059728275.1,Eisenbergiella massiliensis,gyrA_1_Eisenbergiella massiliensis_GCF_059728275.1,1,2571,-1090.908935546875,463,86,Y,Y,TAC,1
GCF_059728275.1,Eisenbergiella massiliensis,gyrA_1_Eisenbergiella massiliensis_GCF_059728275.1,1,2571,-1090.908935546875,463,87,A,G,GGG,1
GCF_059728275.1,Eisenbergiella massiliensis,gyrA_1_Eisenbergiella massiliensis_GCF_059728275.1,1,2571,-1090.908935546875,463,87,G,G,GGG,3
GCF_059728275.1,Eisenbergiella massiliensis,gyrA_1_Eisenbergiella massiliensis_GCF_059728275.1,1,2571,-1090.908935546875,463,87,H,G,GGG,0
GCF_059728275.1,Eisenbergiella massiliensis,gyrA_1_Eisenbergiella massiliensis_GCF_059728275.1,1,2571,-1090.908935546875,463,87,K,G,GGG,0
GCF_059728275.1,Eisenbergiella massiliensis,gyrA_1_Eisenbergiella massiliensis_GCF_059728275.1,1,2571,-1090.908935546875,463,87,L,G,GGG,0
GCF_059728275.1,Eisenbergiella massiliensis,gyrA_1_Eisenbergiella massiliensis_GCF_059728275.1,1,2571,-1090.908935546875,463,87,N,G,GGG,0
GCF_059728275.1,Eisenbergiella massiliensis,gyrA_1_Eisenbergiella massiliensis_GCF_059728275.1,1,2571,-1090.908935546875,463,87,Q,G,GGG,0
GCF_059728275.1,Eisenbergiella massiliensis,gyrA_1_Eisenbergiella massiliensis_GCF_059728275.1,1,2571,-1090.908935546875,463,87,R,G,GGG,2
GCF_059728275.1,Eisenbergiella massiliensis,gyrA_1_Eisenbergiella massiliensis_GCF_059728275.1,1,2571,-1090.908935546875,463,87,T,G,GGG,0
GCF_059728275.1,Eisenbergiella massiliensis,gyrA_1_Eisenbergiella massiliensis_GCF_059728275.1,1,2571,-1090.908935546875,463,87,V,G,GGG,1
GCF_059728275.1,Eisenbergiella massiliensis,gyrA_1_Eisenbergiella massiliensis_GCF_059728275.1,1,2571,-1090.908935546875,463,87,Y,G,GGG,0
GCF_059728275.1,Eisenbergiella massiliensis,gyrA_1_Eisenbergiella massiliensis_GCF_059728275.1,1,2571,-1090.908935546875,463,101,S,P,CCG,1
GCF_059728275.1,Eisenbergiella massiliensis,gyrA_1_Eisenbergiella massiliensis_GCF_059728275.1,1,2571,-1090.908935546875,463,105,D,G,GGA,0
GCF_059728275.1,Eisenbergiella massiliensis,gyrA_1_Eisenbergiella massiliensis_GCF_059728275.1,1,2571,-1090.908935546875,463,106,H,H,CAC,1
GCF_059728275.1,Eisenbergiella massiliensis,gyrA_1_Eisenbergiella massiliensis_GCF_059728275.1,1,2571,-1090.908935546875,463,106,L,H,CAC,1
GCF_059728275.1,Eisenbergiella massiliensis,gyrA_1_Eisenbergiella massiliensis_GCF_059728275.1,1,2571,-1090.908935546875,463,106,R,H,CAC,1
GCF_059728275.1,Eisenbergiella massiliensis,gyrA_1_Eisenbergiella massiliensis_GCF_059728275.1,1,2571,-1090.908935546875,463,119,S,A,GCC,1
GCF_059728275.1,Eisenbergiella massiliensis,gyrA_1_Eisenbergiella massiliensis_GCF_059728275.1,1,2571,-1090.908935546875,463,119,T,A,GCC,1
GCF_059728275.1,Eisenbergiella massiliensis,gyrA_1_Eisenbergiella massiliensis_GCF_059728275.1,1,2571,-1090.908935546875,463,165,A,N,AAT,0
GCF_059728275.1,Eisenbergiella massiliensis,gyrA_1_Eisenbergiella massiliensis_GCF_059728275.1,1,2571,-1090.908935546875,463,196,E,R,AGG,0
GCF_059728275.1,Eisenbergiella massiliensis,gyrA_1_Eisenbergiella massiliensis_GCF_059728275.1,1,2571,-1090.908935546875,463,386,D,A,GCC,1
GCF_059728205.1,Extibacter muris,gyrA_1_Extibacter muris_GCF_059728205.1,1,2469,-1036.7913818359375,458,51,V,S,TCC,0
GCF_059728205.1,Extibacter muris,gyrA_1_Extibacter muris_GCF_059728205.1,1,2469,-1036.7913818359375,458,57,K,N,AAC,2
GCF_059728205.1,Extibacter muris,gyrA_1_Extibacter muris_GCF_059728205.1,1,2469,-1036.7913818359375,458,67,S,A,GCC,1
GCF_059728205.1,Extibacter muris,gyrA_1_Extibacter muris_GCF_059728205.1,1,2469,-1036.7913818359375,458,67,T,A,GCC,1
GCF_059728205.1,Extibacter muris,gyrA_1_Extibacter muris_GCF_059728205.1,1,2469,-1036.7913818359375,458,72,G,D,GAT,1
GCF_059728205.1,Extibacter muris,gyrA_1_Extibacter muris_GCF_059728205.1,1,2469,-1036.7913818359375,458,72,V,D,GAT,1
GCF_059728205.1,Extibacter muris,gyrA_1_Extibacter muris_GCF_059728205.1,1,2469,-1036.7913818359375,458,77,S,Y,TAC,1
GCF_059728205.1,Extibacter muris,gyrA_1_Extibacter muris_GCF_059728205.1,1,2469,-1036.7913818359375,458,80,P,H,CAC,1
GCF_059728205.1,Extibacter muris,gyrA_1_Extibacter muris_GCF_059728205.1,1,2469,-1036.7913818359375,458,80,R,H,CAC,1
GCF_059728205.1,Extibacter muris,gyrA_1_Extibacter muris_GCF_059728205.1,1,2469,-1036.7913818359375,458,81,C,G,GGC,1
GCF_059728205.1,Extibacter muris,gyrA_1_Extibacter muris_GCF_059728205.1,1,2469,-1036.7913818359375,458,81,D,G,GGC,1
GCF_059728205.1,Extibacter muris,gyrA_1_Extibacter muris_GCF_059728205.1,1,2469,-1036.7913818359375,458,82,G,D,GAC,1
GCF_059728205.1,Extibacter muris,gyrA_1_Extibacter muris_GCF_059728205.1,1,2469,-1036.7913818359375,458,82,N,D,GAC,1
GCF_059728205.1,Extibacter muris,gyrA_1_Extibacter muris_GCF_059728205.1,1,2469,-1036.7913818359375,458,82,Y,D,GAC,1
GCF_059728205.1,Extibacter muris,gyrA_1_Extibacter muris_GCF_059728205.1,1,2469,-1036.7913818359375,458,83,A,S,AGT,0
GCF_059728205.1,Extibacter muris,gyrA_1_Extibacter muris_GCF_059728205.1,1,2469,-1036.7913818359375,458,83,F,S,AGT,0
GCF_059728205.1,Extibacter muris,gyrA_1_Extibacter muris_GCF_059728205.1,1,2469,-1036.7913818359375,458,83,I,S,AGT,1
GCF_059728205.1,Extibacter muris,gyrA_1_Extibacter muris_GCF_059728205.1,1,2469,-1036.7913818359375,458,83,K,S,AGT,0
GCF_059728205.1,Extibacter muris,gyrA_1_Extibacter muris_GCF_059728205.1,1,2469,-1036.7913818359375,458,83,L,S,AGT,0
GCF_059728205.1,Extibacter muris,gyrA_1_Extibacter muris_GCF_059728205.1,1,2469,-1036.7913818359375,458,83,M,S,AGT,0
GCF_059728205.1,Extibacter muris,gyrA_1_Extibacter muris_GCF_059728205.1,1,2469,-1036.7913818359375,458,83,R,S,AGT,3
GCF_059728205.1,Extibacter muris,gyrA_1_Extibacter muris_GCF_059728205.1,1,2469,-1036.7913818359375,458,83,S,S,AGT,1
GCF_059728205.1,Extibacter muris,gyrA_1_Extibacter muris_GCF_059728205.1,1,2469,-1036.7913818359375,458,83,V,S,AGT,0
GCF_059728205.1,Extibacter muris,gyrA_1_Extibacter muris_GCF_059728205.1,1,2469,-1036.7913818359375,458,83,W,S,AGT,0
GCF_059728205.1,Extibacter muris,gyrA_1_Extibacter muris_GCF_059728205.1,1,2469,-1036.7913818359375,458,83,Y,S,AGT,0
GCF_059728205.1,Extibacter muris,gyrA_1_Extibacter muris_GCF_059728205.1,1,2469,-1036.7913818359375,458,84,A,S,TCC,1
GCF_059728205.1,Extibacter muris,gyrA_1_Extibacter muris_GCF_059728205.1,1,2469,-1036.7913818359375,458,84,P,S,TCC,1
GCF_059728205.1,Extibacter muris,gyrA_1_Extibacter muris_GCF_059728205.1,1,2469,-1036.7913818359375,458,84,V,S,TCC,0
GCF_059728205.1,Extibacter muris,gyrA_1_Extibacter muris_GCF_059728205.1,1,2469,-1036.7913818359375,458,86,N,Y,TAC,1
GCF_059728205.1,Extibacter muris,gyrA_1_Extibacter muris_GCF_059728205.1,1,2469,-1036.7913818359375,458,86,Y,Y,TAC,1
GCF_059728205.1,Extibacter muris,gyrA_1_Extibacter muris_GCF_059728205.1,1,2469,-1036.7913818359375,458,87,A,G,GGA,1
GCF_059728205.1,Extibacter muris,gyrA_1_Extibacter muris_GCF_059728205.1,1,2469,-1036.7913818359375,458,87,G,G,GGA,3
GCF_059728205.1,Extibacter muris,gyrA_1_Extibacter muris_GCF_059728205.1,1,2469,-1036.7913818359375,458,87,H,G,GGA,0
GCF_059728205.1,Extibacter muris,gyrA_1_Extibacter muris_GCF_059728205.1,1,2469,-1036.7913818359375,458,87,K,G,GGA,0
GCF_059728205.1,Extibacter muris,gyrA_1_Extibacter muris_GCF_059728205.1,1,2469,-1036.7913818359375,458,87,L,G,GGA,0
GCF_059728205.1,Extibacter muris,gyrA_1_Extibacter muris_GCF_059728205.1,1,2469,-1036.7913818359375,458,87,N,G,GGA,0
GCF_059728205.1,Extibacter muris,gyrA_1_Extibacter muris_GCF_059728205.1,1,2469,-1036.7913818359375,458,87,Q,G,GGA,0
GCF_059728205.1,Extibacter muris,gyrA_1_Extibacter muris_GCF_059728205.1,1,2469,-1036.7913818359375,458,87,R,G,GGA,2
GCF_059728205.1,Extibacter muris,gyrA_1_Extibacter muris_GCF_059728205.1,1,2469,-1036.7913818359375,458,87,T,G,GGA,0
GCF_059728205.1,Extibacter muris,gyrA_1_Extibacter muris_GCF_059728205.1,1,2469,-1036.7913818359375,458,87,V,G,GGA,1
GCF_059728205.1,Extibacter muris,gyrA_1_Extibacter muris_GCF_059728205.1,1,2469,-1036.7913818359375,458,87,Y,G,GGA,0
GCF_059728205.1,Extibacter muris,gyrA_1_Extibacter muris_GCF_059728205.1,1,2469,-1036.7913818359375,458,101,S,P,CCG,1
GCF_059728205.1,Extibacter muris,gyrA_1_Extibacter muris_GCF_059728205.1,1,2469,-1036.7913818359375,458,105,D,G,GGA,0
GCF_059728205.1,Extibacter muris,gyrA_1_Extibacter muris_GCF_059728205.1,1,2469,-1036.7913818359375,458,106,H,H,CAC,1
GCF_059728205.1,Extibacter muris,gyrA_1_Extibacter muris_GCF_059728205.1,1,2469,-1036.7913818359375,458,106,L,H,CAC,1
GCF_059728205.1,Extibacter muris,gyrA_1_Extibacter muris_GCF_059728205.1,1,2469,-1036.7913818359375,458,106,R,H,CAC,1
GCF_059728205.1,Extibacter muris,gyrA_1_Extibacter muris_GCF_059728205.1,1,2469,-1036.7913818359375,458,119,S,A,GCC,1
GCF_059728205.1,Extibacter muris,gyrA_1_Extibacter muris_GCF_059728205.1,1,2469,-1036.7913818359375,458,119,T,A,GCC,1
GCF_059728205.1,Extibacter muris,gyrA_1_Extibacter muris_GCF_059728205.1,1,2469,-1036.7913818359375,458,165,A,N,AAT,0
GCF_059728205.1,Extibacter muris,gyrA_1_Extibacter muris_GCF_059728205.1,1,2469,-1036.7913818359375,458,196,E,K,AAA,1
GCF_059728205.1,Extibacter muris,gyrA_1_Extibacter muris_GCF_059728205.1,1,2469,-1036.7913818359375,458,386,D,A,GCT,1
GCF_059727625.1,Streptococcus mobilis,gyrA_1_Streptococcus mobilis_GCF_059727625.1,1,2457,-958.4686279296875,444,51,V,G,GGA,1
GCF_059727625.1,Streptococcus mobilis,gyrA_1_Streptococcus mobilis_GCF_059727625.1,1,2457,-958.4686279296875,444,57,K,V,GTT,0
GCF_059727625.1,Streptococcus mobilis,gyrA_1_Streptococcus mobilis_GCF_059727625.1,1,2457,-958.4686279296875,444,67,S,A,GCC,1
GCF_059727625.1,Streptococcus mobilis,gyrA_1_Streptococcus mobilis_GCF_059727625.1,1,2457,-958.4686279296875,444,67,T,A,GCC,1
GCF_059727625.1,Streptococcus mobilis,gyrA_1_Streptococcus mobilis_GCF_059727625.1,1,2457,-958.4686279296875,444,72,G,D,GAT,1
GCF_059727625.1,Streptococcus mobilis,gyrA_1_Streptococcus mobilis_GCF_059727625.1,1,2457,-958.4686279296875,444,72,V,D,GAT,1
GCF_059727625.1,Streptococcus mobilis,gyrA_1_Streptococcus mobilis_GCF_059727625.1,1,2457,-958.4686279296875,444,77,S,Y,TAC,1
GCF_059727625.1,Streptococcus mobilis,gyrA_1_Streptococcus mobilis_GCF_059727625.1,1,2457,-958.4686279296875,444,80,P,H,CAC,1
GCF_059727625.1,Streptococcus mobilis,gyrA_1_Streptococcus mobilis_GCF_059727625.1,1,2457,-958.4686279296875,444,80,R,H,CAC,1
GCF_059727625.1,Streptococcus mobilis,gyrA_1_Streptococcus mobilis_GCF_059727625.1,1,2457,-958.4686279296875,444,81,C,G,GGG,0
GCF_059727625.1,Streptococcus mobilis,gyrA_1_Streptococcus mobilis_GCF_059727625.1,1,2457,-958.4686279296875,444,81,D,G,GGG,0
GCF_059727625.1,Streptococcus mobilis,gyrA_1_Streptococcus mobilis_GCF_059727625.1,1,2457,-958.4686279296875,444,82,G,D,GAT,1
GCF_059727625.1,Streptococcus mobilis,gyrA_1_Streptococcus mobilis_GCF_059727625.1,1,2457,-958.4686279296875,444,82,N,D,GAT,1
GCF_059727625.1,Streptococcus mobilis,gyrA_1_Streptococcus mobilis_GCF_059727625.1,1,2457,-958.4686279296875,444,82,Y,D,GAT,1
GCF_059727625.1,Streptococcus mobilis,gyrA_1_Streptococcus mobilis_GCF_059727625.1,1,2457,-958.4686279296875,444,83,A,S,TCC,1
GCF_059727625.1,Streptococcus mobilis,gyrA_1_Streptococcus mobilis_GCF_059727625.1,1,2457,-958.4686279296875,444,83,F,S,TCC,1
GCF_059727625.1,Streptococcus mobilis,gyrA_1_Streptococcus mobilis_GCF_059727625.1,1,2457,-958.4686279296875,444,83,I,S,TCC,0
GCF_059727625.1,Streptococcus mobilis,gyrA_1_Streptococcus mobilis_GCF_059727625.1,1,2457,-958.4686279296875,444,83,K,S,TCC,0
GCF_059727625.1,Streptococcus mobilis,gyrA_1_Streptococcus mobilis_GCF_059727625.1,1,2457,-958.4686279296875,444,83,L,S,TCC,0
GCF_059727625.1,Streptococcus mobilis,gyrA_1_Streptococcus mobilis_GCF_059727625.1,1,2457,-958.4686279296875,444,83,M,S,TCC,0
GCF_059727625.1,Streptococcus mobilis,gyrA_1_Streptococcus mobilis_GCF_059727625.1,1,2457,-958.4686279296875,444,83,R,S,TCC,0
GCF_059727625.1,Streptococcus mobilis,gyrA_1_Streptococcus mobilis_GCF_059727625.1,1,2457,-958.4686279296875,444,83,S,S,TCC,3
GCF_059727625.1,Streptococcus mobilis,gyrA_1_Streptococcus mobilis_GCF_059727625.1,1,2457,-958.4686279296875,444,83,V,S,TCC,0
GCF_059727625.1,Streptococcus mobilis,gyrA_1_Streptococcus mobilis_GCF_059727625.1,1,2457,-958.4686279296875,444,83,W,S,TCC,0
GCF_059727625.1,Streptococcus mobilis,gyrA_1_Streptococcus mobilis_GCF_059727625.1,1,2457,-958.4686279296875,444,83,Y,S,TCC,1
GCF_059727625.1,Streptococcus mobilis,gyrA_1_Streptococcus mobilis_GCF_059727625.1,1,2457,-958.4686279296875,444,84,A,S,TCT,1
GCF_059727625.1,Streptococcus mobilis,gyrA_1_Streptococcus mobilis_GCF_059727625.1,1,2457,-958.4686279296875,444,84,P,S,TCT,1
GCF_059727625.1,Streptococcus mobilis,gyrA_1_Streptococcus mobilis_GCF_059727625.1,1,2457,-958.4686279296875,444,84,V,S,TCT,0
GCF_059727625.1,Streptococcus mobilis,gyrA_1_Streptococcus mobilis_GCF_059727625.1,1,2457,-958.4686279296875,444,86,N,Y,TAT,1
GCF_059727625.1,Streptococcus mobilis,gyrA_1_Streptococcus mobilis_GCF_059727625.1,1,2457,-958.4686279296875,444,86,Y,Y,TAT,1
GCF_059727625.1,Streptococcus mobilis,gyrA_1_Streptococcus mobilis_GCF_059727625.1,1,2457,-958.4686279296875,444,87,A,E,GAA,1
GCF_059727625.1,Streptococcus mobilis,gyrA_1_Streptococcus mobilis_GCF_059727625.1,1,2457,-958.4686279296875,444,87,G,E,GAA,1
GCF_059727625.1,Streptococcus mobilis,gyrA_1_Streptococcus mobilis_GCF_059727625.1,1,2457,-958.4686279296875,444,87,H,E,GAA,0
GCF_059727625.1,Streptococcus mobilis,gyrA_1_Streptococcus mobilis_GCF_059727625.1,1,2457,-958.4686279296875,444,87,K,E,GAA,1
GCF_059727625.1,Streptococcus mobilis,gyrA_1_Streptococcus mobilis_GCF_059727625.1,1,2457,-958.4686279296875,444,87,L,E,GAA,0
GCF_059727625.1,Streptococcus mobilis,gyrA_1_Streptococcus mobilis_GCF_059727625.1,1,2457,-958.4686279296875,444,87,N,E,GAA,0
GCF_059727625.1,Streptococcus mobilis,gyrA_1_Streptococcus mobilis_GCF_059727625.1,1,2457,-958.4686279296875,444,87,Q,E,GAA,1
GCF_059727625.1,Streptococcus mobilis,gyrA_1_Streptococcus mobilis_GCF_059727625.1,1,2457,-958.4686279296875,444,87,R,E,GAA,0
GCF_059727625.1,Streptococcus mobilis,gyrA_1_Streptococcus mobilis_GCF_059727625.1,1,2457,-958.4686279296875,444,87,T,E,GAA,0
GCF_059727625.1,Streptococcus mobilis,gyrA_1_Streptococcus mobilis_GCF_059727625.1,1,2457,-958.4686279296875,444,87,V,E,GAA,1
GCF_059727625.1,Streptococcus mobilis,gyrA_1_Streptococcus mobilis_GCF_059727625.1,1,2457,-958.4686279296875,444,87,Y,E,GAA,0
GCF_059727625.1,Streptococcus mobilis,gyrA_1_Streptococcus mobilis_GCF_059727625.1,1,2457,-958.4686279296875,444,101,S,M,ATG,0
GCF_059727625.1,Streptococcus mobilis,gyrA_1_Streptococcus mobilis_GCF_059727625.1,1,2457,-958.4686279296875,444,105,D,G,GGT,1
GCF_059727625.1,Streptococcus mobilis,gyrA_1_Streptococcus mobilis_GCF_059727625.1,1,2457,-958.4686279296875,444,106,H,H,CAT,1
GCF_059727625.1,Streptococcus mobilis,gyrA_1_Streptococcus mobilis_GCF_059727625.1,1,2457,-958.4686279296875,444,106,L,H,CAT,1
GCF_059727625.1,Streptococcus mobilis,gyrA_1_Streptococcus mobilis_GCF_059727625.1,1,2457,-958.4686279296875,444,106,R,H,CAT,1
GCF_059727625.1,Streptococcus mobilis,gyrA_1_Streptococcus mobilis_GCF_059727625.1,1,2457,-958.4686279296875,444,119,S,A,GCA,1
GCF_059727625.1,Streptococcus mobilis,gyrA_1_Streptococcus mobilis_GCF_059727625.1,1,2457,-958.4686279296875,444,119,T,A,GCA,1
GCF_059727625.1,Streptococcus mobilis,gyrA_1_Streptococcus mobilis_GCF_059727625.1,1,2457,-958.4686279296875,444,165,A,N,AAC,0
GCF_059727625.1,Streptococcus mobilis,gyrA_1_Streptococcus mobilis_GCF_059727625.1,1,2457,-958.4686279296875,444,196,E,L,CTG,0
GCF_059727625.1,Streptococcus mobilis,gyrA_1_Streptococcus mobilis_GCF_059727625.1,1,2457,-958.4686279296875,444,386,D,A,GCC,1
GCF_059726835.1,Devosia indica,gyrA_1_Devosia indica_GCF_059726835.1,1,2808,-759.2523193359375,458,51,V,S,TCG,0
GCF_059726835.1,Devosia indica,gyrA_1_Devosia indica_GCF_059726835.1,1,2808,-759.2523193359375,458,57,K,Y,TAC,0
GCF_059726835.1,Devosia indica,gyrA_1_Devosia indica_GCF_059726835.1,1,2808,-759.2523193359375,458,67,S,A,GCG,1
GCF_059726835.1,Devosia indica,gyrA_1_Devosia indica_GCF_059726835.1,1,2808,-759.2523193359375,458,67,T,A,GCG,1
GCF_059726835.1,Devosia indica,gyrA_1_Devosia indica_GCF_059726835.1,1,2808,-759.2523193359375,458,72,G,D,GAC,1
GCF_059726835.1,Devosia indica,gyrA_1_Devosia indica_GCF_059726835.1,1,2808,-759.2523193359375,458,72,V,D,GAC,1
GCF_059726835.1,Devosia indica,gyrA_1_Devosia indica_GCF_059726835.1,1,2808,-759.2523193359375,458,77,S,Y,TAC,1
GCF_059726835.1,Devosia indica,gyrA_1_Devosia indica_GCF_059726835.1,1,2808,-759.2523193359375,458,80,P,H,CAT,1
GCF_059726835.1,Devosia indica,gyrA_1_Devosia indica_GCF_059726835.1,1,2808,-759.2523193359375,458,80,R,H,CAT,1
GCF_059726835.1,Devosia indica,gyrA_1_Devosia indica_GCF_059726835.1,1,2808,-759.2523193359375,458,81,C,G,GGT,1
GCF_059726835.1,Devosia indica,gyrA_1_Devosia indica_GCF_059726835.1,1,2808,-759.2523193359375,458,81,D,G,GGT,1
GCF_059726835.1,Devosia indica,gyrA_1_Devosia indica_GCF_059726835.1,1,2808,-759.2523193359375,458,82,G,D,GAC,1
GCF_059726835.1,Devosia indica,gyrA_1_Devosia indica_GCF_059726835.1,1,2808,-759.2523193359375,458,82,N,D,GAC,1
GCF_059726835.1,Devosia indica,gyrA_1_Devosia indica_GCF_059726835.1,1,2808,-759.2523193359375,458,82,Y,D,GAC,1
GCF_059726835.1,Devosia indica,gyrA_1_Devosia indica_GCF_059726835.1,1,2808,-759.2523193359375,458,83,A,S,AGC,0
GCF_059726835.1,Devosia indica,gyrA_1_Devosia indica_GCF_059726835.1,1,2808,-759.2523193359375,458,83,F,S,AGC,0
GCF_059726835.1,Devosia indica,gyrA_1_Devosia indica_GCF_059726835.1,1,2808,-759.2523193359375,458,83,I,S,AGC,1
GCF_059726835.1,Devosia indica,gyrA_1_Devosia indica_GCF_059726835.1,1,2808,-759.2523193359375,458,83,K,S,AGC,0
GCF_059726835.1,Devosia indica,gyrA_1_Devosia indica_GCF_059726835.1,1,2808,-759.2523193359375,458,83,L,S,AGC,0
GCF_059726835.1,Devosia indica,gyrA_1_Devosia indica_GCF_059726835.1,1,2808,-759.2523193359375,458,83,M,S,AGC,0
GCF_059726835.1,Devosia indica,gyrA_1_Devosia indica_GCF_059726835.1,1,2808,-759.2523193359375,458,83,R,S,AGC,3
GCF_059726835.1,Devosia indica,gyrA_1_Devosia indica_GCF_059726835.1,1,2808,-759.2523193359375,458,83,S,S,AGC,1
GCF_059726835.1,Devosia indica,gyrA_1_Devosia indica_GCF_059726835.1,1,2808,-759.2523193359375,458,83,V,S,AGC,0
GCF_059726835.1,Devosia indica,gyrA_1_Devosia indica_GCF_059726835.1,1,2808,-759.2523193359375,458,83,W,S,AGC,0
GCF_059726835.1,Devosia indica,gyrA_1_Devosia indica_GCF_059726835.1,1,2808,-759.2523193359375,458,83,Y,S,AGC,0
GCF_059726835.1,Devosia indica,gyrA_1_Devosia indica_GCF_059726835.1,1,2808,-759.2523193359375,458,84,A,A,GCC,3
GCF_059726835.1,Devosia indica,gyrA_1_Devosia indica_GCF_059726835.1,1,2808,-759.2523193359375,458,84,P,A,GCC,1
GCF_059726835.1,Devosia indica,gyrA_1_Devosia indica_GCF_059726835.1,1,2808,-759.2523193359375,458,84,V,A,GCC,1
GCF_059726835.1,Devosia indica,gyrA_1_Devosia indica_GCF_059726835.1,1,2808,-759.2523193359375,458,86,N,Y,TAT,1
GCF_059726835.1,Devosia indica,gyrA_1_Devosia indica_GCF_059726835.1,1,2808,-759.2523193359375,458,86,Y,Y,TAT,1
GCF_059726835.1,Devosia indica,gyrA_1_Devosia indica_GCF_059726835.1,1,2808,-759.2523193359375,458,87,A,M,ATG,0
GCF_059726835.1,Devosia indica,gyrA_1_Devosia indica_GCF_059726835.1,1,2808,-759.2523193359375,458,87,G,M,ATG,0
GCF_059726835.1,Devosia indica,gyrA_1_Devosia indica_GCF_059726835.1,1,2808,-759.2523193359375,458,87,H,M,ATG,0
GCF_059726835.1,Devosia indica,gyrA_1_Devosia indica_GCF_059726835.1,1,2808,-759.2523193359375,458,87,K,M,ATG,1
GCF_059726835.1,Devosia indica,gyrA_1_Devosia indica_GCF_059726835.1,1,2808,-759.2523193359375,458,87,L,M,ATG,2
GCF_059726835.1,Devosia indica,gyrA_1_Devosia indica_GCF_059726835.1,1,2808,-759.2523193359375,458,87,N,M,ATG,0
GCF_059726835.1,Devosia indica,gyrA_1_Devosia indica_GCF_059726835.1,1,2808,-759.2523193359375,458,87,Q,M,ATG,0
GCF_059726835.1,Devosia indica,gyrA_1_Devosia indica_GCF_059726835.1,1,2808,-759.2523193359375,458,87,R,M,ATG,1
GCF_059726835.1,Devosia indica,gyrA_1_Devosia indica_GCF_059726835.1,1,2808,-759.2523193359375,458,87,T,M,ATG,1
GCF_059726835.1,Devosia indica,gyrA_1_Devosia indica_GCF_059726835.1,1,2808,-759.2523193359375,458,87,V,M,ATG,1
GCF_059726835.1,Devosia indica,gyrA_1_Devosia indica_GCF_059726835.1,1,2808,-759.2523193359375,458,87,Y,M,ATG,0
GCF_059726835.1,Devosia indica,gyrA_1_Devosia indica_GCF_059726835.1,1,2808,-759.2523193359375,458,101,S,M,ATG,0
GCF_059726835.1,Devosia indica,gyrA_1_Devosia indica_GCF_059726835.1,1,2808,-759.2523193359375,458,105,D,G,GGT,1
GCF_059726835.1,Devosia indica,gyrA_1_Devosia indica_GCF_059726835.1,1,2808,-759.2523193359375,458,106,H,Q,CAG,2
GCF_059726835.1,Devosia indica,gyrA_1_Devosia indica_GCF_059726835.1,1,2808,-759.2523193359375,458,106,L,Q,CAG,1
GCF_059726835.1,Devosia indica,gyrA_1_Devosia indica_GCF_059726835.1,1,2808,-759.2523193359375,458,106,R,Q,CAG,1
GCF_059726835.1,Devosia indica,gyrA_1_Devosia indica_GCF_059726835.1,1,2808,-759.2523193359375,458,119,S,A,GCC,1
GCF_059726835.1,Devosia indica,gyrA_1_Devosia indica_GCF_059726835.1,1,2808,-759.2523193359375,458,119,T,A,GCC,1
GCF_059726835.1,Devosia indica,gyrA_1_Devosia indica_GCF_059726835.1,1,2808,-759.2523193359375,458,165,A,N,AAC,0
GCF_059726835.1,Devosia indica,gyrA_1_Devosia indica_GCF_059726835.1,1,2808,-759.2523193359375,458,196,E,A,GCG,1
GCF_059726835.1,Devosia indica,gyrA_1_Devosia indica_GCF_059726835.1,1,2808,-759.2523193359375,458,386,D,A,GCC,1
GCF_059726345.1,Humiphilus diazotrophicus,gyrA_1_Humiphilus diazotrophicus_GCF_059726345.1,1,2604,-1064.4906005859375,467,51,V,T,ACG,0
GCF_059726345.1,Humiphilus diazotrophicus,gyrA_1_Humiphilus diazotrophicus_GCF_059726345.1,1,2604,-1064.4906005859375,467,57,K,L,CTG,0
GCF_059726345.1,Humiphilus diazotrophicus,gyrA_1_Humiphilus diazotrophicus_GCF_059726345.1,1,2604,-1064.4906005859375,467,67,S,A,GCC,1
GCF_059726345.1,Humiphilus diazotrophicus,gyrA_1_Humiphilus diazotrophicus_GCF_059726345.1,1,2604,-1064.4906005859375,467,67,T,A,GCC,1
GCF_059726345.1,Humiphilus diazotrophicus,gyrA_1_Humiphilus diazotrophicus_GCF_059726345.1,1,2604,-1064.4906005859375,467,72,G,Q,CAG,0
GCF_059726345.1,Humiphilus diazotrophicus,gyrA_1_Humiphilus diazotrophicus_GCF_059726345.1,1,2604,-1064.4906005859375,467,72,V,Q,CAG,0
GCF_059726345.1,Humiphilus diazotrophicus,gyrA_1_Humiphilus diazotrophicus_GCF_059726345.1,1,2604,-1064.4906005859375,467,77,S,Y,TAT,1
GCF_059726345.1,Humiphilus diazotrophicus,gyrA_1_Humiphilus diazotrophicus_GCF_059726345.1,1,2604,-1064.4906005859375,467,80,P,H,CAT,1
GCF_059726345.1,Humiphilus diazotrophicus,gyrA_1_Humiphilus diazotrophicus_GCF_059726345.1,1,2604,-1064.4906005859375,467,80,R,H,CAT,1
GCF_059726345.1,Humiphilus diazotrophicus,gyrA_1_Humiphilus diazotrophicus_GCF_059726345.1,1,2604,-1064.4906005859375,467,81,C,G,GGC,1
GCF_059726345.1,Humiphilus diazotrophicus,gyrA_1_Humiphilus diazotrophicus_GCF_059726345.1,1,2604,-1064.4906005859375,467,81,D,G,GGC,1
GCF_059726345.1,Humiphilus diazotrophicus,gyrA_1_Humiphilus diazotrophicus_GCF_059726345.1,1,2604,-1064.4906005859375,467,82,G,D,GAC,1
GCF_059726345.1,Humiphilus diazotrophicus,gyrA_1_Humiphilus diazotrophicus_GCF_059726345.1,1,2604,-1064.4906005859375,467,82,N,D,GAC,1
GCF_059726345.1,Humiphilus diazotrophicus,gyrA_1_Humiphilus diazotrophicus_GCF_059726345.1,1,2604,-1064.4906005859375,467,82,Y,D,GAC,1
GCF_059726345.1,Humiphilus diazotrophicus,gyrA_1_Humiphilus diazotrophicus_GCF_059726345.1,1,2604,-1064.4906005859375,467,83,A,S,TCC,1
GCF_059726345.1,Humiphilus diazotrophicus,gyrA_1_Humiphilus diazotrophicus_GCF_059726345.1,1,2604,-1064.4906005859375,467,83,F,S,TCC,1
GCF_059726345.1,Humiphilus diazotrophicus,gyrA_1_Humiphilus diazotrophicus_GCF_059726345.1,1,2604,-1064.4906005859375,467,83,I,S,TCC,0
GCF_059726345.1,Humiphilus diazotrophicus,gyrA_1_Humiphilus diazotrophicus_GCF_059726345.1,1,2604,-1064.4906005859375,467,83,K,S,TCC,0
GCF_059726345.1,Humiphilus diazotrophicus,gyrA_1_Humiphilus diazotrophicus_GCF_059726345.1,1,2604,-1064.4906005859375,467,83,L,S,TCC,0
GCF_059726345.1,Humiphilus diazotrophicus,gyrA_1_Humiphilus diazotrophicus_GCF_059726345.1,1,2604,-1064.4906005859375,467,83,M,S,TCC,0
GCF_059726345.1,Humiphilus diazotrophicus,gyrA_1_Humiphilus diazotrophicus_GCF_059726345.1,1,2604,-1064.4906005859375,467,83,R,S,TCC,0
GCF_059726345.1,Humiphilus diazotrophicus,gyrA_1_Humiphilus diazotrophicus_GCF_059726345.1,1,2604,-1064.4906005859375,467,83,S,S,TCC,3
GCF_059726345.1,Humiphilus diazotrophicus,gyrA_1_Humiphilus diazotrophicus_GCF_059726345.1,1,2604,-1064.4906005859375,467,83,V,S,TCC,0
GCF_059726345.1,Humiphilus diazotrophicus,gyrA_1_Humiphilus diazotrophicus_GCF_059726345.1,1,2604,-1064.4906005859375,467,83,W,S,TCC,0
GCF_059726345.1,Humiphilus diazotrophicus,gyrA_1_Humiphilus diazotrophicus_GCF_059726345.1,1,2604,-1064.4906005859375,467,83,Y,S,TCC,1
GCF_059726345.1,Humiphilus diazotrophicus,gyrA_1_Humiphilus diazotrophicus_GCF_059726345.1,1,2604,-1064.4906005859375,467,84,A,A,GCG,3
GCF_059726345.1,Humiphilus diazotrophicus,gyrA_1_Humiphilus diazotrophicus_GCF_059726345.1,1,2604,-1064.4906005859375,467,84,P,A,GCG,1
GCF_059726345.1,Humiphilus diazotrophicus,gyrA_1_Humiphilus diazotrophicus_GCF_059726345.1,1,2604,-1064.4906005859375,467,84,V,A,GCG,1
GCF_059726345.1,Humiphilus diazotrophicus,gyrA_1_Humiphilus diazotrophicus_GCF_059726345.1,1,2604,-1064.4906005859375,467,86,N,Y,TAC,1
GCF_059726345.1,Humiphilus diazotrophicus,gyrA_1_Humiphilus diazotrophicus_GCF_059726345.1,1,2604,-1064.4906005859375,467,86,Y,Y,TAC,1
GCF_059726345.1,Humiphilus diazotrophicus,gyrA_1_Humiphilus diazotrophicus_GCF_059726345.1,1,2604,-1064.4906005859375,467,87,A,D,GAC,1
GCF_059726345.1,Humiphilus diazotrophicus,gyrA_1_Humiphilus diazotrophicus_GCF_059726345.1,1,2604,-1064.4906005859375,467,87,G,D,GAC,1
GCF_059726345.1,Humiphilus diazotrophicus,gyrA_1_Humiphilus diazotrophicus_GCF_059726345.1,1,2604,-1064.4906005859375,467,87,H,D,GAC,1
GCF_059726345.1,Humiphilus diazotrophicus,gyrA_1_Humiphilus diazotrophicus_GCF_059726345.1,1,2604,-1064.4906005859375,467,87,K,D,GAC,0
GCF_059726345.1,Humiphilus diazotrophicus,gyrA_1_Humiphilus diazotrophicus_GCF_059726345.1,1,2604,-1064.4906005859375,467,87,L,D,GAC,0
GCF_059726345.1,Humiphilus diazotrophicus,gyrA_1_Humiphilus diazotrophicus_GCF_059726345.1,1,2604,-1064.4906005859375,467,87,N,D,GAC,1
GCF_059726345.1,Humiphilus diazotrophicus,gyrA_1_Humiphilus diazotrophicus_GCF_059726345.1,1,2604,-1064.4906005859375,467,87,Q,D,GAC,0
GCF_059726345.1,Humiphilus diazotrophicus,gyrA_1_Humiphilus diazotrophicus_GCF_059726345.1,1,2604,-1064.4906005859375,467,87,R,D,GAC,0
GCF_059726345.1,Humiphilus diazotrophicus,gyrA_1_Humiphilus diazotrophicus_GCF_059726345.1,1,2604,-1064.4906005859375,467,87,T,D,GAC,0
GCF_059726345.1,Humiphilus diazotrophicus,gyrA_1_Humiphilus diazotrophicus_GCF_059726345.1,1,2604,-1064.4906005859375,467,87,V,D,GAC,1
GCF_059726345.1,Humiphilus diazotrophicus,gyrA_1_Humiphilus diazotrophicus_GCF_059726345.1,1,2604,-1064.4906005859375,467,87,Y,D,GAC,1
GCF_059726345.1,Humiphilus diazotrophicus,gyrA_1_Humiphilus diazotrophicus_GCF_059726345.1,1,2604,-1064.4906005859375,467,101,S,P,CCG,1
GCF_059726345.1,Humiphilus diazotrophicus,gyrA_1_Humiphilus diazotrophicus_GCF_059726345.1,1,2604,-1064.4906005859375,467,105,D,G,GGC,1
GCF_059726345.1,Humiphilus diazotrophicus,gyrA_1_Humiphilus diazotrophicus_GCF_059726345.1,1,2604,-1064.4906005859375,467,106,H,Q,CAG,2
GCF_059726345.1,Humiphilus diazotrophicus,gyrA_1_Humiphilus diazotrophicus_GCF_059726345.1,1,2604,-1064.4906005859375,467,106,L,Q,CAG,1
GCF_059726345.1,Humiphilus diazotrophicus,gyrA_1_Humiphilus diazotrophicus_GCF_059726345.1,1,2604,-1064.4906005859375,467,106,R,Q,CAG,1
GCF_059726345.1,Humiphilus diazotrophicus,gyrA_1_Humiphilus diazotrophicus_GCF_059726345.1,1,2604,-1064.4906005859375,467,119,S,A,GCT,1
GCF_059726345.1,Humiphilus diazotrophicus,gyrA_1_Humiphilus diazotrophicus_GCF_059726345.1,1,2604,-1064.4906005859375,467,119,T,A,GCT,1
GCF_059726345.1,Humiphilus diazotrophicus,gyrA_1_Humiphilus diazotrophicus_GCF_059726345.1,1,2604,-1064.4906005859375,467,165,A,N,AAC,0
GCF_059726345.1,Humiphilus diazotrophicus,gyrA_1_Humiphilus diazotrophicus_GCF_059726345.1,1,2604,-1064.4906005859375,467,196,E,A,GCC,0
GCF_059726345.1,Humiphilus diazotrophicus,gyrA_1_Humiphilus diazotrophicus_GCF_059726345.1,1,2604,-1064.4906005859375,467,386,D,A,GCT,1
GCF_059726265.1,Koromonas soli,gyrA_1_Koromonas soli_GCF_059726265.1,1,2670,-1261.9775390625,492,51,V,A,GCG,1
GCF_059726265.1,Koromonas soli,gyrA_1_Koromonas soli_GCF_059726265.1,1,2670,-1261.9775390625,492,57,K,L,CTG,0
GCF_059726265.1,Koromonas soli,gyrA_1_Koromonas soli_GCF_059726265.1,1,2670,-1261.9775390625,492,67,S,A,GCC,1
GCF_059726265.1,Koromonas soli,gyrA_1_Koromonas soli_GCF_059726265.1,1,2670,-1261.9775390625,492,67,T,A,GCC,1
GCF_059726265.1,Koromonas soli,gyrA_1_Koromonas soli_GCF_059726265.1,1,2670,-1261.9775390625,492,72,G,E,GAA,1
GCF_059726265.1,Koromonas soli,gyrA_1_Koromonas soli_GCF_059726265.1,1,2670,-1261.9775390625,492,72,V,E,GAA,1
GCF_059726265.1,Koromonas soli,gyrA_1_Koromonas soli_GCF_059726265.1,1,2670,-1261.9775390625,492,77,S,Y,TAT,1
GCF_059726265.1,Koromonas soli,gyrA_1_Koromonas soli_GCF_059726265.1,1,2670,-1261.9775390625,492,80,P,H,CAC,1
GCF_059726265.1,Koromonas soli,gyrA_1_Koromonas soli_GCF_059726265.1,1,2670,-1261.9775390625,492,80,R,H,CAC,1
GCF_059726265.1,Koromonas soli,gyrA_1_Koromonas soli_GCF_059726265.1,1,2670,-1261.9775390625,492,81,C,G,GGC,1
GCF_059726265.1,Koromonas soli,gyrA_1_Koromonas soli_GCF_059726265.1,1,2670,-1261.9775390625,492,81,D,G,GGC,1
GCF_059726265.1,Koromonas soli,gyrA_1_Koromonas soli_GCF_059726265.1,1,2670,-1261.9775390625,492,82,G,D,GAC,1
GCF_059726265.1,Koromonas soli,gyrA_1_Koromonas soli_GCF_059726265.1,1,2670,-1261.9775390625,492,82,N,D,GAC,1
GCF_059726265.1,Koromonas soli,gyrA_1_Koromonas soli_GCF_059726265.1,1,2670,-1261.9775390625,492,82,Y,D,GAC,1
GCF_059726265.1,Koromonas soli,gyrA_1_Koromonas soli_GCF_059726265.1,1,2670,-1261.9775390625,492,83,A,S,TCC,1
GCF_059726265.1,Koromonas soli,gyrA_1_Koromonas soli_GCF_059726265.1,1,2670,-1261.9775390625,492,83,F,S,TCC,1
GCF_059726265.1,Koromonas soli,gyrA_1_Koromonas soli_GCF_059726265.1,1,2670,-1261.9775390625,492,83,I,S,TCC,0
GCF_059726265.1,Koromonas soli,gyrA_1_Koromonas soli_GCF_059726265.1,1,2670,-1261.9775390625,492,83,K,S,TCC,0
GCF_059726265.1,Koromonas soli,gyrA_1_Koromonas soli_GCF_059726265.1,1,2670,-1261.9775390625,492,83,L,S,TCC,0
GCF_059726265.1,Koromonas soli,gyrA_1_Koromonas soli_GCF_059726265.1,1,2670,-1261.9775390625,492,83,M,S,TCC,0
GCF_059726265.1,Koromonas soli,gyrA_1_Koromonas soli_GCF_059726265.1,1,2670,-1261.9775390625,492,83,R,S,TCC,0
GCF_059726265.1,Koromonas soli,gyrA_1_Koromonas soli_GCF_059726265.1,1,2670,-1261.9775390625,492,83,S,S,TCC,3
GCF_059726265.1,Koromonas soli,gyrA_1_Koromonas soli_GCF_059726265.1,1,2670,-1261.9775390625,492,83,V,S,TCC,0
GCF_059726265.1,Koromonas soli,gyrA_1_Koromonas soli_GCF_059726265.1,1,2670,-1261.9775390625,492,83,W,S,TCC,0
GCF_059726265.1,Koromonas soli,gyrA_1_Koromonas soli_GCF_059726265.1,1,2670,-1261.9775390625,492,83,Y,S,TCC,1
GCF_059726265.1,Koromonas soli,gyrA_1_Koromonas soli_GCF_059726265.1,1,2670,-1261.9775390625,492,84,A,S,TCC,1
GCF_059726265.1,Koromonas soli,gyrA_1_Koromonas soli_GCF_059726265.1,1,2670,-1261.9775390625,492,84,P,S,TCC,1
GCF_059726265.1,Koromonas soli,gyrA_1_Koromonas soli_GCF_059726265.1,1,2670,-1261.9775390625,492,84,V,S,TCC,0
GCF_059726265.1,Koromonas soli,gyrA_1_Koromonas soli_GCF_059726265.1,1,2670,-1261.9775390625,492,86,N,Y,TAT,1
GCF_059726265.1,Koromonas soli,gyrA_1_Koromonas soli_GCF_059726265.1,1,2670,-1261.9775390625,492,86,Y,Y,TAT,1
GCF_059726265.1,Koromonas soli,gyrA_1_Koromonas soli_GCF_059726265.1,1,2670,-1261.9775390625,492,87,A,D,GAC,1
GCF_059726265.1,Koromonas soli,gyrA_1_Koromonas soli_GCF_059726265.1,1,2670,-1261.9775390625,492,87,G,D,GAC,1
GCF_059726265.1,Koromonas soli,gyrA_1_Koromonas soli_GCF_059726265.1,1,2670,-1261.9775390625,492,87,H,D,GAC,1
GCF_059726265.1,Koromonas soli,gyrA_1_Koromonas soli_GCF_059726265.1,1,2670,-1261.9775390625,492,87,K,D,GAC,0
GCF_059726265.1,Koromonas soli,gyrA_1_Koromonas soli_GCF_059726265.1,1,2670,-1261.9775390625,492,87,L,D,GAC,0
GCF_059726265.1,Koromonas soli,gyrA_1_Koromonas soli_GCF_059726265.1,1,2670,-1261.9775390625,492,87,N,D,GAC,1
GCF_059726265.1,Koromonas soli,gyrA_1_Koromonas soli_GCF_059726265.1,1,2670,-1261.9775390625,492,87,Q,D,GAC,0
GCF_059726265.1,Koromonas soli,gyrA_1_Koromonas soli_GCF_059726265.1,1,2670,-1261.9775390625,492,87,R,D,GAC,0
GCF_059726265.1,Koromonas soli,gyrA_1_Koromonas soli_GCF_059726265.1,1,2670,-1261.9775390625,492,87,T,D,GAC,0
GCF_059726265.1,Koromonas soli,gyrA_1_Koromonas soli_GCF_059726265.1,1,2670,-1261.9775390625,492,87,V,D,GAC,1
GCF_059726265.1,Koromonas soli,gyrA_1_Koromonas soli_GCF_059726265.1,1,2670,-1261.9775390625,492,87,Y,D,GAC,1
GCF_059726265.1,Koromonas soli,gyrA_1_Koromonas soli_GCF_059726265.1,1,2670,-1261.9775390625,492,101,S,P,CCG,1
GCF_059726265.1,Koromonas soli,gyrA_1_Koromonas soli_GCF_059726265.1,1,2670,-1261.9775390625,492,105,D,G,GGG,0
GCF_059726265.1,Koromonas soli,gyrA_1_Koromonas soli_GCF_059726265.1,1,2670,-1261.9775390625,492,106,H,Q,CAG,2
GCF_059726265.1,Koromonas soli,gyrA_1_Koromonas soli_GCF_059726265.1,1,2670,-1261.9775390625,492,106,L,Q,CAG,1
GCF_059726265.1,Koromonas soli,gyrA_1_Koromonas soli_GCF_059726265.1,1,2670,-1261.9775390625,492,106,R,Q,CAG,1
GCF_059726265.1,Koromonas soli,gyrA_1_Koromonas soli_GCF_059726265.1,1,2670,-1261.9775390625,492,119,S,A,GCA,1
GCF_059726265.1,Koromonas soli,gyrA_1_Koromonas soli_GCF_059726265.1,1,2670,-1261.9775390625,492,119,T,A,GCA,1
GCF_059726265.1,Koromonas soli,gyrA_1_Koromonas soli_GCF_059726265.1,1,2670,-1261.9775390625,492,165,A,T,ACA,1
GCF_059726265.1,Koromonas soli,gyrA_1_Koromonas soli_GCF_059726265.1,1,2670,-1261.9775390625,492,196,E,A,GCC,0
GCF_059726265.1,Koromonas soli,gyrA_1_Koromonas soli_GCF_059726265.1,1,2670,-1261.9775390625,492,386,D,A,GCT,1
GCF_059726255.1,Koromonas humicola,gyrA_1_Koromonas humicola_GCF_059726255.1,1,2658,-1248.933349609375,487,51,V,A,GCG,1
GCF_059726255.1,Koromonas humicola,gyrA_1_Koromonas humicola_GCF_059726255.1,1,2658,-1248.933349609375,487,57,K,L,CTG,0
GCF_059726255.1,Koromonas humicola,gyrA_1_Koromonas humicola_GCF_059726255.1,1,2658,-1248.933349609375,487,67,S,A,GCG,1
GCF_059726255.1,Koromonas humicola,gyrA_1_Koromonas humicola_GCF_059726255.1,1,2658,-1248.933349609375,487,67,T,A,GCG,1
GCF_059726255.1,Koromonas humicola,gyrA_1_Koromonas humicola_GCF_059726255.1,1,2658,-1248.933349609375,487,72,G,E,GAA,1
GCF_059726255.1,Koromonas humicola,gyrA_1_Koromonas humicola_GCF_059726255.1,1,2658,-1248.933349609375,487,72,V,E,GAA,1
GCF_059726255.1,Koromonas humicola,gyrA_1_Koromonas humicola_GCF_059726255.1,1,2658,-1248.933349609375,487,77,S,Y,TAT,1
GCF_059726255.1,Koromonas humicola,gyrA_1_Koromonas humicola_GCF_059726255.1,1,2658,-1248.933349609375,487,80,P,H,CAT,1
GCF_059726255.1,Koromonas humicola,gyrA_1_Koromonas humicola_GCF_059726255.1,1,2658,-1248.933349609375,487,80,R,H,CAT,1
GCF_059726255.1,Koromonas humicola,gyrA_1_Koromonas humicola_GCF_059726255.1,1,2658,-1248.933349609375,487,81,C,G,GGC,1
GCF_059726255.1,Koromonas humicola,gyrA_1_Koromonas humicola_GCF_059726255.1,1,2658,-1248.933349609375,487,81,D,G,GGC,1
GCF_059726255.1,Koromonas humicola,gyrA_1_Koromonas humicola_GCF_059726255.1,1,2658,-1248.933349609375,487,82,G,D,GAC,1
GCF_059726255.1,Koromonas humicola,gyrA_1_Koromonas humicola_GCF_059726255.1,1,2658,-1248.933349609375,487,82,N,D,GAC,1
GCF_059726255.1,Koromonas humicola,gyrA_1_Koromonas humicola_GCF_059726255.1,1,2658,-1248.933349609375,487,82,Y,D,GAC,1
GCF_059726255.1,Koromonas humicola,gyrA_1_Koromonas humicola_GCF_059726255.1,1,2658,-1248.933349609375,487,83,A,S,TCT,1
GCF_059726255.1,Koromonas humicola,gyrA_1_Koromonas humicola_GCF_059726255.1,1,2658,-1248.933349609375,487,83,F,S,TCT,1
GCF_059726255.1,Koromonas humicola,gyrA_1_Koromonas humicola_GCF_059726255.1,1,2658,-1248.933349609375,487,83,I,S,TCT,0
GCF_059726255.1,Koromonas humicola,gyrA_1_Koromonas humicola_GCF_059726255.1,1,2658,-1248.933349609375,487,83,K,S,TCT,0
GCF_059726255.1,Koromonas humicola,gyrA_1_Koromonas humicola_GCF_059726255.1,1,2658,-1248.933349609375,487,83,L,S,TCT,0
GCF_059726255.1,Koromonas humicola,gyrA_1_Koromonas humicola_GCF_059726255.1,1,2658,-1248.933349609375,487,83,M,S,TCT,0
GCF_059726255.1,Koromonas humicola,gyrA_1_Koromonas humicola_GCF_059726255.1,1,2658,-1248.933349609375,487,83,R,S,TCT,0
GCF_059726255.1,Koromonas humicola,gyrA_1_Koromonas humicola_GCF_059726255.1,1,2658,-1248.933349609375,487,83,S,S,TCT,3
GCF_059726255.1,Koromonas humicola,gyrA_1_Koromonas humicola_GCF_059726255.1,1,2658,-1248.933349609375,487,83,V,S,TCT,0
GCF_059726255.1,Koromonas humicola,gyrA_1_Koromonas humicola_GCF_059726255.1,1,2658,-1248.933349609375,487,83,W,S,TCT,0
GCF_059726255.1,Koromonas humicola,gyrA_1_Koromonas humicola_GCF_059726255.1,1,2658,-1248.933349609375,487,83,Y,S,TCT,1
GCF_059726255.1,Koromonas humicola,gyrA_1_Koromonas humicola_GCF_059726255.1,1,2658,-1248.933349609375,487,84,A,S,TCG,1
GCF_059726255.1,Koromonas humicola,gyrA_1_Koromonas humicola_GCF_059726255.1,1,2658,-1248.933349609375,487,84,P,S,TCG,1
GCF_059726255.1,Koromonas humicola,gyrA_1_Koromonas humicola_GCF_059726255.1,1,2658,-1248.933349609375,487,84,V,S,TCG,0
GCF_059726255.1,Koromonas humicola,gyrA_1_Koromonas humicola_GCF_059726255.1,1,2658,-1248.933349609375,487,86,N,Y,TAT,1
GCF_059726255.1,Koromonas humicola,gyrA_1_Koromonas humicola_GCF_059726255.1,1,2658,-1248.933349609375,487,86,Y,Y,TAT,1
GCF_059726255.1,Koromonas humicola,gyrA_1_Koromonas humicola_GCF_059726255.1,1,2658,-1248.933349609375,487,87,A,D,GAC,1
GCF_059726255.1,Koromonas humicola,gyrA_1_Koromonas humicola_GCF_059726255.1,1,2658,-1248.933349609375,487,87,G,D,GAC,1
GCF_059726255.1,Koromonas humicola,gyrA_1_Koromonas humicola_GCF_059726255.1,1,2658,-1248.933349609375,487,87,H,D,GAC,1
GCF_059726255.1,Koromonas humicola,gyrA_1_Koromonas humicola_GCF_059726255.1,1,2658,-1248.933349609375,487,87,K,D,GAC,0
GCF_059726255.1,Koromonas humicola,gyrA_1_Koromonas humicola_GCF_059726255.1,1,2658,-1248.933349609375,487,87,L,D,GAC,0
GCF_059726255.1,Koromonas humicola,gyrA_1_Koromonas humicola_GCF_059726255.1,1,2658,-1248.933349609375,487,87,N,D,GAC,1
GCF_059726255.1,Koromonas humicola,gyrA_1_Koromonas humicola_GCF_059726255.1,1,2658,-1248.933349609375,487,87,Q,D,GAC,0
GCF_059726255.1,Koromonas humicola,gyrA_1_Koromonas humicola_GCF_059726255.1,1,2658,-1248.933349609375,487,87,R,D,GAC,0
GCF_059726255.1,Koromonas humicola,gyrA_1_Koromonas humicola_GCF_059726255.1,1,2658,-1248.933349609375,487,87,T,D,GAC,0
GCF_059726255.1,Koromonas humicola,gyrA_1_Koromonas humicola_GCF_059726255.1,1,2658,-1248.933349609375,487,87,V,D,GAC,1
GCF_059726255.1,Koromonas humicola,gyrA_1_Koromonas humicola_GCF_059726255.1,1,2658,-1248.933349609375,487,87,Y,D,GAC,1
GCF_059726255.1,Koromonas humicola,gyrA_1_Koromonas humicola_GCF_059726255.1,1,2658,-1248.933349609375,487,101,S,P,CCG,1
GCF_059726255.1,Koromonas humicola,gyrA_1_Koromonas humicola_GCF_059726255.1,1,2658,-1248.933349609375,487,105,D,G,GGA,0
GCF_059726255.1,Koromonas humicola,gyrA_1_Koromonas humicola_GCF_059726255.1,1,2658,-1248.933349609375,487,106,H,Q,CAA,2
GCF_059726255.1,Koromonas humicola,gyrA_1_Koromonas humicola_GCF_059726255.1,1,2658,-1248.933349609375,487,106,L,Q,CAA,1
GCF_059726255.1,Koromonas humicola,gyrA_1_Koromonas humicola_GCF_059726255.1,1,2658,-1248.933349609375,487,106,R,Q,CAA,1
GCF_059726255.1,Koromonas humicola,gyrA_1_Koromonas humicola_GCF_059726255.1,1,2658,-1248.933349609375,487,119,S,A,GCT,1
GCF_059726255.1,Koromonas humicola,gyrA_1_Koromonas humicola_GCF_059726255.1,1,2658,-1248.933349609375,487,119,T,A,GCT,1
GCF_059726255.1,Koromonas humicola,gyrA_1_Koromonas humicola_GCF_059726255.1,1,2658,-1248.933349609375,487,165,A,T,ACG,1
GCF_059726255.1,Koromonas humicola,gyrA_1_Koromonas humicola_GCF_059726255.1,1,2658,-1248.933349609375,487,196,E,A,GCA,1
GCF_059726255.1,Koromonas humicola,gyrA_1_Koromonas humicola_GCF_059726255.1,1,2658,-1248.933349609375,487,386,D,A,GCT,1
GCF_059726245.1,Oryzophilus luti,gyrA_1_Oryzophilus luti_GCF_059726245.1,1,2661,-1265.34716796875,488,51,V,A,GCG,1
GCF_059726245.1,Oryzophilus luti,gyrA_1_Oryzophilus luti_GCF_059726245.1,1,2661,-1265.34716796875,488,57,K,L,CTG,0
GCF_059726245.1,Oryzophilus luti,gyrA_1_Oryzophilus luti_GCF_059726245.1,1,2661,-1265.34716796875,488,67,S,A,GCC,1
GCF_059726245.1,Oryzophilus luti,gyrA_1_Oryzophilus luti_GCF_059726245.1,1,2661,-1265.34716796875,488,67,T,A,GCC,1
GCF_059726245.1,Oryzophilus luti,gyrA_1_Oryzophilus luti_GCF_059726245.1,1,2661,-1265.34716796875,488,72,G,E,GAA,1
GCF_059726245.1,Oryzophilus luti,gyrA_1_Oryzophilus luti_GCF_059726245.1,1,2661,-1265.34716796875,488,72,V,E,GAA,1
GCF_059726245.1,Oryzophilus luti,gyrA_1_Oryzophilus luti_GCF_059726245.1,1,2661,-1265.34716796875,488,77,S,Y,TAC,1
GCF_059726245.1,Oryzophilus luti,gyrA_1_Oryzophilus luti_GCF_059726245.1,1,2661,-1265.34716796875,488,80,P,H,CAC,1
GCF_059726245.1,Oryzophilus luti,gyrA_1_Oryzophilus luti_GCF_059726245.1,1,2661,-1265.34716796875,488,80,R,H,CAC,1
GCF_059726245.1,Oryzophilus luti,gyrA_1_Oryzophilus luti_GCF_059726245.1,1,2661,-1265.34716796875,488,81,C,G,GGC,1
GCF_059726245.1,Oryzophilus luti,gyrA_1_Oryzophilus luti_GCF_059726245.1,1,2661,-1265.34716796875,488,81,D,G,GGC,1
GCF_059726245.1,Oryzophilus luti,gyrA_1_Oryzophilus luti_GCF_059726245.1,1,2661,-1265.34716796875,488,82,G,D,GAC,1
GCF_059726245.1,Oryzophilus luti,gyrA_1_Oryzophilus luti_GCF_059726245.1,1,2661,-1265.34716796875,488,82,N,D,GAC,1
GCF_059726245.1,Oryzophilus luti,gyrA_1_Oryzophilus luti_GCF_059726245.1,1,2661,-1265.34716796875,488,82,Y,D,GAC,1
GCF_059726245.1,Oryzophilus luti,gyrA_1_Oryzophilus luti_GCF_059726245.1,1,2661,-1265.34716796875,488,83,A,S,AGC,0
GCF_059726245.1,Oryzophilus luti,gyrA_1_Oryzophilus luti_GCF_059726245.1,1,2661,-1265.34716796875,488,83,F,S,AGC,0
GCF_059726245.1,Oryzophilus luti,gyrA_1_Oryzophilus luti_GCF_059726245.1,1,2661,-1265.34716796875,488,83,I,S,AGC,1
GCF_059726245.1,Oryzophilus luti,gyrA_1_Oryzophilus luti_GCF_059726245.1,1,2661,-1265.34716796875,488,83,K,S,AGC,0
GCF_059726245.1,Oryzophilus luti,gyrA_1_Oryzophilus luti_GCF_059726245.1,1,2661,-1265.34716796875,488,83,L,S,AGC,0
GCF_059726245.1,Oryzophilus luti,gyrA_1_Oryzophilus luti_GCF_059726245.1,1,2661,-1265.34716796875,488,83,M,S,AGC,0
GCF_059726245.1,Oryzophilus luti,gyrA_1_Oryzophilus luti_GCF_059726245.1,1,2661,-1265.34716796875,488,83,R,S,AGC,3
GCF_059726245.1,Oryzophilus luti,gyrA_1_Oryzophilus luti_GCF_059726245.1,1,2661,-1265.34716796875,488,83,S,S,AGC,1
GCF_059726245.1,Oryzophilus luti,gyrA_1_Oryzophilus luti_GCF_059726245.1,1,2661,-1265.34716796875,488,83,V,S,AGC,0
GCF_059726245.1,Oryzophilus luti,gyrA_1_Oryzophilus luti_GCF_059726245.1,1,2661,-1265.34716796875,488,83,W,S,AGC,0
GCF_059726245.1,Oryzophilus luti,gyrA_1_Oryzophilus luti_GCF_059726245.1,1,2661,-1265.34716796875,488,83,Y,S,AGC,0
GCF_059726245.1,Oryzophilus luti,gyrA_1_Oryzophilus luti_GCF_059726245.1,1,2661,-1265.34716796875,488,84,A,A,GCG,3
GCF_059726245.1,Oryzophilus luti,gyrA_1_Oryzophilus luti_GCF_059726245.1,1,2661,-1265.34716796875,488,84,P,A,GCG,1
GCF_059726245.1,Oryzophilus luti,gyrA_1_Oryzophilus luti_GCF_059726245.1,1,2661,-1265.34716796875,488,84,V,A,GCG,1
GCF_059726245.1,Oryzophilus luti,gyrA_1_Oryzophilus luti_GCF_059726245.1,1,2661,-1265.34716796875,488,86,N,Y,TAT,1
GCF_059726245.1,Oryzophilus luti,gyrA_1_Oryzophilus luti_GCF_059726245.1,1,2661,-1265.34716796875,488,86,Y,Y,TAT,1
GCF_059726245.1,Oryzophilus luti,gyrA_1_Oryzophilus luti_GCF_059726245.1,1,2661,-1265.34716796875,488,87,A,D,GAC,1
GCF_059726245.1,Oryzophilus luti,gyrA_1_Oryzophilus luti_GCF_059726245.1,1,2661,-1265.34716796875,488,87,G,D,GAC,1
GCF_059726245.1,Oryzophilus luti,gyrA_1_Oryzophilus luti_GCF_059726245.1,1,2661,-1265.34716796875,488,87,H,D,GAC,1
GCF_059726245.1,Oryzophilus luti,gyrA_1_Oryzophilus luti_GCF_059726245.1,1,2661,-1265.34716796875,488,87,K,D,GAC,0
GCF_059726245.1,Oryzophilus luti,gyrA_1_Oryzophilus luti_GCF_059726245.1,1,2661,-1265.34716796875,488,87,L,D,GAC,0
GCF_059726245.1,Oryzophilus luti,gyrA_1_Oryzophilus luti_GCF_059726245.1,1,2661,-1265.34716796875,488,87,N,D,GAC,1
GCF_059726245.1,Oryzophilus luti,gyrA_1_Oryzophilus luti_GCF_059726245.1,1,2661,-1265.34716796875,488,87,Q,D,GAC,0
GCF_059726245.1,Oryzophilus luti,gyrA_1_Oryzophilus luti_GCF_059726245.1,1,2661,-1265.34716796875,488,87,R,D,GAC,0
GCF_059726245.1,Oryzophilus luti,gyrA_1_Oryzophilus luti_GCF_059726245.1,1,2661,-1265.34716796875,488,87,T,D,GAC,0
GCF_059726245.1,Oryzophilus luti,gyrA_1_Oryzophilus luti_GCF_059726245.1,1,2661,-1265.34716796875,488,87,V,D,GAC,1
GCF_059726245.1,Oryzophilus luti,gyrA_1_Oryzophilus luti_GCF_059726245.1,1,2661,-1265.34716796875,488,87,Y,D,GAC,1
GCF_059726245.1,Oryzophilus luti,gyrA_1_Oryzophilus luti_GCF_059726245.1,1,2661,-1265.34716796875,488,101,S,P,CCG,1
GCF_059726245.1,Oryzophilus luti,gyrA_1_Oryzophilus luti_GCF_059726245.1,1,2661,-1265.34716796875,488,105,D,G,GGT,1
GCF_059726245.1,Oryzophilus luti,gyrA_1_Oryzophilus luti_GCF_059726245.1,1,2661,-1265.34716796875,488,106,H,Q,CAG,2
GCF_059726245.1,Oryzophilus luti,gyrA_1_Oryzophilus luti_GCF_059726245.1,1,2661,-1265.34716796875,488,106,L,Q,CAG,1
GCF_059726245.1,Oryzophilus luti,gyrA_1_Oryzophilus luti_GCF_059726245.1,1,2661,-1265.34716796875,488,106,R,Q,CAG,1
GCF_059726245.1,Oryzophilus luti,gyrA_1_Oryzophilus luti_GCF_059726245.1,1,2661,-1265.34716796875,488,119,S,A,GCC,1
GCF_059726245.1,Oryzophilus luti,gyrA_1_Oryzophilus luti_GCF_059726245.1,1,2661,-1265.34716796875,488,119,T,A,GCC,1
GCF_059726245.1,Oryzophilus luti,gyrA_1_Oryzophilus luti_GCF_059726245.1,1,2661,-1265.34716796875,488,165,A,T,ACC,1
GCF_059726245.1,Oryzophilus luti,gyrA_1_Oryzophilus luti_GCF_059726245.1,1,2661,-1265.34716796875,488,196,E,A,GCG,1
GCF_059726245.1,Oryzophilus luti,gyrA_1_Oryzophilus luti_GCF_059726245.1,1,2661,-1265.34716796875,488,386,D,A,GCC,1
GCF_059725275.1,Kluyvera fluvialis,gyrA_1_Kluyvera fluvialis_GCF_059725275.1,1,2637,2913.9404296875,81,51,V,A,GCC,1
GCF_059725275.1,Kluyvera fluvialis,gyrA_1_Kluyvera fluvialis_GCF_059725275.1,1,2637,2913.9404296875,81,57,K,N,AAT,2
GCF_059725275.1,Kluyvera fluvialis,gyrA_1_Kluyvera fluvialis_GCF_059725275.1,1,2637,2913.9404296875,81,67,S,A,GCC,1
GCF_059725275.1,Kluyvera fluvialis,gyrA_1_Kluyvera fluvialis_GCF_059725275.1,1,2637,2913.9404296875,81,67,T,A,GCC,1
GCF_059725275.1,Kluyvera fluvialis,gyrA_1_Kluyvera fluvialis_GCF_059725275.1,1,2637,2913.9404296875,81,72,G,D,GAC,1
GCF_059725275.1,Kluyvera fluvialis,gyrA_1_Kluyvera fluvialis_GCF_059725275.1,1,2637,2913.9404296875,81,72,V,D,GAC,1
GCF_059725275.1,Kluyvera fluvialis,gyrA_1_Kluyvera fluvialis_GCF_059725275.1,1,2637,2913.9404296875,81,77,S,Y,TAC,1
GCF_059725275.1,Kluyvera fluvialis,gyrA_1_Kluyvera fluvialis_GCF_059725275.1,1,2637,2913.9404296875,81,80,P,H,CAT,1
GCF_059725275.1,Kluyvera fluvialis,gyrA_1_Kluyvera fluvialis_GCF_059725275.1,1,2637,2913.9404296875,81,80,R,H,CAT,1
GCF_059725275.1,Kluyvera fluvialis,gyrA_1_Kluyvera fluvialis_GCF_059725275.1,1,2637,2913.9404296875,81,81,C,G,GGT,1
GCF_059725275.1,Kluyvera fluvialis,gyrA_1_Kluyvera fluvialis_GCF_059725275.1,1,2637,2913.9404296875,81,81,D,G,GGT,1
GCF_059725275.1,Kluyvera fluvialis,gyrA_1_Kluyvera fluvialis_GCF_059725275.1,1,2637,2913.9404296875,81,82,G,D,GAT,1
GCF_059725275.1,Kluyvera fluvialis,gyrA_1_Kluyvera fluvialis_GCF_059725275.1,1,2637,2913.9404296875,81,82,N,D,GAT,1
GCF_059725275.1,Kluyvera fluvialis,gyrA_1_Kluyvera fluvialis_GCF_059725275.1,1,2637,2913.9404296875,81,82,Y,D,GAT,1
GCF_059725275.1,Kluyvera fluvialis,gyrA_1_Kluyvera fluvialis_GCF_059725275.1,1,2637,2913.9404296875,81,83,A,S,TCC,1
GCF_059725275.1,Kluyvera fluvialis,gyrA_1_Kluyvera fluvialis_GCF_059725275.1,1,2637,2913.9404296875,81,83,F,S,TCC,1
GCF_059725275.1,Kluyvera fluvialis,gyrA_1_Kluyvera fluvialis_GCF_059725275.1,1,2637,2913.9404296875,81,83,I,S,TCC,0
GCF_059725275.1,Kluyvera fluvialis,gyrA_1_Kluyvera fluvialis_GCF_059725275.1,1,2637,2913.9404296875,81,83,K,S,TCC,0
GCF_059725275.1,Kluyvera fluvialis,gyrA_1_Kluyvera fluvialis_GCF_059725275.1,1,2637,2913.9404296875,81,83,L,S,TCC,0
GCF_059725275.1,Kluyvera fluvialis,gyrA_1_Kluyvera fluvialis_GCF_059725275.1,1,2637,2913.9404296875,81,83,M,S,TCC,0
GCF_059725275.1,Kluyvera fluvialis,gyrA_1_Kluyvera fluvialis_GCF_059725275.1,1,2637,2913.9404296875,81,83,R,S,TCC,0
GCF_059725275.1,Kluyvera fluvialis,gyrA_1_Kluyvera fluvialis_GCF_059725275.1,1,2637,2913.9404296875,81,83,S,S,TCC,3
GCF_059725275.1,Kluyvera fluvialis,gyrA_1_Kluyvera fluvialis_GCF_059725275.1,1,2637,2913.9404296875,81,83,V,S,TCC,0
GCF_059725275.1,Kluyvera fluvialis,gyrA_1_Kluyvera fluvialis_GCF_059725275.1,1,2637,2913.9404296875,81,83,W,S,TCC,0
GCF_059725275.1,Kluyvera fluvialis,gyrA_1_Kluyvera fluvialis_GCF_059725275.1,1,2637,2913.9404296875,81,83,Y,S,TCC,1
GCF_059725275.1,Kluyvera fluvialis,gyrA_1_Kluyvera fluvialis_GCF_059725275.1,1,2637,2913.9404296875,81,84,A,A,GCG,3
GCF_059725275.1,Kluyvera fluvialis,gyrA_1_Kluyvera fluvialis_GCF_059725275.1,1,2637,2913.9404296875,81,84,P,A,GCG,1
GCF_059725275.1,Kluyvera fluvialis,gyrA_1_Kluyvera fluvialis_GCF_059725275.1,1,2637,2913.9404296875,81,84,V,A,GCG,1
GCF_059725275.1,Kluyvera fluvialis,gyrA_1_Kluyvera fluvialis_GCF_059725275.1,1,2637,2913.9404296875,81,86,N,Y,TAT,1
GCF_059725275.1,Kluyvera fluvialis,gyrA_1_Kluyvera fluvialis_GCF_059725275.1,1,2637,2913.9404296875,81,86,Y,Y,TAT,1
GCF_059725275.1,Kluyvera fluvialis,gyrA_1_Kluyvera fluvialis_GCF_059725275.1,1,2637,2913.9404296875,81,87,A,D,GAC,1
GCF_059725275.1,Kluyvera fluvialis,gyrA_1_Kluyvera fluvialis_GCF_059725275.1,1,2637,2913.9404296875,81,87,G,D,GAC,1
GCF_059725275.1,Kluyvera fluvialis,gyrA_1_Kluyvera fluvialis_GCF_059725275.1,1,2637,2913.9404296875,81,87,H,D,GAC,1
GCF_059725275.1,Kluyvera fluvialis,gyrA_1_Kluyvera fluvialis_GCF_059725275.1,1,2637,2913.9404296875,81,87,K,D,GAC,0
GCF_059725275.1,Kluyvera fluvialis,gyrA_1_Kluyvera fluvialis_GCF_059725275.1,1,2637,2913.9404296875,81,87,L,D,GAC,0
GCF_059725275.1,Kluyvera fluvialis,gyrA_1_Kluyvera fluvialis_GCF_059725275.1,1,2637,2913.9404296875,81,87,N,D,GAC,1
GCF_059725275.1,Kluyvera fluvialis,gyrA_1_Kluyvera fluvialis_GCF_059725275.1,1,2637,2913.9404296875,81,87,Q,D,GAC,0
GCF_059725275.1,Kluyvera fluvialis,gyrA_1_Kluyvera fluvialis_GCF_059725275.1,1,2637,2913.9404296875,81,87,R,D,GAC,0
GCF_059725275.1,Kluyvera fluvialis,gyrA_1_Kluyvera fluvialis_GCF_059725275.1,1,2637,2913.9404296875,81,87,T,D,GAC,0
GCF_059725275.1,Kluyvera fluvialis,gyrA_1_Kluyvera fluvialis_GCF_059725275.1,1,2637,2913.9404296875,81,87,V,D,GAC,1
GCF_059725275.1,Kluyvera fluvialis,gyrA_1_Kluyvera fluvialis_GCF_059725275.1,1,2637,2913.9404296875,81,87,Y,D,GAC,1
GCF_059725275.1,Kluyvera fluvialis,gyrA_1_Kluyvera fluvialis_GCF_059725275.1,1,2637,2913.9404296875,81,101,S,M,ATG,0
GCF_059725275.1,Kluyvera fluvialis,gyrA_1_Kluyvera fluvialis_GCF_059725275.1,1,2637,2913.9404296875,81,105,D,G,GGC,1
GCF_059725275.1,Kluyvera fluvialis,gyrA_1_Kluyvera fluvialis_GCF_059725275.1,1,2637,2913.9404296875,81,106,H,Q,CAG,2
GCF_059725275.1,Kluyvera fluvialis,gyrA_1_Kluyvera fluvialis_GCF_059725275.1,1,2637,2913.9404296875,81,106,L,Q,CAG,1
GCF_059725275.1,Kluyvera fluvialis,gyrA_1_Kluyvera fluvialis_GCF_059725275.1,1,2637,2913.9404296875,81,106,R,Q,CAG,1
GCF_059725275.1,Kluyvera fluvialis,gyrA_1_Kluyvera fluvialis_GCF_059725275.1,1,2637,2913.9404296875,81,119,S,A,GCA,1
GCF_059725275.1,Kluyvera fluvialis,gyrA_1_Kluyvera fluvialis_GCF_059725275.1,1,2637,2913.9404296875,81,119,T,A,GCA,1
GCF_059725275.1,Kluyvera fluvialis,gyrA_1_Kluyvera fluvialis_GCF_059725275.1,1,2637,2913.9404296875,81,165,A,N,AAC,0
GCF_059725275.1,Kluyvera fluvialis,gyrA_1_Kluyvera fluvialis_GCF_059725275.1,1,2637,2913.9404296875,81,196,E,A,GCG,1
GCF_059725275.1,Kluyvera fluvialis,gyrA_1_Kluyvera fluvialis_GCF_059725275.1,1,2637,2913.9404296875,81,386,D,A,GCG,0
GCF_059724925.1,Bifidobacterium vespertilionis,gyrA_1_Bifidobacterium vespertilionis_GCF_059724925.1,1,2757,-1618.2647705078125,541,51,V,A,GCG,1
GCF_059724925.1,Bifidobacterium vespertilionis,gyrA_1_Bifidobacterium vespertilionis_GCF_059724925.1,1,2757,-1618.2647705078125,541,57,K,Y,TAC,0
GCF_059724925.1,Bifidobacterium vespertilionis,gyrA_1_Bifidobacterium vespertilionis_GCF_059724925.1,1,2757,-1618.2647705078125,541,67,S,A,GCC,1
GCF_059724925.1,Bifidobacterium vespertilionis,gyrA_1_Bifidobacterium vespertilionis_GCF_059724925.1,1,2757,-1618.2647705078125,541,67,T,A,GCC,1
GCF_059724925.1,Bifidobacterium vespertilionis,gyrA_1_Bifidobacterium vespertilionis_GCF_059724925.1,1,2757,-1618.2647705078125,541,72,G,E,GAG,1
GCF_059724925.1,Bifidobacterium vespertilionis,gyrA_1_Bifidobacterium vespertilionis_GCF_059724925.1,1,2757,-1618.2647705078125,541,72,V,E,GAG,1
GCF_059724925.1,Bifidobacterium vespertilionis,gyrA_1_Bifidobacterium vespertilionis_GCF_059724925.1,1,2757,-1618.2647705078125,541,77,S,Y,TAC,1
GCF_059724925.1,Bifidobacterium vespertilionis,gyrA_1_Bifidobacterium vespertilionis_GCF_059724925.1,1,2757,-1618.2647705078125,541,80,P,H,CAT,1
GCF_059724925.1,Bifidobacterium vespertilionis,gyrA_1_Bifidobacterium vespertilionis_GCF_059724925.1,1,2757,-1618.2647705078125,541,80,R,H,CAT,1
GCF_059724925.1,Bifidobacterium vespertilionis,gyrA_1_Bifidobacterium vespertilionis_GCF_059724925.1,1,2757,-1618.2647705078125,541,81,C,G,GGC,1
GCF_059724925.1,Bifidobacterium vespertilionis,gyrA_1_Bifidobacterium vespertilionis_GCF_059724925.1,1,2757,-1618.2647705078125,541,81,D,G,GGC,1
GCF_059724925.1,Bifidobacterium vespertilionis,gyrA_1_Bifidobacterium vespertilionis_GCF_059724925.1,1,2757,-1618.2647705078125,541,82,G,D,GAT,1
GCF_059724925.1,Bifidobacterium vespertilionis,gyrA_1_Bifidobacterium vespertilionis_GCF_059724925.1,1,2757,-1618.2647705078125,541,82,N,D,GAT,1
GCF_059724925.1,Bifidobacterium vespertilionis,gyrA_1_Bifidobacterium vespertilionis_GCF_059724925.1,1,2757,-1618.2647705078125,541,82,Y,D,GAT,1
GCF_059724925.1,Bifidobacterium vespertilionis,gyrA_1_Bifidobacterium vespertilionis_GCF_059724925.1,1,2757,-1618.2647705078125,541,83,A,S,TCG,1
GCF_059724925.1,Bifidobacterium vespertilionis,gyrA_1_Bifidobacterium vespertilionis_GCF_059724925.1,1,2757,-1618.2647705078125,541,83,F,S,TCG,0
GCF_059724925.1,Bifidobacterium vespertilionis,gyrA_1_Bifidobacterium vespertilionis_GCF_059724925.1,1,2757,-1618.2647705078125,541,83,I,S,TCG,0
GCF_059724925.1,Bifidobacterium vespertilionis,gyrA_1_Bifidobacterium vespertilionis_GCF_059724925.1,1,2757,-1618.2647705078125,541,83,K,S,TCG,0
GCF_059724925.1,Bifidobacterium vespertilionis,gyrA_1_Bifidobacterium vespertilionis_GCF_059724925.1,1,2757,-1618.2647705078125,541,83,L,S,TCG,1
GCF_059724925.1,Bifidobacterium vespertilionis,gyrA_1_Bifidobacterium vespertilionis_GCF_059724925.1,1,2757,-1618.2647705078125,541,83,M,S,TCG,0
GCF_059724925.1,Bifidobacterium vespertilionis,gyrA_1_Bifidobacterium vespertilionis_GCF_059724925.1,1,2757,-1618.2647705078125,541,83,R,S,TCG,0
GCF_059724925.1,Bifidobacterium vespertilionis,gyrA_1_Bifidobacterium vespertilionis_GCF_059724925.1,1,2757,-1618.2647705078125,541,83,S,S,TCG,3
GCF_059724925.1,Bifidobacterium vespertilionis,gyrA_1_Bifidobacterium vespertilionis_GCF_059724925.1,1,2757,-1618.2647705078125,541,83,V,S,TCG,0
GCF_059724925.1,Bifidobacterium vespertilionis,gyrA_1_Bifidobacterium vespertilionis_GCF_059724925.1,1,2757,-1618.2647705078125,541,83,W,S,TCG,1
GCF_059724925.1,Bifidobacterium vespertilionis,gyrA_1_Bifidobacterium vespertilionis_GCF_059724925.1,1,2757,-1618.2647705078125,541,83,Y,S,TCG,0
GCF_059724925.1,Bifidobacterium vespertilionis,gyrA_1_Bifidobacterium vespertilionis_GCF_059724925.1,1,2757,-1618.2647705078125,541,84,A,A,GCC,3
GCF_059724925.1,Bifidobacterium vespertilionis,gyrA_1_Bifidobacterium vespertilionis_GCF_059724925.1,1,2757,-1618.2647705078125,541,84,P,A,GCC,1
GCF_059724925.1,Bifidobacterium vespertilionis,gyrA_1_Bifidobacterium vespertilionis_GCF_059724925.1,1,2757,-1618.2647705078125,541,84,V,A,GCC,1
GCF_059724925.1,Bifidobacterium vespertilionis,gyrA_1_Bifidobacterium vespertilionis_GCF_059724925.1,1,2757,-1618.2647705078125,541,86,N,Y,TAC,1
GCF_059724925.1,Bifidobacterium vespertilionis,gyrA_1_Bifidobacterium vespertilionis_GCF_059724925.1,1,2757,-1618.2647705078125,541,86,Y,Y,TAC,1
GCF_059724925.1,Bifidobacterium vespertilionis,gyrA_1_Bifidobacterium vespertilionis_GCF_059724925.1,1,2757,-1618.2647705078125,541,87,A,D,GAC,1
GCF_059724925.1,Bifidobacterium vespertilionis,gyrA_1_Bifidobacterium vespertilionis_GCF_059724925.1,1,2757,-1618.2647705078125,541,87,G,D,GAC,1
GCF_059724925.1,Bifidobacterium vespertilionis,gyrA_1_Bifidobacterium vespertilionis_GCF_059724925.1,1,2757,-1618.2647705078125,541,87,H,D,GAC,1
GCF_059724925.1,Bifidobacterium vespertilionis,gyrA_1_Bifidobacterium vespertilionis_GCF_059724925.1,1,2757,-1618.2647705078125,541,87,K,D,GAC,0
GCF_059724925.1,Bifidobacterium vespertilionis,gyrA_1_Bifidobacterium vespertilionis_GCF_059724925.1,1,2757,-1618.2647705078125,541,87,L,D,GAC,0
GCF_059724925.1,Bifidobacterium vespertilionis,gyrA_1_Bifidobacterium vespertilionis_GCF_059724925.1,1,2757,-1618.2647705078125,541,87,N,D,GAC,1
GCF_059724925.1,Bifidobacterium vespertilionis,gyrA_1_Bifidobacterium vespertilionis_GCF_059724925.1,1,2757,-1618.2647705078125,541,87,Q,D,GAC,0
GCF_059724925.1,Bifidobacterium vespertilionis,gyrA_1_Bifidobacterium vespertilionis_GCF_059724925.1,1,2757,-1618.2647705078125,541,87,R,D,GAC,0
GCF_059724925.1,Bifidobacterium vespertilionis,gyrA_1_Bifidobacterium vespertilionis_GCF_059724925.1,1,2757,-1618.2647705078125,541,87,T,D,GAC,0
GCF_059724925.1,Bifidobacterium vespertilionis,gyrA_1_Bifidobacterium vespertilionis_GCF_059724925.1,1,2757,-1618.2647705078125,541,87,V,D,GAC,1
GCF_059724925.1,Bifidobacterium vespertilionis,gyrA_1_Bifidobacterium vespertilionis_GCF_059724925.1,1,2757,-1618.2647705078125,541,87,Y,D,GAC,1
GCF_059724925.1,Bifidobacterium vespertilionis,gyrA_1_Bifidobacterium vespertilionis_GCF_059724925.1,1,2757,-1618.2647705078125,541,101,S,L,CTG,0
GCF_059724925.1,Bifidobacterium vespertilionis,gyrA_1_Bifidobacterium vespertilionis_GCF_059724925.1,1,2757,-1618.2647705078125,541,105,D,G,GGC,1
GCF_059724925.1,Bifidobacterium vespertilionis,gyrA_1_Bifidobacterium vespertilionis_GCF_059724925.1,1,2757,-1618.2647705078125,541,106,H,Q,CAG,2
GCF_059724925.1,Bifidobacterium vespertilionis,gyrA_1_Bifidobacterium vespertilionis_GCF_059724925.1,1,2757,-1618.2647705078125,541,106,L,Q,CAG,1
GCF_059724925.1,Bifidobacterium vespertilionis,gyrA_1_Bifidobacterium vespertilionis_GCF_059724925.1,1,2757,-1618.2647705078125,541,106,R,Q,CAG,1
GCF_059724925.1,Bifidobacterium vespertilionis,gyrA_1_Bifidobacterium vespertilionis_GCF_059724925.1,1,2757,-1618.2647705078125,541,119,S,A,GCC,1
GCF_059724925.1,Bifidobacterium vespertilionis,gyrA_1_Bifidobacterium vespertilionis_GCF_059724925.1,1,2757,-1618.2647705078125,541,119,T,A,GCC,1
GCF_059724925.1,Bifidobacterium vespertilionis,gyrA_1_Bifidobacterium vespertilionis_GCF_059724925.1,1,2757,-1618.2647705078125,541,165,A,N,AAC,0
GCF_059724925.1,Bifidobacterium vespertilionis,gyrA_1_Bifidobacterium vespertilionis_GCF_059724925.1,1,2757,-1618.2647705078125,541,196,E,W,TGG,0
GCF_059724925.1,Bifidobacterium vespertilionis,gyrA_1_Bifidobacterium vespertilionis_GCF_059724925.1,1,2757,-1618.2647705078125,541,386,D,A,GCC,1
GCF_055397235.2,Mycetocola tolaasinivorans,gyrA_1_Mycetocola tolaasinivorans_GCF_055397235.2,1,2568,-1490.797607421875,500,51,V,A,GCA,1
GCF_055397235.2,Mycetocola tolaasinivorans,gyrA_1_Mycetocola tolaasinivorans_GCF_055397235.2,1,2568,-1490.797607421875,500,57,K,Y,TAC,0
GCF_055397235.2,Mycetocola tolaasinivorans,gyrA_1_Mycetocola tolaasinivorans_GCF_055397235.2,1,2568,-1490.797607421875,500,67,S,A,GCC,1
GCF_055397235.2,Mycetocola tolaasinivorans,gyrA_1_Mycetocola tolaasinivorans_GCF_055397235.2,1,2568,-1490.797607421875,500,67,T,A,GCC,1
GCF_055397235.2,Mycetocola tolaasinivorans,gyrA_1_Mycetocola tolaasinivorans_GCF_055397235.2,1,2568,-1490.797607421875,500,72,G,D,GAC,1
GCF_055397235.2,Mycetocola tolaasinivorans,gyrA_1_Mycetocola tolaasinivorans_GCF_055397235.2,1,2568,-1490.797607421875,500,72,V,D,GAC,1
GCF_055397235.2,Mycetocola tolaasinivorans,gyrA_1_Mycetocola tolaasinivorans_GCF_055397235.2,1,2568,-1490.797607421875,500,77,S,F,TTC,1
GCF_055397235.2,Mycetocola tolaasinivorans,gyrA_1_Mycetocola tolaasinivorans_GCF_055397235.2,1,2568,-1490.797607421875,500,80,P,H,CAC,1
GCF_055397235.2,Mycetocola tolaasinivorans,gyrA_1_Mycetocola tolaasinivorans_GCF_055397235.2,1,2568,-1490.797607421875,500,80,R,H,CAC,1
GCF_055397235.2,Mycetocola tolaasinivorans,gyrA_1_Mycetocola tolaasinivorans_GCF_055397235.2,1,2568,-1490.797607421875,500,81,C,G,GGT,1
GCF_055397235.2,Mycetocola tolaasinivorans,gyrA_1_Mycetocola tolaasinivorans_GCF_055397235.2,1,2568,-1490.797607421875,500,81,D,G,GGT,1
GCF_055397235.2,Mycetocola tolaasinivorans,gyrA_1_Mycetocola tolaasinivorans_GCF_055397235.2,1,2568,-1490.797607421875,500,82,G,D,GAC,1
GCF_055397235.2,Mycetocola tolaasinivorans,gyrA_1_Mycetocola tolaasinivorans_GCF_055397235.2,1,2568,-1490.797607421875,500,82,N,D,GAC,1
GCF_055397235.2,Mycetocola tolaasinivorans,gyrA_1_Mycetocola tolaasinivorans_GCF_055397235.2,1,2568,-1490.797607421875,500,82,Y,D,GAC,1
GCF_055397235.2,Mycetocola tolaasinivorans,gyrA_1_Mycetocola tolaasinivorans_GCF_055397235.2,1,2568,-1490.797607421875,500,83,A,S,TCG,1
GCF_055397235.2,Mycetocola tolaasinivorans,gyrA_1_Mycetocola tolaasinivorans_GCF_055397235.2,1,2568,-1490.797607421875,500,83,F,S,TCG,0
GCF_055397235.2,Mycetocola tolaasinivorans,gyrA_1_Mycetocola tolaasinivorans_GCF_055397235.2,1,2568,-1490.797607421875,500,83,I,S,TCG,0
GCF_055397235.2,Mycetocola tolaasinivorans,gyrA_1_Mycetocola tolaasinivorans_GCF_055397235.2,1,2568,-1490.797607421875,500,83,K,S,TCG,0
GCF_055397235.2,Mycetocola tolaasinivorans,gyrA_1_Mycetocola tolaasinivorans_GCF_055397235.2,1,2568,-1490.797607421875,500,83,L,S,TCG,1
GCF_055397235.2,Mycetocola tolaasinivorans,gyrA_1_Mycetocola tolaasinivorans_GCF_055397235.2,1,2568,-1490.797607421875,500,83,M,S,TCG,0
GCF_055397235.2,Mycetocola tolaasinivorans,gyrA_1_Mycetocola tolaasinivorans_GCF_055397235.2,1,2568,-1490.797607421875,500,83,R,S,TCG,0
GCF_055397235.2,Mycetocola tolaasinivorans,gyrA_1_Mycetocola tolaasinivorans_GCF_055397235.2,1,2568,-1490.797607421875,500,83,S,S,TCG,3
GCF_055397235.2,Mycetocola tolaasinivorans,gyrA_1_Mycetocola tolaasinivorans_GCF_055397235.2,1,2568,-1490.797607421875,500,83,V,S,TCG,0
GCF_055397235.2,Mycetocola tolaasinivorans,gyrA_1_Mycetocola tolaasinivorans_GCF_055397235.2,1,2568,-1490.797607421875,500,83,W,S,TCG,1
GCF_055397235.2,Mycetocola tolaasinivorans,gyrA_1_Mycetocola tolaasinivorans_GCF_055397235.2,1,2568,-1490.797607421875,500,83,Y,S,TCG,0
GCF_055397235.2,Mycetocola tolaasinivorans,gyrA_1_Mycetocola tolaasinivorans_GCF_055397235.2,1,2568,-1490.797607421875,500,84,A,A,GCG,3
GCF_055397235.2,Mycetocola tolaasinivorans,gyrA_1_Mycetocola tolaasinivorans_GCF_055397235.2,1,2568,-1490.797607421875,500,84,P,A,GCG,1
GCF_055397235.2,Mycetocola tolaasinivorans,gyrA_1_Mycetocola tolaasinivorans_GCF_055397235.2,1,2568,-1490.797607421875,500,84,V,A,GCG,1
GCF_055397235.2,Mycetocola tolaasinivorans,gyrA_1_Mycetocola tolaasinivorans_GCF_055397235.2,1,2568,-1490.797607421875,500,86,N,Y,TAT,1
GCF_055397235.2,Mycetocola tolaasinivorans,gyrA_1_Mycetocola tolaasinivorans_GCF_055397235.2,1,2568,-1490.797607421875,500,86,Y,Y,TAT,1
GCF_055397235.2,Mycetocola tolaasinivorans,gyrA_1_Mycetocola tolaasinivorans_GCF_055397235.2,1,2568,-1490.797607421875,500,87,A,D,GAC,1
GCF_055397235.2,Mycetocola tolaasinivorans,gyrA_1_Mycetocola tolaasinivorans_GCF_055397235.2,1,2568,-1490.797607421875,500,87,G,D,GAC,1
GCF_055397235.2,Mycetocola tolaasinivorans,gyrA_1_Mycetocola tolaasinivorans_GCF_055397235.2,1,2568,-1490.797607421875,500,87,H,D,GAC,1
GCF_055397235.2,Mycetocola tolaasinivorans,gyrA_1_Mycetocola tolaasinivorans_GCF_055397235.2,1,2568,-1490.797607421875,500,87,K,D,GAC,0
GCF_055397235.2,Mycetocola tolaasinivorans,gyrA_1_Mycetocola tolaasinivorans_GCF_055397235.2,1,2568,-1490.797607421875,500,87,L,D,GAC,0
GCF_055397235.2,Mycetocola tolaasinivorans,gyrA_1_Mycetocola tolaasinivorans_GCF_055397235.2,1,2568,-1490.797607421875,500,87,N,D,GAC,1
GCF_055397235.2,Mycetocola tolaasinivorans,gyrA_1_Mycetocola tolaasinivorans_GCF_055397235.2,1,2568,-1490.797607421875,500,87,Q,D,GAC,0
GCF_055397235.2,Mycetocola tolaasinivorans,gyrA_1_Mycetocola tolaasinivorans_GCF_055397235.2,1,2568,-1490.797607421875,500,87,R,D,GAC,0
GCF_055397235.2,Mycetocola tolaasinivorans,gyrA_1_Mycetocola tolaasinivorans_GCF_055397235.2,1,2568,-1490.797607421875,500,87,T,D,GAC,0
GCF_055397235.2,Mycetocola tolaasinivorans,gyrA_1_Mycetocola tolaasinivorans_GCF_055397235.2,1,2568,-1490.797607421875,500,87,V,D,GAC,1
GCF_055397235.2,Mycetocola tolaasinivorans,gyrA_1_Mycetocola tolaasinivorans_GCF_055397235.2,1,2568,-1490.797607421875,500,87,Y,D,GAC,1
GCF_055397235.2,Mycetocola tolaasinivorans,gyrA_1_Mycetocola tolaasinivorans_GCF_055397235.2,1,2568,-1490.797607421875,500,101,S,P,CCG,1
GCF_055397235.2,Mycetocola tolaasinivorans,gyrA_1_Mycetocola tolaasinivorans_GCF_055397235.2,1,2568,-1490.797607421875,500,105,D,G,GGC,1
GCF_055397235.2,Mycetocola tolaasinivorans,gyrA_1_Mycetocola tolaasinivorans_GCF_055397235.2,1,2568,-1490.797607421875,500,106,H,Q,CAG,2
GCF_055397235.2,Mycetocola tolaasinivorans,gyrA_1_Mycetocola tolaasinivorans_GCF_055397235.2,1,2568,-1490.797607421875,500,106,L,Q,CAG,1
GCF_055397235.2,Mycetocola tolaasinivorans,gyrA_1_Mycetocola tolaasinivorans_GCF_055397235.2,1,2568,-1490.797607421875,500,106,R,Q,CAG,1
GCF_055397235.2,Mycetocola tolaasinivorans,gyrA_1_Mycetocola tolaasinivorans_GCF_055397235.2,1,2568,-1490.797607421875,500,119,S,A,GCC,1
GCF_055397235.2,Mycetocola tolaasinivorans,gyrA_1_Mycetocola tolaasinivorans_GCF_055397235.2,1,2568,-1490.797607421875,500,119,T,A,GCC,1
GCF_055397235.2,Mycetocola tolaasinivorans,gyrA_1_Mycetocola tolaasinivorans_GCF_055397235.2,1,2568,-1490.797607421875,500,165,A,N,AAC,0
GCF_055397235.2,Mycetocola tolaasinivorans,gyrA_1_Mycetocola tolaasinivorans_GCF_055397235.2,1,2568,-1490.797607421875,500,196,E,W,TGG,0
GCF_055397235.2,Mycetocola tolaasinivorans,gyrA_1_Mycetocola tolaasinivorans_GCF_055397235.2,1,2568,-1490.797607421875,500,386,D,A,GCC,1
GCF_987194215.1,Alkalihalophilus lindianensis,gyrA_1_Alkalihalophilus lindianensis_GCF_987194215.1,1,2541,-708.973876953125,421,51,V,A,GCG,1
GCF_987194215.1,Alkalihalophilus lindianensis,gyrA_1_Alkalihalophilus lindianensis_GCF_987194215.1,1,2541,-708.973876953125,421,57,K,M,ATG,1
GCF_987194215.1,Alkalihalophilus lindianensis,gyrA_1_Alkalihalophilus lindianensis_GCF_987194215.1,1,2541,-708.973876953125,421,67,S,A,GCG,1
GCF_987194215.1,Alkalihalophilus lindianensis,gyrA_1_Alkalihalophilus lindianensis_GCF_987194215.1,1,2541,-708.973876953125,421,67,T,A,GCG,1
GCF_987194215.1,Alkalihalophilus lindianensis,gyrA_1_Alkalihalophilus lindianensis_GCF_987194215.1,1,2541,-708.973876953125,421,72,G,E,GAA,1
GCF_987194215.1,Alkalihalophilus lindianensis,gyrA_1_Alkalihalophilus lindianensis_GCF_987194215.1,1,2541,-708.973876953125,421,72,V,E,GAA,1
GCF_987194215.1,Alkalihalophilus lindianensis,gyrA_1_Alkalihalophilus lindianensis_GCF_987194215.1,1,2541,-708.973876953125,421,77,S,Y,TAT,1
GCF_987194215.1,Alkalihalophilus lindianensis,gyrA_1_Alkalihalophilus lindianensis_GCF_987194215.1,1,2541,-708.973876953125,421,80,P,H,CAT,1
GCF_987194215.1,Alkalihalophilus lindianensis,gyrA_1_Alkalihalophilus lindianensis_GCF_987194215.1,1,2541,-708.973876953125,421,80,R,H,CAT,1
GCF_987194215.1,Alkalihalophilus lindianensis,gyrA_1_Alkalihalophilus lindianensis_GCF_987194215.1,1,2541,-708.973876953125,421,81,C,G,GGT,1
GCF_987194215.1,Alkalihalophilus lindianensis,gyrA_1_Alkalihalophilus lindianensis_GCF_987194215.1,1,2541,-708.973876953125,421,81,D,G,GGT,1
GCF_987194215.1,Alkalihalophilus lindianensis,gyrA_1_Alkalihalophilus lindianensis_GCF_987194215.1,1,2541,-708.973876953125,421,82,G,D,GAC,1
GCF_987194215.1,Alkalihalophilus lindianensis,gyrA_1_Alkalihalophilus lindianensis_GCF_987194215.1,1,2541,-708.973876953125,421,82,N,D,GAC,1
GCF_987194215.1,Alkalihalophilus lindianensis,gyrA_1_Alkalihalophilus lindianensis_GCF_987194215.1,1,2541,-708.973876953125,421,82,Y,D,GAC,1
GCF_987194215.1,Alkalihalophilus lindianensis,gyrA_1_Alkalihalophilus lindianensis_GCF_987194215.1,1,2541,-708.973876953125,421,83,A,S,TCT,1
GCF_987194215.1,Alkalihalophilus lindianensis,gyrA_1_Alkalihalophilus lindianensis_GCF_987194215.1,1,2541,-708.973876953125,421,83,F,S,TCT,1
GCF_987194215.1,Alkalihalophilus lindianensis,gyrA_1_Alkalihalophilus lindianensis_GCF_987194215.1,1,2541,-708.973876953125,421,83,I,S,TCT,0
GCF_987194215.1,Alkalihalophilus lindianensis,gyrA_1_Alkalihalophilus lindianensis_GCF_987194215.1,1,2541,-708.973876953125,421,83,K,S,TCT,0
GCF_987194215.1,Alkalihalophilus lindianensis,gyrA_1_Alkalihalophilus lindianensis_GCF_987194215.1,1,2541,-708.973876953125,421,83,L,S,TCT,0
GCF_987194215.1,Alkalihalophilus lindianensis,gyrA_1_Alkalihalophilus lindianensis_GCF_987194215.1,1,2541,-708.973876953125,421,83,M,S,TCT,0
GCF_987194215.1,Alkalihalophilus lindianensis,gyrA_1_Alkalihalophilus lindianensis_GCF_987194215.1,1,2541,-708.973876953125,421,83,R,S,TCT,0
GCF_987194215.1,Alkalihalophilus lindianensis,gyrA_1_Alkalihalophilus lindianensis_GCF_987194215.1,1,2541,-708.973876953125,421,83,S,S,TCT,3
GCF_987194215.1,Alkalihalophilus lindianensis,gyrA_1_Alkalihalophilus lindianensis_GCF_987194215.1,1,2541,-708.973876953125,421,83,V,S,TCT,0
GCF_987194215.1,Alkalihalophilus lindianensis,gyrA_1_Alkalihalophilus lindianensis_GCF_987194215.1,1,2541,-708.973876953125,421,83,W,S,TCT,0
GCF_987194215.1,Alkalihalophilus lindianensis,gyrA_1_Alkalihalophilus lindianensis_GCF_987194215.1,1,2541,-708.973876953125,421,83,Y,S,TCT,1
GCF_987194215.1,Alkalihalophilus lindianensis,gyrA_1_Alkalihalophilus lindianensis_GCF_987194215.1,1,2541,-708.973876953125,421,84,A,A,GCT,3
GCF_987194215.1,Alkalihalophilus lindianensis,gyrA_1_Alkalihalophilus lindianensis_GCF_987194215.1,1,2541,-708.973876953125,421,84,P,A,GCT,1
GCF_987194215.1,Alkalihalophilus lindianensis,gyrA_1_Alkalihalophilus lindianensis_GCF_987194215.1,1,2541,-708.973876953125,421,84,V,A,GCT,1
GCF_987194215.1,Alkalihalophilus lindianensis,gyrA_1_Alkalihalophilus lindianensis_GCF_987194215.1,1,2541,-708.973876953125,421,86,N,Y,TAC,1
GCF_987194215.1,Alkalihalophilus lindianensis,gyrA_1_Alkalihalophilus lindianensis_GCF_987194215.1,1,2541,-708.973876953125,421,86,Y,Y,TAC,1
GCF_987194215.1,Alkalihalophilus lindianensis,gyrA_1_Alkalihalophilus lindianensis_GCF_987194215.1,1,2541,-708.973876953125,421,87,A,E,GAA,1
GCF_987194215.1,Alkalihalophilus lindianensis,gyrA_1_Alkalihalophilus lindianensis_GCF_987194215.1,1,2541,-708.973876953125,421,87,G,E,GAA,1
GCF_987194215.1,Alkalihalophilus lindianensis,gyrA_1_Alkalihalophilus lindianensis_GCF_987194215.1,1,2541,-708.973876953125,421,87,H,E,GAA,0
GCF_987194215.1,Alkalihalophilus lindianensis,gyrA_1_Alkalihalophilus lindianensis_GCF_987194215.1,1,2541,-708.973876953125,421,87,K,E,GAA,1
GCF_987194215.1,Alkalihalophilus lindianensis,gyrA_1_Alkalihalophilus lindianensis_GCF_987194215.1,1,2541,-708.973876953125,421,87,L,E,GAA,0
GCF_987194215.1,Alkalihalophilus lindianensis,gyrA_1_Alkalihalophilus lindianensis_GCF_987194215.1,1,2541,-708.973876953125,421,87,N,E,GAA,0
GCF_987194215.1,Alkalihalophilus lindianensis,gyrA_1_Alkalihalophilus lindianensis_GCF_987194215.1,1,2541,-708.973876953125,421,87,Q,E,GAA,1
GCF_987194215.1,Alkalihalophilus lindianensis,gyrA_1_Alkalihalophilus lindianensis_GCF_987194215.1,1,2541,-708.973876953125,421,87,R,E,GAA,0
GCF_987194215.1,Alkalihalophilus lindianensis,gyrA_1_Alkalihalophilus lindianensis_GCF_987194215.1,1,2541,-708.973876953125,421,87,T,E,GAA,0
GCF_987194215.1,Alkalihalophilus lindianensis,gyrA_1_Alkalihalophilus lindianensis_GCF_987194215.1,1,2541,-708.973876953125,421,87,V,E,GAA,1
GCF_987194215.1,Alkalihalophilus lindianensis,gyrA_1_Alkalihalophilus lindianensis_GCF_987194215.1,1,2541,-708.973876953125,421,87,Y,E,GAA,0
GCF_987194215.1,Alkalihalophilus lindianensis,gyrA_1_Alkalihalophilus lindianensis_GCF_987194215.1,1,2541,-708.973876953125,421,101,S,M,ATG,0
GCF_987194215.1,Alkalihalophilus lindianensis,gyrA_1_Alkalihalophilus lindianensis_GCF_987194215.1,1,2541,-708.973876953125,421,105,D,G,GGA,0
GCF_987194215.1,Alkalihalophilus lindianensis,gyrA_1_Alkalihalophilus lindianensis_GCF_987194215.1,1,2541,-708.973876953125,421,106,H,H,CAT,1
GCF_987194215.1,Alkalihalophilus lindianensis,gyrA_1_Alkalihalophilus lindianensis_GCF_987194215.1,1,2541,-708.973876953125,421,106,L,H,CAT,1
GCF_987194215.1,Alkalihalophilus lindianensis,gyrA_1_Alkalihalophilus lindianensis_GCF_987194215.1,1,2541,-708.973876953125,421,106,R,H,CAT,1
GCF_987194215.1,Alkalihalophilus lindianensis,gyrA_1_Alkalihalophilus lindianensis_GCF_987194215.1,1,2541,-708.973876953125,421,119,S,A,GCG,1
GCF_987194215.1,Alkalihalophilus lindianensis,gyrA_1_Alkalihalophilus lindianensis_GCF_987194215.1,1,2541,-708.973876953125,421,119,T,A,GCG,1
GCF_987194215.1,Alkalihalophilus lindianensis,gyrA_1_Alkalihalophilus lindianensis_GCF_987194215.1,1,2541,-708.973876953125,421,165,A,N,AAT,0
GCF_987194215.1,Alkalihalophilus lindianensis,gyrA_1_Alkalihalophilus lindianensis_GCF_987194215.1,1,2541,-708.973876953125,421,196,E,A,GCG,1
GCF_987194215.1,Alkalihalophilus lindianensis,gyrA_1_Alkalihalophilus lindianensis_GCF_987194215.1,1,2541,-708.973876953125,421,386,D,A,GCG,0
GCF_059738645.1,Candidatus Rickettsia mendelii,gyrA_1_Candidatus Rickettsia mendelii_GCF_059738645.1,1,2709,-1013.34375,474,51,V,S,TCA,0
GCF_059738645.1,Candidatus Rickettsia mendelii,gyrA_1_Candidatus Rickettsia mendelii_GCF_059738645.1,1,2709,-1013.34375,474,57,K,N,AAC,2
GCF_059738645.1,Candidatus Rickettsia mendelii,gyrA_1_Candidatus Rickettsia mendelii_GCF_059738645.1,1,2709,-1013.34375,474,67,S,A,GCT,1
GCF_059738645.1,Candidatus Rickettsia mendelii,gyrA_1_Candidatus Rickettsia mendelii_GCF_059738645.1,1,2709,-1013.34375,474,67,T,A,GCT,1
GCF_059738645.1,Candidatus Rickettsia mendelii,gyrA_1_Candidatus Rickettsia mendelii_GCF_059738645.1,1,2709,-1013.34375,474,72,G,D,GAC,1
GCF_059738645.1,Candidatus Rickettsia mendelii,gyrA_1_Candidatus Rickettsia mendelii_GCF_059738645.1,1,2709,-1013.34375,474,72,V,D,GAC,1
GCF_059738645.1,Candidatus Rickettsia mendelii,gyrA_1_Candidatus Rickettsia mendelii_GCF_059738645.1,1,2709,-1013.34375,474,77,S,Y,TAC,1
GCF_059738645.1,Candidatus Rickettsia mendelii,gyrA_1_Candidatus Rickettsia mendelii_GCF_059738645.1,1,2709,-1013.34375,474,80,P,H,CAT,1
GCF_059738645.1,Candidatus Rickettsia mendelii,gyrA_1_Candidatus Rickettsia mendelii_GCF_059738645.1,1,2709,-1013.34375,474,80,R,H,CAT,1
GCF_059738645.1,Candidatus Rickettsia mendelii,gyrA_1_Candidatus Rickettsia mendelii_GCF_059738645.1,1,2709,-1013.34375,474,81,C,G,GGG,0
GCF_059738645.1,Candidatus Rickettsia mendelii,gyrA_1_Candidatus Rickettsia mendelii_GCF_059738645.1,1,2709,-1013.34375,474,81,D,G,GGG,0
GCF_059738645.1,Candidatus Rickettsia mendelii,gyrA_1_Candidatus Rickettsia mendelii_GCF_059738645.1,1,2709,-1013.34375,474,82,G,D,GAT,1
GCF_059738645.1,Candidatus Rickettsia mendelii,gyrA_1_Candidatus Rickettsia mendelii_GCF_059738645.1,1,2709,-1013.34375,474,82,N,D,GAT,1
GCF_059738645.1,Candidatus Rickettsia mendelii,gyrA_1_Candidatus Rickettsia mendelii_GCF_059738645.1,1,2709,-1013.34375,474,82,Y,D,GAT,1
GCF_059738645.1,Candidatus Rickettsia mendelii,gyrA_1_Candidatus Rickettsia mendelii_GCF_059738645.1,1,2709,-1013.34375,474,83,A,S,AGT,0
GCF_059738645.1,Candidatus Rickettsia mendelii,gyrA_1_Candidatus Rickettsia mendelii_GCF_059738645.1,1,2709,-1013.34375,474,83,F,S,AGT,0
GCF_059738645.1,Candidatus Rickettsia mendelii,gyrA_1_Candidatus Rickettsia mendelii_GCF_059738645.1,1,2709,-1013.34375,474,83,I,S,AGT,1
GCF_059738645.1,Candidatus Rickettsia mendelii,gyrA_1_Candidatus Rickettsia mendelii_GCF_059738645.1,1,2709,-1013.34375,474,83,K,S,AGT,0
GCF_059738645.1,Candidatus Rickettsia mendelii,gyrA_1_Candidatus Rickettsia mendelii_GCF_059738645.1,1,2709,-1013.34375,474,83,L,S,AGT,0
GCF_059738645.1,Candidatus Rickettsia mendelii,gyrA_1_Candidatus Rickettsia mendelii_GCF_059738645.1,1,2709,-1013.34375,474,83,M,S,AGT,0
GCF_059738645.1,Candidatus Rickettsia mendelii,gyrA_1_Candidatus Rickettsia mendelii_GCF_059738645.1,1,2709,-1013.34375,474,83,R,S,AGT,3
GCF_059738645.1,Candidatus Rickettsia mendelii,gyrA_1_Candidatus Rickettsia mendelii_GCF_059738645.1,1,2709,-1013.34375,474,83,S,S,AGT,1
GCF_059738645.1,Candidatus Rickettsia mendelii,gyrA_1_Candidatus Rickettsia mendelii_GCF_059738645.1,1,2709,-1013.34375,474,83,V,S,AGT,0
GCF_059738645.1,Candidatus Rickettsia mendelii,gyrA_1_Candidatus Rickettsia mendelii_GCF_059738645.1,1,2709,-1013.34375,474,83,W,S,AGT,0
GCF_059738645.1,Candidatus Rickettsia mendelii,gyrA_1_Candidatus Rickettsia mendelii_GCF_059738645.1,1,2709,-1013.34375,474,83,Y,S,AGT,0
GCF_059738645.1,Candidatus Rickettsia mendelii,gyrA_1_Candidatus Rickettsia mendelii_GCF_059738645.1,1,2709,-1013.34375,474,84,A,A,GCT,3
GCF_059738645.1,Candidatus Rickettsia mendelii,gyrA_1_Candidatus Rickettsia mendelii_GCF_059738645.1,1,2709,-1013.34375,474,84,P,A,GCT,1
GCF_059738645.1,Candidatus Rickettsia mendelii,gyrA_1_Candidatus Rickettsia mendelii_GCF_059738645.1,1,2709,-1013.34375,474,84,V,A,GCT,1
GCF_059738645.1,Candidatus Rickettsia mendelii,gyrA_1_Candidatus Rickettsia mendelii_GCF_059738645.1,1,2709,-1013.34375,474,86,N,Y,TAC,1
GCF_059738645.1,Candidatus Rickettsia mendelii,gyrA_1_Candidatus Rickettsia mendelii_GCF_059738645.1,1,2709,-1013.34375,474,86,Y,Y,TAC,1
GCF_059738645.1,Candidatus Rickettsia mendelii,gyrA_1_Candidatus Rickettsia mendelii_GCF_059738645.1,1,2709,-1013.34375,474,87,A,D,GAT,1
GCF_059738645.1,Candidatus Rickettsia mendelii,gyrA_1_Candidatus Rickettsia mendelii_GCF_059738645.1,1,2709,-1013.34375,474,87,G,D,GAT,1
GCF_059738645.1,Candidatus Rickettsia mendelii,gyrA_1_Candidatus Rickettsia mendelii_GCF_059738645.1,1,2709,-1013.34375,474,87,H,D,GAT,1
GCF_059738645.1,Candidatus Rickettsia mendelii,gyrA_1_Candidatus Rickettsia mendelii_GCF_059738645.1,1,2709,-1013.34375,474,87,K,D,GAT,0
GCF_059738645.1,Candidatus Rickettsia mendelii,gyrA_1_Candidatus Rickettsia mendelii_GCF_059738645.1,1,2709,-1013.34375,474,87,L,D,GAT,0
GCF_059738645.1,Candidatus Rickettsia mendelii,gyrA_1_Candidatus Rickettsia mendelii_GCF_059738645.1,1,2709,-1013.34375,474,87,N,D,GAT,1
GCF_059738645.1,Candidatus Rickettsia mendelii,gyrA_1_Candidatus Rickettsia mendelii_GCF_059738645.1,1,2709,-1013.34375,474,87,Q,D,GAT,0
GCF_059738645.1,Candidatus Rickettsia mendelii,gyrA_1_Candidatus Rickettsia mendelii_GCF_059738645.1,1,2709,-1013.34375,474,87,R,D,GAT,0
GCF_059738645.1,Candidatus Rickettsia mendelii,gyrA_1_Candidatus Rickettsia mendelii_GCF_059738645.1,1,2709,-1013.34375,474,87,T,D,GAT,0
GCF_059738645.1,Candidatus Rickettsia mendelii,gyrA_1_Candidatus Rickettsia mendelii_GCF_059738645.1,1,2709,-1013.34375,474,87,V,D,GAT,1
GCF_059738645.1,Candidatus Rickettsia mendelii,gyrA_1_Candidatus Rickettsia mendelii_GCF_059738645.1,1,2709,-1013.34375,474,87,Y,D,GAT,1
GCF_059738645.1,Candidatus Rickettsia mendelii,gyrA_1_Candidatus Rickettsia mendelii_GCF_059738645.1,1,2709,-1013.34375,474,101,S,P,CCG,1
GCF_059738645.1,Candidatus Rickettsia mendelii,gyrA_1_Candidatus Rickettsia mendelii_GCF_059738645.1,1,2709,-1013.34375,474,105,D,G,GGG,0
GCF_059738645.1,Candidatus Rickettsia mendelii,gyrA_1_Candidatus Rickettsia mendelii_GCF_059738645.1,1,2709,-1013.34375,474,106,H,Q,CAA,2
GCF_059738645.1,Candidatus Rickettsia mendelii,gyrA_1_Candidatus Rickettsia mendelii_GCF_059738645.1,1,2709,-1013.34375,474,106,L,Q,CAA,1
GCF_059738645.1,Candidatus Rickettsia mendelii,gyrA_1_Candidatus Rickettsia mendelii_GCF_059738645.1,1,2709,-1013.34375,474,106,R,Q,CAA,1
GCF_059738645.1,Candidatus Rickettsia mendelii,gyrA_1_Candidatus Rickettsia mendelii_GCF_059738645.1,1,2709,-1013.34375,474,119,S,A,GCC,1
GCF_059738645.1,Candidatus Rickettsia mendelii,gyrA_1_Candidatus Rickettsia mendelii_GCF_059738645.1,1,2709,-1013.34375,474,119,T,A,GCC,1
GCF_059738645.1,Candidatus Rickettsia mendelii,gyrA_1_Candidatus Rickettsia mendelii_GCF_059738645.1,1,2709,-1013.34375,474,165,A,N,AAC,0
GCF_059738645.1,Candidatus Rickettsia mendelii,gyrA_1_Candidatus Rickettsia mendelii_GCF_059738645.1,1,2709,-1013.34375,474,196,E,L,TTA,0
GCF_059738645.1,Candidatus Rickettsia mendelii,gyrA_1_Candidatus Rickettsia mendelii_GCF_059738645.1,1,2709,-1013.34375,474,386,D,A,GCT,1
GCF_059729505.1,Spiroplasma ixodetis,gyrA_1_Spiroplasma ixodetis_GCF_059729505.1,1,2490,-1664.244873046875,516,51,V,S,TCT,0
GCF_059729505.1,Spiroplasma ixodetis,gyrA_1_Spiroplasma ixodetis_GCF_059729505.1,1,2490,-1664.244873046875,516,57,K,M,ATG,1
GCF_059729505.1,Spiroplasma ixodetis,gyrA_1_Spiroplasma ixodetis_GCF_059729505.1,1,2490,-1664.244873046875,516,67,S,A,GCA,1
GCF_059729505.1,Spiroplasma ixodetis,gyrA_1_Spiroplasma ixodetis_GCF_059729505.1,1,2490,-1664.244873046875,516,67,T,A,GCA,1
GCF_059729505.1,Spiroplasma ixodetis,gyrA_1_Spiroplasma ixodetis_GCF_059729505.1,1,2490,-1664.244873046875,516,72,G,E,GAA,1
GCF_059729505.1,Spiroplasma ixodetis,gyrA_1_Spiroplasma ixodetis_GCF_059729505.1,1,2490,-1664.244873046875,516,72,V,E,GAA,1
GCF_059729505.1,Spiroplasma ixodetis,gyrA_1_Spiroplasma ixodetis_GCF_059729505.1,1,2490,-1664.244873046875,516,77,S,F,TTT,1
GCF_059729505.1,Spiroplasma ixodetis,gyrA_1_Spiroplasma ixodetis_GCF_059729505.1,1,2490,-1664.244873046875,516,80,P,H,CAT,1
GCF_059729505.1,Spiroplasma ixodetis,gyrA_1_Spiroplasma ixodetis_GCF_059729505.1,1,2490,-1664.244873046875,516,80,R,H,CAT,1
GCF_059729505.1,Spiroplasma ixodetis,gyrA_1_Spiroplasma ixodetis_GCF_059729505.1,1,2490,-1664.244873046875,516,81,C,G,GGT,1
GCF_059729505.1,Spiroplasma ixodetis,gyrA_1_Spiroplasma ixodetis_GCF_059729505.1,1,2490,-1664.244873046875,516,81,D,G,GGT,1
GCF_059729505.1,Spiroplasma ixodetis,gyrA_1_Spiroplasma ixodetis_GCF_059729505.1,1,2490,-1664.244873046875,516,82,G,D,GAT,1
GCF_059729505.1,Spiroplasma ixodetis,gyrA_1_Spiroplasma ixodetis_GCF_059729505.1,1,2490,-1664.244873046875,516,82,N,D,GAT,1
GCF_059729505.1,Spiroplasma ixodetis,gyrA_1_Spiroplasma ixodetis_GCF_059729505.1,1,2490,-1664.244873046875,516,82,Y,D,GAT,1
GCF_059729505.1,Spiroplasma ixodetis,gyrA_1_Spiroplasma ixodetis_GCF_059729505.1,1,2490,-1664.244873046875,516,83,A,I,ATT,0
GCF_059729505.1,Spiroplasma ixodetis,gyrA_1_Spiroplasma ixodetis_GCF_059729505.1,1,2490,-1664.244873046875,516,83,F,I,ATT,1
GCF_059729505.1,Spiroplasma ixodetis,gyrA_1_Spiroplasma ixodetis_GCF_059729505.1,1,2490,-1664.244873046875,516,83,I,I,ATT,2
GCF_059729505.1,Spiroplasma ixodetis,gyrA_1_Spiroplasma ixodetis_GCF_059729505.1,1,2490,-1664.244873046875,516,83,K,I,ATT,0
GCF_059729505.1,Spiroplasma ixodetis,gyrA_1_Spiroplasma ixodetis_GCF_059729505.1,1,2490,-1664.244873046875,516,83,L,I,ATT,1
GCF_059729505.1,Spiroplasma ixodetis,gyrA_1_Spiroplasma ixodetis_GCF_059729505.1,1,2490,-1664.244873046875,516,83,M,I,ATT,1
GCF_059729505.1,Spiroplasma ixodetis,gyrA_1_Spiroplasma ixodetis_GCF_059729505.1,1,2490,-1664.244873046875,516,83,R,I,ATT,0
GCF_059729505.1,Spiroplasma ixodetis,gyrA_1_Spiroplasma ixodetis_GCF_059729505.1,1,2490,-1664.244873046875,516,83,S,I,ATT,1
GCF_059729505.1,Spiroplasma ixodetis,gyrA_1_Spiroplasma ixodetis_GCF_059729505.1,1,2490,-1664.244873046875,516,83,V,I,ATT,1
GCF_059729505.1,Spiroplasma ixodetis,gyrA_1_Spiroplasma ixodetis_GCF_059729505.1,1,2490,-1664.244873046875,516,83,W,I,ATT,0
GCF_059729505.1,Spiroplasma ixodetis,gyrA_1_Spiroplasma ixodetis_GCF_059729505.1,1,2490,-1664.244873046875,516,83,Y,I,ATT,0
GCF_059729505.1,Spiroplasma ixodetis,gyrA_1_Spiroplasma ixodetis_GCF_059729505.1,1,2490,-1664.244873046875,516,84,A,A,GCA,3
GCF_059729505.1,Spiroplasma ixodetis,gyrA_1_Spiroplasma ixodetis_GCF_059729505.1,1,2490,-1664.244873046875,516,84,P,A,GCA,1
GCF_059729505.1,Spiroplasma ixodetis,gyrA_1_Spiroplasma ixodetis_GCF_059729505.1,1,2490,-1664.244873046875,516,84,V,A,GCA,1
GCF_059729505.1,Spiroplasma ixodetis,gyrA_1_Spiroplasma ixodetis_GCF_059729505.1,1,2490,-1664.244873046875,516,86,N,Y,TAT,1
GCF_059729505.1,Spiroplasma ixodetis,gyrA_1_Spiroplasma ixodetis_GCF_059729505.1,1,2490,-1664.244873046875,516,86,Y,Y,TAT,1
GCF_059729505.1,Spiroplasma ixodetis,gyrA_1_Spiroplasma ixodetis_GCF_059729505.1,1,2490,-1664.244873046875,516,87,A,E,GAA,1
GCF_059729505.1,Spiroplasma ixodetis,gyrA_1_Spiroplasma ixodetis_GCF_059729505.1,1,2490,-1664.244873046875,516,87,G,E,GAA,1
GCF_059729505.1,Spiroplasma ixodetis,gyrA_1_Spiroplasma ixodetis_GCF_059729505.1,1,2490,-1664.244873046875,516,87,H,E,GAA,0
GCF_059729505.1,Spiroplasma ixodetis,gyrA_1_Spiroplasma ixodetis_GCF_059729505.1,1,2490,-1664.244873046875,516,87,K,E,GAA,1
GCF_059729505.1,Spiroplasma ixodetis,gyrA_1_Spiroplasma ixodetis_GCF_059729505.1,1,2490,-1664.244873046875,516,87,L,E,GAA,0
GCF_059729505.1,Spiroplasma ixodetis,gyrA_1_Spiroplasma ixodetis_GCF_059729505.1,1,2490,-1664.244873046875,516,87,N,E,GAA,0
GCF_059729505.1,Spiroplasma ixodetis,gyrA_1_Spiroplasma ixodetis_GCF_059729505.1,1,2490,-1664.244873046875,516,87,Q,E,GAA,1
GCF_059729505.1,Spiroplasma ixodetis,gyrA_1_Spiroplasma ixodetis_GCF_059729505.1,1,2490,-1664.244873046875,516,87,R,E,GAA,0
GCF_059729505.1,Spiroplasma ixodetis,gyrA_1_Spiroplasma ixodetis_GCF_059729505.1,1,2490,-1664.244873046875,516,87,T,E,GAA,0
GCF_059729505.1,Spiroplasma ixodetis,gyrA_1_Spiroplasma ixodetis_GCF_059729505.1,1,2490,-1664.244873046875,516,87,V,E,GAA,1
GCF_059729505.1,Spiroplasma ixodetis,gyrA_1_Spiroplasma ixodetis_GCF_059729505.1,1,2490,-1664.244873046875,516,87,Y,E,GAA,0
GCF_059729505.1,Spiroplasma ixodetis,gyrA_1_Spiroplasma ixodetis_GCF_059729505.1,1,2490,-1664.244873046875,516,101,S,P,CCT,1
GCF_059729505.1,Spiroplasma ixodetis,gyrA_1_Spiroplasma ixodetis_GCF_059729505.1,1,2490,-1664.244873046875,516,105,D,G,GGC,1
GCF_059729505.1,Spiroplasma ixodetis,gyrA_1_Spiroplasma ixodetis_GCF_059729505.1,1,2490,-1664.244873046875,516,106,H,Q,CAA,2
GCF_059729505.1,Spiroplasma ixodetis,gyrA_1_Spiroplasma ixodetis_GCF_059729505.1,1,2490,-1664.244873046875,516,106,L,Q,CAA,1
GCF_059729505.1,Spiroplasma ixodetis,gyrA_1_Spiroplasma ixodetis_GCF_059729505.1,1,2490,-1664.244873046875,516,106,R,Q,CAA,1
GCF_059729505.1,Spiroplasma ixodetis,gyrA_1_Spiroplasma ixodetis_GCF_059729505.1,1,2490,-1664.244873046875,516,119,S,A,GCT,1
GCF_059729505.1,Spiroplasma ixodetis,gyrA_1_Spiroplasma ixodetis_GCF_059729505.1,1,2490,-1664.244873046875,516,119,T,A,GCT,1
GCF_059729505.1,Spiroplasma ixodetis,gyrA_1_Spiroplasma ixodetis_GCF_059729505.1,1,2490,-1664.244873046875,516,165,A,N,AAT,0
GCF_059729505.1,Spiroplasma ixodetis,gyrA_1_Spiroplasma ixodetis_GCF_059729505.1,1,2490,-1664.244873046875,516,196,E,A,GCT,0
GCF_059729505.1,Spiroplasma ixodetis,gyrA_1_Spiroplasma ixodetis_GCF_059729505.1,1,2490,-1664.244873046875,516,386,D,A,GCA,0
GCF_059726345.1,Humiphilus diazotrophicus,gyrA_1_Humiphilus diazotrophicus_GCF_059726345.1,1,2604,-1064.4906005859375,467,51,V,T,ACG,0
GCF_059726345.1,Humiphilus diazotrophicus,gyrA_1_Humiphilus diazotrophicus_GCF_059726345.1,1,2604,-1064.4906005859375,467,57,K,L,CTG,0
GCF_059726345.1,Humiphilus diazotrophicus,gyrA_1_Humiphilus diazotrophicus_GCF_059726345.1,1,2604,-1064.4906005859375,467,67,S,A,GCC,1
GCF_059726345.1,Humiphilus diazotrophicus,gyrA_1_Humiphilus diazotrophicus_GCF_059726345.1,1,2604,-1064.4906005859375,467,67,T,A,GCC,1
GCF_059726345.1,Humiphilus diazotrophicus,gyrA_1_Humiphilus diazotrophicus_GCF_059726345.1,1,2604,-1064.4906005859375,467,72,G,Q,CAG,0
GCF_059726345.1,Humiphilus diazotrophicus,gyrA_1_Humiphilus diazotrophicus_GCF_059726345.1,1,2604,-1064.4906005859375,467,72,V,Q,CAG,0
GCF_059726345.1,Humiphilus diazotrophicus,gyrA_1_Humiphilus diazotrophicus_GCF_059726345.1,1,2604,-1064.4906005859375,467,77,S,Y,TAT,1
GCF_059726345.1,Humiphilus diazotrophicus,gyrA_1_Humiphilus diazotrophicus_GCF_059726345.1,1,2604,-1064.4906005859375,467,80,P,H,CAT,1
GCF_059726345.1,Humiphilus diazotrophicus,gyrA_1_Humiphilus diazotrophicus_GCF_059726345.1,1,2604,-1064.4906005859375,467,80,R,H,CAT,1
GCF_059726345.1,Humiphilus diazotrophicus,gyrA_1_Humiphilus diazotrophicus_GCF_059726345.1,1,2604,-1064.4906005859375,467,81,C,G,GGC,1
GCF_059726345.1,Humiphilus diazotrophicus,gyrA_1_Humiphilus diazotrophicus_GCF_059726345.1,1,2604,-1064.4906005859375,467,81,D,G,GGC,1
GCF_059726345.1,Humiphilus diazotrophicus,gyrA_1_Humiphilus diazotrophicus_GCF_059726345.1,1,2604,-1064.4906005859375,467,82,G,D,GAC,1
GCF_059726345.1,Humiphilus diazotrophicus,gyrA_1_Humiphilus diazotrophicus_GCF_059726345.1,1,2604,-1064.4906005859375,467,82,N,D,GAC,1
GCF_059726345.1,Humiphilus diazotrophicus,gyrA_1_Humiphilus diazotrophicus_GCF_059726345.1,1,2604,-1064.4906005859375,467,82,Y,D,GAC,1
GCF_059726345.1,Humiphilus diazotrophicus,gyrA_1_Humiphilus diazotrophicus_GCF_059726345.1,1,2604,-1064.4906005859375,467,83,A,S,TCC,1
GCF_059726345.1,Humiphilus diazotrophicus,gyrA_1_Humiphilus diazotrophicus_GCF_059726345.1,1,2604,-1064.4906005859375,467,83,F,S,TCC,1
GCF_059726345.1,Humiphilus diazotrophicus,gyrA_1_Humiphilus diazotrophicus_GCF_059726345.1,1,2604,-1064.4906005859375,467,83,I,S,TCC,0
GCF_059726345.1,Humiphilus diazotrophicus,gyrA_1_Humiphilus diazotrophicus_GCF_059726345.1,1,2604,-1064.4906005859375,467,83,K,S,TCC,0
GCF_059726345.1,Humiphilus diazotrophicus,gyrA_1_Humiphilus diazotrophicus_GCF_059726345.1,1,2604,-1064.4906005859375,467,83,L,S,TCC,0
GCF_059726345.1,Humiphilus diazotrophicus,gyrA_1_Humiphilus diazotrophicus_GCF_059726345.1,1,2604,-1064.4906005859375,467,83,M,S,TCC,0
GCF_059726345.1,Humiphilus diazotrophicus,gyrA_1_Humiphilus diazotrophicus_GCF_059726345.1,1,2604,-1064.4906005859375,467,83,R,S,TCC,0
GCF_059726345.1,Humiphilus diazotrophicus,gyrA_1_Humiphilus diazotrophicus_GCF_059726345.1,1,2604,-1064.4906005859375,467,83,S,S,TCC,3
GCF_059726345.1,Humiphilus diazotrophicus,gyrA_1_Humiphilus diazotrophicus_GCF_059726345.1,1,2604,-1064.4906005859375,467,83,V,S,TCC,0
GCF_059726345.1,Humiphilus diazotrophicus,gyrA_1_Humiphilus diazotrophicus_GCF_059726345.1,1,2604,-1064.4906005859375,467,83,W,S,TCC,0
GCF_059726345.1,Humiphilus diazotrophicus,gyrA_1_Humiphilus diazotrophicus_GCF_059726345.1,1,2604,-1064.4906005859375,467,83,Y,S,TCC,1
GCF_059726345.1,Humiphilus diazotrophicus,gyrA_1_Humiphilus diazotrophicus_GCF_059726345.1,1,2604,-1064.4906005859375,467,84,A,A,GCG,3
GCF_059726345.1,Humiphilus diazotrophicus,gyrA_1_Humiphilus diazotrophicus_GCF_059726345.1,1,2604,-1064.4906005859375,467,84,P,A,GCG,1
GCF_059726345.1,Humiphilus diazotrophicus,gyrA_1_Humiphilus diazotrophicus_GCF_059726345.1,1,2604,-1064.4906005859375,467,84,V,A,GCG,1
GCF_059726345.1,Humiphilus diazotrophicus,gyrA_1_Humiphilus diazotrophicus_GCF_059726345.1,1,2604,-1064.4906005859375,467,86,N,Y,TAC,1
GCF_059726345.1,Humiphilus diazotrophicus,gyrA_1_Humiphilus diazotrophicus_GCF_059726345.1,1,2604,-1064.4906005859375,467,86,Y,Y,TAC,1
GCF_059726345.1,Humiphilus diazotrophicus,gyrA_1_Humiphilus diazotrophicus_GCF_059726345.1,1,2604,-1064.4906005859375,467,87,A,D,GAC,1
GCF_059726345.1,Humiphilus diazotrophicus,gyrA_1_Humiphilus diazotrophicus_GCF_059726345.1,1,2604,-1064.4906005859375,467,87,G,D,GAC,1
GCF_059726345.1,Humiphilus diazotrophicus,gyrA_1_Humiphilus diazotrophicus_GCF_059726345.1,1,2604,-1064.4906005859375,467,87,H,D,GAC,1
GCF_059726345.1,Humiphilus diazotrophicus,gyrA_1_Humiphilus diazotrophicus_GCF_059726345.1,1,2604,-1064.4906005859375,467,87,K,D,GAC,0
GCF_059726345.1,Humiphilus diazotrophicus,gyrA_1_Humiphilus diazotrophicus_GCF_059726345.1,1,2604,-1064.4906005859375,467,87,L,D,GAC,0
GCF_059726345.1,Humiphilus diazotrophicus,gyrA_1_Humiphilus diazotrophicus_GCF_059726345.1,1,2604,-1064.4906005859375,467,87,N,D,GAC,1
GCF_059726345.1,Humiphilus diazotrophicus,gyrA_1_Humiphilus diazotrophicus_GCF_059726345.1,1,2604,-1064.4906005859375,467,87,Q,D,GAC,0
GCF_059726345.1,Humiphilus diazotrophicus,gyrA_1_Humiphilus diazotrophicus_GCF_059726345.1,1,2604,-1064.4906005859375,467,87,R,D,GAC,0
GCF_059726345.1,Humiphilus diazotrophicus,gyrA_1_Humiphilus diazotrophicus_GCF_059726345.1,1,2604,-1064.4906005859375,467,87,T,D,GAC,0
GCF_059726345.1,Humiphilus diazotrophicus,gyrA_1_Humiphilus diazotrophicus_GCF_059726345.1,1,2604,-1064.4906005859375,467,87,V,D,GAC,1
GCF_059726345.1,Humiphilus diazotrophicus,gyrA_1_Humiphilus diazotrophicus_GCF_059726345.1,1,2604,-1064.4906005859375,467,87,Y,D,GAC,1
GCF_059726345.1,Humiphilus diazotrophicus,gyrA_1_Humiphilus diazotrophicus_GCF_059726345.1,1,2604,-1064.4906005859375,467,101,S,P,CCG,1
GCF_059726345.1,Humiphilus diazotrophicus,gyrA_1_Humiphilus diazotrophicus_GCF_059726345.1,1,2604,-1064.4906005859375,467,105,D,G,GGC,1
GCF_059726345.1,Humiphilus diazotrophicus,gyrA_1_Humiphilus diazotrophicus_GCF_059726345.1,1,2604,-1064.4906005859375,467,106,H,Q,CAG,2
GCF_059726345.1,Humiphilus diazotrophicus,gyrA_1_Humiphilus diazotrophicus_GCF_059726345.1,1,2604,-1064.4906005859375,467,106,L,Q,CAG,1
GCF_059726345.1,Humiphilus diazotrophicus,gyrA_1_Humiphilus diazotrophicus_GCF_059726345.1,1,2604,-1064.4906005859375,467,106,R,Q,CAG,1
GCF_059726345.1,Humiphilus diazotrophicus,gyrA_1_Humiphilus diazotrophicus_GCF_059726345.1,1,2604,-1064.4906005859375,467,119,S,A,GCT,1
GCF_059726345.1,Humiphilus diazotrophicus,gyrA_1_Humiphilus diazotrophicus_GCF_059726345.1,1,2604,-1064.4906005859375,467,119,T,A,GCT,1
GCF_059726345.1,Humiphilus diazotrophicus,gyrA_1_Humiphilus diazotrophicus_GCF_059726345.1,1,2604,-1064.4906005859375,467,165,A,N,AAC,0
GCF_059726345.1,Humiphilus diazotrophicus,gyrA_1_Humiphilus diazotrophicus_GCF_059726345.1,1,2604,-1064.4906005859375,467,196,E,A,GCC,0
GCF_059726345.1,Humiphilus diazotrophicus,gyrA_1_Humiphilus diazotrophicus_GCF_059726345.1,1,2604,-1064.4906005859375,467,386,D,A,GCT,1
GCF_059724885.1,Dorea ammoniilytica,gyrA_1_Dorea ammoniilytica_GCF_059724885.1,1,2496,-1064.2354736328125,459,51,V,S,TCA,0
GCF_059724885.1,Dorea ammoniilytica,gyrA_1_Dorea ammoniilytica_GCF_059724885.1,1,2496,-1064.2354736328125,459,57,K,N,AAC,2
GCF_059724885.1,Dorea ammoniilytica,gyrA_1_Dorea ammoniilytica_GCF_059724885.1,1,2496,-1064.2354736328125,459,67,S,A,GCA,1
GCF_059724885.1,Dorea ammoniilytica,gyrA_1_Dorea ammoniilytica_GCF_059724885.1,1,2496,-1064.2354736328125,459,67,T,A,GCA,1
GCF_059724885.1,Dorea ammoniilytica,gyrA_1_Dorea ammoniilytica_GCF_059724885.1,1,2496,-1064.2354736328125,459,72,G,D,GAT,1
GCF_059724885.1,Dorea ammoniilytica,gyrA_1_Dorea ammoniilytica_GCF_059724885.1,1,2496,-1064.2354736328125,459,72,V,D,GAT,1
GCF_059724885.1,Dorea ammoniilytica,gyrA_1_Dorea ammoniilytica_GCF_059724885.1,1,2496,-1064.2354736328125,459,77,S,Y,TAT,1
GCF_059724885.1,Dorea ammoniilytica,gyrA_1_Dorea ammoniilytica_GCF_059724885.1,1,2496,-1064.2354736328125,459,80,P,H,CAC,1
GCF_059724885.1,Dorea ammoniilytica,gyrA_1_Dorea ammoniilytica_GCF_059724885.1,1,2496,-1064.2354736328125,459,80,R,H,CAC,1
GCF_059724885.1,Dorea ammoniilytica,gyrA_1_Dorea ammoniilytica_GCF_059724885.1,1,2496,-1064.2354736328125,459,81,C,G,GGT,1
GCF_059724885.1,Dorea ammoniilytica,gyrA_1_Dorea ammoniilytica_GCF_059724885.1,1,2496,-1064.2354736328125,459,81,D,G,GGT,1
GCF_059724885.1,Dorea ammoniilytica,gyrA_1_Dorea ammoniilytica_GCF_059724885.1,1,2496,-1064.2354736328125,459,82,G,D,GAC,1
GCF_059724885.1,Dorea ammoniilytica,gyrA_1_Dorea ammoniilytica_GCF_059724885.1,1,2496,-1064.2354736328125,459,82,N,D,GAC,1
GCF_059724885.1,Dorea ammoniilytica,gyrA_1_Dorea ammoniilytica_GCF_059724885.1,1,2496,-1064.2354736328125,459,82,Y,D,GAC,1
GCF_059724885.1,Dorea ammoniilytica,gyrA_1_Dorea ammoniilytica_GCF_059724885.1,1,2496,-1064.2354736328125,459,83,A,S,AGT,0
GCF_059724885.1,Dorea ammoniilytica,gyrA_1_Dorea ammoniilytica_GCF_059724885.1,1,2496,-1064.2354736328125,459,83,F,S,AGT,0
GCF_059724885.1,Dorea ammoniilytica,gyrA_1_Dorea ammoniilytica_GCF_059724885.1,1,2496,-1064.2354736328125,459,83,I,S,AGT,1
GCF_059724885.1,Dorea ammoniilytica,gyrA_1_Dorea ammoniilytica_GCF_059724885.1,1,2496,-1064.2354736328125,459,83,K,S,AGT,0
GCF_059724885.1,Dorea ammoniilytica,gyrA_1_Dorea ammoniilytica_GCF_059724885.1,1,2496,-1064.2354736328125,459,83,L,S,AGT,0
GCF_059724885.1,Dorea ammoniilytica,gyrA_1_Dorea ammoniilytica_GCF_059724885.1,1,2496,-1064.2354736328125,459,83,M,S,AGT,0
GCF_059724885.1,Dorea ammoniilytica,gyrA_1_Dorea ammoniilytica_GCF_059724885.1,1,2496,-1064.2354736328125,459,83,R,S,AGT,3
GCF_059724885.1,Dorea ammoniilytica,gyrA_1_Dorea ammoniilytica_GCF_059724885.1,1,2496,-1064.2354736328125,459,83,S,S,AGT,1
GCF_059724885.1,Dorea ammoniilytica,gyrA_1_Dorea ammoniilytica_GCF_059724885.1,1,2496,-1064.2354736328125,459,83,V,S,AGT,0
GCF_059724885.1,Dorea ammoniilytica,gyrA_1_Dorea ammoniilytica_GCF_059724885.1,1,2496,-1064.2354736328125,459,83,W,S,AGT,0
GCF_059724885.1,Dorea ammoniilytica,gyrA_1_Dorea ammoniilytica_GCF_059724885.1,1,2496,-1064.2354736328125,459,83,Y,S,AGT,0
GCF_059724885.1,Dorea ammoniilytica,gyrA_1_Dorea ammoniilytica_GCF_059724885.1,1,2496,-1064.2354736328125,459,84,A,S,TCT,1
GCF_059724885.1,Dorea ammoniilytica,gyrA_1_Dorea ammoniilytica_GCF_059724885.1,1,2496,-1064.2354736328125,459,84,P,S,TCT,1
GCF_059724885.1,Dorea ammoniilytica,gyrA_1_Dorea ammoniilytica_GCF_059724885.1,1,2496,-1064.2354736328125,459,84,V,S,TCT,0
GCF_059724885.1,Dorea ammoniilytica,gyrA_1_Dorea ammoniilytica_GCF_059724885.1,1,2496,-1064.2354736328125,459,86,N,Y,TAT,1
GCF_059724885.1,Dorea ammoniilytica,gyrA_1_Dorea ammoniilytica_GCF_059724885.1,1,2496,-1064.2354736328125,459,86,Y,Y,TAT,1
GCF_059724885.1,Dorea ammoniilytica,gyrA_1_Dorea ammoniilytica_GCF_059724885.1,1,2496,-1064.2354736328125,459,87,A,G,GGC,1
GCF_059724885.1,Dorea ammoniilytica,gyrA_1_Dorea ammoniilytica_GCF_059724885.1,1,2496,-1064.2354736328125,459,87,G,G,GGC,3
GCF_059724885.1,Dorea ammoniilytica,gyrA_1_Dorea ammoniilytica_GCF_059724885.1,1,2496,-1064.2354736328125,459,87,H,G,GGC,0
GCF_059724885.1,Dorea ammoniilytica,gyrA_1_Dorea ammoniilytica_GCF_059724885.1,1,2496,-1064.2354736328125,459,87,K,G,GGC,0
GCF_059724885.1,Dorea ammoniilytica,gyrA_1_Dorea ammoniilytica_GCF_059724885.1,1,2496,-1064.2354736328125,459,87,L,G,GGC,0
GCF_059724885.1,Dorea ammoniilytica,gyrA_1_Dorea ammoniilytica_GCF_059724885.1,1,2496,-1064.2354736328125,459,87,N,G,GGC,0
GCF_059724885.1,Dorea ammoniilytica,gyrA_1_Dorea ammoniilytica_GCF_059724885.1,1,2496,-1064.2354736328125,459,87,Q,G,GGC,0
GCF_059724885.1,Dorea ammoniilytica,gyrA_1_Dorea ammoniilytica_GCF_059724885.1,1,2496,-1064.2354736328125,459,87,R,G,GGC,1
GCF_059724885.1,Dorea ammoniilytica,gyrA_1_Dorea ammoniilytica_GCF_059724885.1,1,2496,-1064.2354736328125,459,87,T,G,GGC,0
GCF_059724885.1,Dorea ammoniilytica,gyrA_1_Dorea ammoniilytica_GCF_059724885.1,1,2496,-1064.2354736328125,459,87,V,G,GGC,1
GCF_059724885.1,Dorea ammoniilytica,gyrA_1_Dorea ammoniilytica_GCF_059724885.1,1,2496,-1064.2354736328125,459,87,Y,G,GGC,0
GCF_059724885.1,Dorea ammoniilytica,gyrA_1_Dorea ammoniilytica_GCF_059724885.1,1,2496,-1064.2354736328125,459,101,S,P,CCA,1
GCF_059724885.1,Dorea ammoniilytica,gyrA_1_Dorea ammoniilytica_GCF_059724885.1,1,2496,-1064.2354736328125,459,105,D,G,GGG,0
GCF_059724885.1,Dorea ammoniilytica,gyrA_1_Dorea ammoniilytica_GCF_059724885.1,1,2496,-1064.2354736328125,459,106,H,H,CAT,1
GCF_059724885.1,Dorea ammoniilytica,gyrA_1_Dorea ammoniilytica_GCF_059724885.1,1,2496,-1064.2354736328125,459,106,L,H,CAT,1
GCF_059724885.1,Dorea ammoniilytica,gyrA_1_Dorea ammoniilytica_GCF_059724885.1,1,2496,-1064.2354736328125,459,106,R,H,CAT,1
GCF_059724885.1,Dorea ammoniilytica,gyrA_1_Dorea ammoniilytica_GCF_059724885.1,1,2496,-1064.2354736328125,459,119,S,A,GCT,1
GCF_059724885.1,Dorea ammoniilytica,gyrA_1_Dorea ammoniilytica_GCF_059724885.1,1,2496,-1064.2354736328125,459,119,T,A,GCT,1
GCF_059724885.1,Dorea ammoniilytica,gyrA_1_Dorea ammoniilytica_GCF_059724885.1,1,2496,-1064.2354736328125,459,165,A,N,AAT,0
GCF_059724885.1,Dorea ammoniilytica,gyrA_1_Dorea ammoniilytica_GCF_059724885.1,1,2496,-1064.2354736328125,459,196,E,K,AAA,1
GCF_059724885.1,Dorea ammoniilytica,gyrA_1_Dorea ammoniilytica_GCF_059724885.1,1,2496,-1064.2354736328125,459,386,D,A,GCA,0
GCF_059705345.1,Sulfurimonas limnophila,gyrA_1_Sulfurimonas limnophila_GCF_059705345.1,1,2484,-1033.50537109375,451,51,V,A,GCG,1
GCF_059705345.1,Sulfurimonas limnophila,gyrA_1_Sulfurimonas limnophila_GCF_059705345.1,1,2484,-1033.50537109375,451,57,K,L,CTT,0
GCF_059705345.1,Sulfurimonas limnophila,gyrA_1_Sulfurimonas limnophila_GCF_059705345.1,1,2484,-1033.50537109375,451,67,S,A,GCG,1
GCF_059705345.1,Sulfurimonas limnophila,gyrA_1_Sulfurimonas limnophila_GCF_059705345.1,1,2484,-1033.50537109375,451,67,T,A,GCG,1
GCF_059705345.1,Sulfurimonas limnophila,gyrA_1_Sulfurimonas limnophila_GCF_059705345.1,1,2484,-1033.50537109375,451,72,G,D,GAC,1
GCF_059705345.1,Sulfurimonas limnophila,gyrA_1_Sulfurimonas limnophila_GCF_059705345.1,1,2484,-1033.50537109375,451,72,V,D,GAC,1
GCF_059705345.1,Sulfurimonas limnophila,gyrA_1_Sulfurimonas limnophila_GCF_059705345.1,1,2484,-1033.50537109375,451,77,S,Y,TAC,1
GCF_059705345.1,Sulfurimonas limnophila,gyrA_1_Sulfurimonas limnophila_GCF_059705345.1,1,2484,-1033.50537109375,451,80,P,H,CAT,1
GCF_059705345.1,Sulfurimonas limnophila,gyrA_1_Sulfurimonas limnophila_GCF_059705345.1,1,2484,-1033.50537109375,451,80,R,H,CAT,1
GCF_059705345.1,Sulfurimonas limnophila,gyrA_1_Sulfurimonas limnophila_GCF_059705345.1,1,2484,-1033.50537109375,451,81,C,G,GGT,1
GCF_059705345.1,Sulfurimonas limnophila,gyrA_1_Sulfurimonas limnophila_GCF_059705345.1,1,2484,-1033.50537109375,451,81,D,G,GGT,1
GCF_059705345.1,Sulfurimonas limnophila,gyrA_1_Sulfurimonas limnophila_GCF_059705345.1,1,2484,-1033.50537109375,451,82,G,D,GAC,1
GCF_059705345.1,Sulfurimonas limnophila,gyrA_1_Sulfurimonas limnophila_GCF_059705345.1,1,2484,-1033.50537109375,451,82,N,D,GAC,1
GCF_059705345.1,Sulfurimonas limnophila,gyrA_1_Sulfurimonas limnophila_GCF_059705345.1,1,2484,-1033.50537109375,451,82,Y,D,GAC,1
GCF_059705345.1,Sulfurimonas limnophila,gyrA_1_Sulfurimonas limnophila_GCF_059705345.1,1,2484,-1033.50537109375,451,83,A,T,ACT,1
GCF_059705345.1,Sulfurimonas limnophila,gyrA_1_Sulfurimonas limnophila_GCF_059705345.1,1,2484,-1033.50537109375,451,83,F,T,ACT,0
GCF_059705345.1,Sulfurimonas limnophila,gyrA_1_Sulfurimonas limnophila_GCF_059705345.1,1,2484,-1033.50537109375,451,83,I,T,ACT,1
GCF_059705345.1,Sulfurimonas limnophila,gyrA_1_Sulfurimonas limnophila_GCF_059705345.1,1,2484,-1033.50537109375,451,83,K,T,ACT,0
GCF_059705345.1,Sulfurimonas limnophila,gyrA_1_Sulfurimonas limnophila_GCF_059705345.1,1,2484,-1033.50537109375,451,83,L,T,ACT,0
GCF_059705345.1,Sulfurimonas limnophila,gyrA_1_Sulfurimonas limnophila_GCF_059705345.1,1,2484,-1033.50537109375,451,83,M,T,ACT,0
GCF_059705345.1,Sulfurimonas limnophila,gyrA_1_Sulfurimonas limnophila_GCF_059705345.1,1,2484,-1033.50537109375,451,83,R,T,ACT,0
GCF_059705345.1,Sulfurimonas limnophila,gyrA_1_Sulfurimonas limnophila_GCF_059705345.1,1,2484,-1033.50537109375,451,83,S,T,ACT,2
GCF_059705345.1,Sulfurimonas limnophila,gyrA_1_Sulfurimonas limnophila_GCF_059705345.1,1,2484,-1033.50537109375,451,83,V,T,ACT,0
GCF_059705345.1,Sulfurimonas limnophila,gyrA_1_Sulfurimonas limnophila_GCF_059705345.1,1,2484,-1033.50537109375,451,83,W,T,ACT,0
GCF_059705345.1,Sulfurimonas limnophila,gyrA_1_Sulfurimonas limnophila_GCF_059705345.1,1,2484,-1033.50537109375,451,83,Y,T,ACT,0
GCF_059705345.1,Sulfurimonas limnophila,gyrA_1_Sulfurimonas limnophila_GCF_059705345.1,1,2484,-1033.50537109375,451,84,A,A,GCT,3
GCF_059705345.1,Sulfurimonas limnophila,gyrA_1_Sulfurimonas limnophila_GCF_059705345.1,1,2484,-1033.50537109375,451,84,P,A,GCT,1
GCF_059705345.1,Sulfurimonas limnophila,gyrA_1_Sulfurimonas limnophila_GCF_059705345.1,1,2484,-1033.50537109375,451,84,V,A,GCT,1
GCF_059705345.1,Sulfurimonas limnophila,gyrA_1_Sulfurimonas limnophila_GCF_059705345.1,1,2484,-1033.50537109375,451,86,N,Y,TAT,1
GCF_059705345.1,Sulfurimonas limnophila,gyrA_1_Sulfurimonas limnophila_GCF_059705345.1,1,2484,-1033.50537109375,451,86,Y,Y,TAT,1
GCF_059705345.1,Sulfurimonas limnophila,gyrA_1_Sulfurimonas limnophila_GCF_059705345.1,1,2484,-1033.50537109375,451,87,A,D,GAT,1
GCF_059705345.1,Sulfurimonas limnophila,gyrA_1_Sulfurimonas limnophila_GCF_059705345.1,1,2484,-1033.50537109375,451,87,G,D,GAT,1
GCF_059705345.1,Sulfurimonas limnophila,gyrA_1_Sulfurimonas limnophila_GCF_059705345.1,1,2484,-1033.50537109375,451,87,H,D,GAT,1
GCF_059705345.1,Sulfurimonas limnophila,gyrA_1_Sulfurimonas limnophila_GCF_059705345.1,1,2484,-1033.50537109375,451,87,K,D,GAT,0
GCF_059705345.1,Sulfurimonas limnophila,gyrA_1_Sulfurimonas limnophila_GCF_059705345.1,1,2484,-1033.50537109375,451,87,L,D,GAT,0
GCF_059705345.1,Sulfurimonas limnophila,gyrA_1_Sulfurimonas limnophila_GCF_059705345.1,1,2484,-1033.50537109375,451,87,N,D,GAT,1
GCF_059705345.1,Sulfurimonas limnophila,gyrA_1_Sulfurimonas limnophila_GCF_059705345.1,1,2484,-1033.50537109375,451,87,Q,D,GAT,0
GCF_059705345.1,Sulfurimonas limnophila,gyrA_1_Sulfurimonas limnophila_GCF_059705345.1,1,2484,-1033.50537109375,451,87,R,D,GAT,0
GCF_059705345.1,Sulfurimonas limnophila,gyrA_1_Sulfurimonas limnophila_GCF_059705345.1,1,2484,-1033.50537109375,451,87,T,D,GAT,0
GCF_059705345.1,Sulfurimonas limnophila,gyrA_1_Sulfurimonas limnophila_GCF_059705345.1,1,2484,-1033.50537109375,451,87,V,D,GAT,1
GCF_059705345.1,Sulfurimonas limnophila,gyrA_1_Sulfurimonas limnophila_GCF_059705345.1,1,2484,-1033.50537109375,451,87,Y,D,GAT,1
GCF_059705345.1,Sulfurimonas limnophila,gyrA_1_Sulfurimonas limnophila_GCF_059705345.1,1,2484,-1033.50537109375,451,101,S,Q,CAG,0
GCF_059705345.1,Sulfurimonas limnophila,gyrA_1_Sulfurimonas limnophila_GCF_059705345.1,1,2484,-1033.50537109375,451,105,D,G,GGT,1
GCF_059705345.1,Sulfurimonas limnophila,gyrA_1_Sulfurimonas limnophila_GCF_059705345.1,1,2484,-1033.50537109375,451,106,H,Q,CAA,2
GCF_059705345.1,Sulfurimonas limnophila,gyrA_1_Sulfurimonas limnophila_GCF_059705345.1,1,2484,-1033.50537109375,451,106,L,Q,CAA,1
GCF_059705345.1,Sulfurimonas limnophila,gyrA_1_Sulfurimonas limnophila_GCF_059705345.1,1,2484,-1033.50537109375,451,106,R,Q,CAA,1
GCF_059705345.1,Sulfurimonas limnophila,gyrA_1_Sulfurimonas limnophila_GCF_059705345.1,1,2484,-1033.50537109375,451,119,S,A,GCT,1
GCF_059705345.1,Sulfurimonas limnophila,gyrA_1_Sulfurimonas limnophila_GCF_059705345.1,1,2484,-1033.50537109375,451,119,T,A,GCT,1
GCF_059705345.1,Sulfurimonas limnophila,gyrA_1_Sulfurimonas limnophila_GCF_059705345.1,1,2484,-1033.50537109375,451,165,A,N,AAC,0
GCF_059705345.1,Sulfurimonas limnophila,gyrA_1_Sulfurimonas limnophila_GCF_059705345.1,1,2484,-1033.50537109375,451,196,E,A,GCA,1
GCF_059705345.1,Sulfurimonas limnophila,gyrA_1_Sulfurimonas limnophila_GCF_059705345.1,1,2484,-1033.50537109375,451,386,D,A,GCT,1
GCF_059132465.1,Uliginosibacterium sangjuense,gyrA_1_Uliginosibacterium sangjuense_GCF_059132465.1,1,2619,85.433197021484375,348,51,V,A,GCG,1
GCF_059132465.1,Uliginosibacterium sangjuense,gyrA_1_Uliginosibacterium sangjuense_GCF_059132465.1,1,2619,85.433197021484375,348,57,K,N,AAC,2
GCF_059132465.1,Uliginosibacterium sangjuense,gyrA_1_Uliginosibacterium sangjuense_GCF_059132465.1,1,2619,85.433197021484375,348,67,S,A,GCG,1
GCF_059132465.1,Uliginosibacterium sangjuense,gyrA_1_Uliginosibacterium sangjuense_GCF_059132465.1,1,2619,85.433197021484375,348,67,T,A,GCG,1
GCF_059132465.1,Uliginosibacterium sangjuense,gyrA_1_Uliginosibacterium sangjuense_GCF_059132465.1,1,2619,85.433197021484375,348,72,G,D,GAC,1
GCF_059132465.1,Uliginosibacterium sangjuense,gyrA_1_Uliginosibacterium sangjuense_GCF_059132465.1,1,2619,85.433197021484375,348,72,V,D,GAC,1
GCF_059132465.1,Uliginosibacterium sangjuense,gyrA_1_Uliginosibacterium sangjuense_GCF_059132465.1,1,2619,85.433197021484375,348,77,S,Y,TAC,1
GCF_059132465.1,Uliginosibacterium sangjuense,gyrA_1_Uliginosibacterium sangjuense_GCF_059132465.1,1,2619,85.433197021484375,348,80,P,H,CAC,1
GCF_059132465.1,Uliginosibacterium sangjuense,gyrA_1_Uliginosibacterium sangjuense_GCF_059132465.1,1,2619,85.433197021484375,348,80,R,H,CAC,1
GCF_059132465.1,Uliginosibacterium sangjuense,gyrA_1_Uliginosibacterium sangjuense_GCF_059132465.1,1,2619,85.433197021484375,348,81,C,G,GGC,1
GCF_059132465.1,Uliginosibacterium sangjuense,gyrA_1_Uliginosibacterium sangjuense_GCF_059132465.1,1,2619,85.433197021484375,348,81,D,G,GGC,1
GCF_059132465.1,Uliginosibacterium sangjuense,gyrA_1_Uliginosibacterium sangjuense_GCF_059132465.1,1,2619,85.433197021484375,348,82,G,D,GAT,1
GCF_059132465.1,Uliginosibacterium sangjuense,gyrA_1_Uliginosibacterium sangjuense_GCF_059132465.1,1,2619,85.433197021484375,348,82,N,D,GAT,1
GCF_059132465.1,Uliginosibacterium sangjuense,gyrA_1_Uliginosibacterium sangjuense_GCF_059132465.1,1,2619,85.433197021484375,348,82,Y,D,GAT,1
GCF_059132465.1,Uliginosibacterium sangjuense,gyrA_1_Uliginosibacterium sangjuense_GCF_059132465.1,1,2619,85.433197021484375,348,83,A,Q,CAG,0
GCF_059132465.1,Uliginosibacterium sangjuense,gyrA_1_Uliginosibacterium sangjuense_GCF_059132465.1,1,2619,85.433197021484375,348,83,F,Q,CAG,0
GCF_059132465.1,Uliginosibacterium sangjuense,gyrA_1_Uliginosibacterium sangjuense_GCF_059132465.1,1,2619,85.433197021484375,348,83,I,Q,CAG,0
GCF_059132465.1,Uliginosibacterium sangjuense,gyrA_1_Uliginosibacterium sangjuense_GCF_059132465.1,1,2619,85.433197021484375,348,83,K,Q,CAG,1
GCF_059132465.1,Uliginosibacterium sangjuense,gyrA_1_Uliginosibacterium sangjuense_GCF_059132465.1,1,2619,85.433197021484375,348,83,L,Q,CAG,1
GCF_059132465.1,Uliginosibacterium sangjuense,gyrA_1_Uliginosibacterium sangjuense_GCF_059132465.1,1,2619,85.433197021484375,348,83,M,Q,CAG,0
GCF_059132465.1,Uliginosibacterium sangjuense,gyrA_1_Uliginosibacterium sangjuense_GCF_059132465.1,1,2619,85.433197021484375,348,83,R,Q,CAG,1
GCF_059132465.1,Uliginosibacterium sangjuense,gyrA_1_Uliginosibacterium sangjuense_GCF_059132465.1,1,2619,85.433197021484375,348,83,S,Q,CAG,0
GCF_059132465.1,Uliginosibacterium sangjuense,gyrA_1_Uliginosibacterium sangjuense_GCF_059132465.1,1,2619,85.433197021484375,348,83,V,Q,CAG,0
GCF_059132465.1,Uliginosibacterium sangjuense,gyrA_1_Uliginosibacterium sangjuense_GCF_059132465.1,1,2619,85.433197021484375,348,83,W,Q,CAG,0
GCF_059132465.1,Uliginosibacterium sangjuense,gyrA_1_Uliginosibacterium sangjuense_GCF_059132465.1,1,2619,85.433197021484375,348,83,Y,Q,CAG,0
GCF_059132465.1,Uliginosibacterium sangjuense,gyrA_1_Uliginosibacterium sangjuense_GCF_059132465.1,1,2619,85.433197021484375,348,84,A,A,GCG,3
GCF_059132465.1,Uliginosibacterium sangjuense,gyrA_1_Uliginosibacterium sangjuense_GCF_059132465.1,1,2619,85.433197021484375,348,84,P,A,GCG,1
GCF_059132465.1,Uliginosibacterium sangjuense,gyrA_1_Uliginosibacterium sangjuense_GCF_059132465.1,1,2619,85.433197021484375,348,84,V,A,GCG,1
GCF_059132465.1,Uliginosibacterium sangjuense,gyrA_1_Uliginosibacterium sangjuense_GCF_059132465.1,1,2619,85.433197021484375,348,86,N,Y,TAC,1
GCF_059132465.1,Uliginosibacterium sangjuense,gyrA_1_Uliginosibacterium sangjuense_GCF_059132465.1,1,2619,85.433197021484375,348,86,Y,Y,TAC,1
GCF_059132465.1,Uliginosibacterium sangjuense,gyrA_1_Uliginosibacterium sangjuense_GCF_059132465.1,1,2619,85.433197021484375,348,87,A,D,GAC,1
GCF_059132465.1,Uliginosibacterium sangjuense,gyrA_1_Uliginosibacterium sangjuense_GCF_059132465.1,1,2619,85.433197021484375,348,87,G,D,GAC,1
GCF_059132465.1,Uliginosibacterium sangjuense,gyrA_1_Uliginosibacterium sangjuense_GCF_059132465.1,1,2619,85.433197021484375,348,87,H,D,GAC,1
GCF_059132465.1,Uliginosibacterium sangjuense,gyrA_1_Uliginosibacterium sangjuense_GCF_059132465.1,1,2619,85.433197021484375,348,87,K,D,GAC,0
GCF_059132465.1,Uliginosibacterium sangjuense,gyrA_1_Uliginosibacterium sangjuense_GCF_059132465.1,1,2619,85.433197021484375,348,87,L,D,GAC,0
GCF_059132465.1,Uliginosibacterium sangjuense,gyrA_1_Uliginosibacterium sangjuense_GCF_059132465.1,1,2619,85.433197021484375,348,87,N,D,GAC,1
GCF_059132465.1,Uliginosibacterium sangjuense,gyrA_1_Uliginosibacterium sangjuense_GCF_059132465.1,1,2619,85.433197021484375,348,87,Q,D,GAC,0
GCF_059132465.1,Uliginosibacterium sangjuense,gyrA_1_Uliginosibacterium sangjuense_GCF_059132465.1,1,2619,85.433197021484375,348,87,R,D,GAC,0
GCF_059132465.1,Uliginosibacterium sangjuense,gyrA_1_Uliginosibacterium sangjuense_GCF_059132465.1,1,2619,85.433197021484375,348,87,T,D,GAC,0
GCF_059132465.1,Uliginosibacterium sangjuense,gyrA_1_Uliginosibacterium sangjuense_GCF_059132465.1,1,2619,85.433197021484375,348,87,V,D,GAC,1
GCF_059132465.1,Uliginosibacterium sangjuense,gyrA_1_Uliginosibacterium sangjuense_GCF_059132465.1,1,2619,85.433197021484375,348,87,Y,D,GAC,1
GCF_059132465.1,Uliginosibacterium sangjuense,gyrA_1_Uliginosibacterium sangjuense_GCF_059132465.1,1,2619,85.433197021484375,348,101,S,M,ATG,0
GCF_059132465.1,Uliginosibacterium sangjuense,gyrA_1_Uliginosibacterium sangjuense_GCF_059132465.1,1,2619,85.433197021484375,348,105,D,G,GGC,1
GCF_059132465.1,Uliginosibacterium sangjuense,gyrA_1_Uliginosibacterium sangjuense_GCF_059132465.1,1,2619,85.433197021484375,348,106,H,Q,CAG,2
GCF_059132465.1,Uliginosibacterium sangjuense,gyrA_1_Uliginosibacterium sangjuense_GCF_059132465.1,1,2619,85.433197021484375,348,106,L,Q,CAG,1
GCF_059132465.1,Uliginosibacterium sangjuense,gyrA_1_Uliginosibacterium sangjuense_GCF_059132465.1,1,2619,85.433197021484375,348,106,R,Q,CAG,1
GCF_059132465.1,Uliginosibacterium sangjuense,gyrA_1_Uliginosibacterium sangjuense_GCF_059132465.1,1,2619,85.433197021484375,348,119,S,A,GCG,1
GCF_059132465.1,Uliginosibacterium sangjuense,gyrA_1_Uliginosibacterium sangjuense_GCF_059132465.1,1,2619,85.433197021484375,348,119,T,A,GCG,1
GCF_059132465.1,Uliginosibacterium sangjuense,gyrA_1_Uliginosibacterium sangjuense_GCF_059132465.1,1,2619,85.433197021484375,348,165,A,N,AAC,0
GCF_059132465.1,Uliginosibacterium sangjuense,gyrA_1_Uliginosibacterium sangjuense_GCF_059132465.1,1,2619,85.433197021484375,348,196,E,A,GCG,1
GCF_059132465.1,Uliginosibacterium sangjuense,gyrA_1_Uliginosibacterium sangjuense_GCF_059132465.1,1,2619,85.433197021484375,348,386,D,A,GCG,0
GCF_058691995.1,Dolosigranulum pigrum,gyrA_1_Dolosigranulum pigrum_GCF_058691995.1,1,2616,-1093.269287109375,481,51,V,G,GGA,1
GCF_058691995.1,Dolosigranulum pigrum,gyrA_1_Dolosigranulum pigrum_GCF_058691995.1,1,2616,-1093.269287109375,481,57,K,V,GTC,0
GCF_058691995.1,Dolosigranulum pigrum,gyrA_1_Dolosigranulum pigrum_GCF_058691995.1,1,2616,-1093.269287109375,481,67,S,A,GCC,1
GCF_058691995.1,Dolosigranulum pigrum,gyrA_1_Dolosigranulum pigrum_GCF_058691995.1,1,2616,-1093.269287109375,481,67,T,A,GCC,1
GCF_058691995.1,Dolosigranulum pigrum,gyrA_1_Dolosigranulum pigrum_GCF_058691995.1,1,2616,-1093.269287109375,481,72,G,D,GAT,1
GCF_058691995.1,Dolosigranulum pigrum,gyrA_1_Dolosigranulum pigrum_GCF_058691995.1,1,2616,-1093.269287109375,481,72,V,D,GAT,1
GCF_058691995.1,Dolosigranulum pigrum,gyrA_1_Dolosigranulum pigrum_GCF_058691995.1,1,2616,-1093.269287109375,481,77,S,Y,TAT,1
GCF_058691995.1,Dolosigranulum pigrum,gyrA_1_Dolosigranulum pigrum_GCF_058691995.1,1,2616,-1093.269287109375,481,80,P,H,CAC,1
GCF_058691995.1,Dolosigranulum pigrum,gyrA_1_Dolosigranulum pigrum_GCF_058691995.1,1,2616,-1093.269287109375,481,80,R,H,CAC,1
GCF_058691995.1,Dolosigranulum pigrum,gyrA_1_Dolosigranulum pigrum_GCF_058691995.1,1,2616,-1093.269287109375,481,81,C,G,GGC,1
GCF_058691995.1,Dolosigranulum pigrum,gyrA_1_Dolosigranulum pigrum_GCF_058691995.1,1,2616,-1093.269287109375,481,81,D,G,GGC,1
GCF_058691995.1,Dolosigranulum pigrum,gyrA_1_Dolosigranulum pigrum_GCF_058691995.1,1,2616,-1093.269287109375,481,82,G,D,GAT,1
GCF_058691995.1,Dolosigranulum pigrum,gyrA_1_Dolosigranulum pigrum_GCF_058691995.1,1,2616,-1093.269287109375,481,82,N,D,GAT,1
GCF_058691995.1,Dolosigranulum pigrum,gyrA_1_Dolosigranulum pigrum_GCF_058691995.1,1,2616,-1093.269287109375,481,82,Y,D,GAT,1
GCF_058691995.1,Dolosigranulum pigrum,gyrA_1_Dolosigranulum pigrum_GCF_058691995.1,1,2616,-1093.269287109375,481,83,A,S,AGT,0
GCF_058691995.1,Dolosigranulum pigrum,gyrA_1_Dolosigranulum pigrum_GCF_058691995.1,1,2616,-1093.269287109375,481,83,F,S,AGT,0
GCF_058691995.1,Dolosigranulum pigrum,gyrA_1_Dolosigranulum pigrum_GCF_058691995.1,1,2616,-1093.269287109375,481,83,I,S,AGT,1
GCF_058691995.1,Dolosigranulum pigrum,gyrA_1_Dolosigranulum pigrum_GCF_058691995.1,1,2616,-1093.269287109375,481,83,K,S,AGT,0
GCF_058691995.1,Dolosigranulum pigrum,gyrA_1_Dolosigranulum pigrum_GCF_058691995.1,1,2616,-1093.269287109375,481,83,L,S,AGT,0
GCF_058691995.1,Dolosigranulum pigrum,gyrA_1_Dolosigranulum pigrum_GCF_058691995.1,1,2616,-1093.269287109375,481,83,M,S,AGT,0
GCF_058691995.1,Dolosigranulum pigrum,gyrA_1_Dolosigranulum pigrum_GCF_058691995.1,1,2616,-1093.269287109375,481,83,R,S,AGT,3
GCF_058691995.1,Dolosigranulum pigrum,gyrA_1_Dolosigranulum pigrum_GCF_058691995.1,1,2616,-1093.269287109375,481,83,S,S,AGT,1
GCF_058691995.1,Dolosigranulum pigrum,gyrA_1_Dolosigranulum pigrum_GCF_058691995.1,1,2616,-1093.269287109375,481,83,V,S,AGT,0
GCF_058691995.1,Dolosigranulum pigrum,gyrA_1_Dolosigranulum pigrum_GCF_058691995.1,1,2616,-1093.269287109375,481,83,W,S,AGT,0
GCF_058691995.1,Dolosigranulum pigrum,gyrA_1_Dolosigranulum pigrum_GCF_058691995.1,1,2616,-1093.269287109375,481,83,Y,S,AGT,0
GCF_058691995.1,Dolosigranulum pigrum,gyrA_1_Dolosigranulum pigrum_GCF_058691995.1,1,2616,-1093.269287109375,481,84,A,A,GCC,3
GCF_058691995.1,Dolosigranulum pigrum,gyrA_1_Dolosigranulum pigrum_GCF_058691995.1,1,2616,-1093.269287109375,481,84,P,A,GCC,1
GCF_058691995.1,Dolosigranulum pigrum,gyrA_1_Dolosigranulum pigrum_GCF_058691995.1,1,2616,-1093.269287109375,481,84,V,A,GCC,1
GCF_058691995.1,Dolosigranulum pigrum,gyrA_1_Dolosigranulum pigrum_GCF_058691995.1,1,2616,-1093.269287109375,481,86,N,Y,TAT,1
GCF_058691995.1,Dolosigranulum pigrum,gyrA_1_Dolosigranulum pigrum_GCF_058691995.1,1,2616,-1093.269287109375,481,86,Y,Y,TAT,1
GCF_058691995.1,Dolosigranulum pigrum,gyrA_1_Dolosigranulum pigrum_GCF_058691995.1,1,2616,-1093.269287109375,481,87,A,D,GAC,1
GCF_058691995.1,Dolosigranulum pigrum,gyrA_1_Dolosigranulum pigrum_GCF_058691995.1,1,2616,-1093.269287109375,481,87,G,D,GAC,1
GCF_058691995.1,Dolosigranulum pigrum,gyrA_1_Dolosigranulum pigrum_GCF_058691995.1,1,2616,-1093.269287109375,481,87,H,D,GAC,1
GCF_058691995.1,Dolosigranulum pigrum,gyrA_1_Dolosigranulum pigrum_GCF_058691995.1,1,2616,-1093.269287109375,481,87,K,D,GAC,0
GCF_058691995.1,Dolosigranulum pigrum,gyrA_1_Dolosigranulum pigrum_GCF_058691995.1,1,2616,-1093.269287109375,481,87,L,D,GAC,0
GCF_058691995.1,Dolosigranulum pigrum,gyrA_1_Dolosigranulum pigrum_GCF_058691995.1,1,2616,-1093.269287109375,481,87,N,D,GAC,1
GCF_058691995.1,Dolosigranulum pigrum,gyrA_1_Dolosigranulum pigrum_GCF_058691995.1,1,2616,-1093.269287109375,481,87,Q,D,GAC,0
GCF_058691995.1,Dolosigranulum pigrum,gyrA_1_Dolosigranulum pigrum_GCF_058691995.1,1,2616,-1093.269287109375,481,87,R,D,GAC,0
GCF_058691995.1,Dolosigranulum pigrum,gyrA_1_Dolosigranulum pigrum_GCF_058691995.1,1,2616,-1093.269287109375,481,87,T,D,GAC,0
GCF_058691995.1,Dolosigranulum pigrum,gyrA_1_Dolosigranulum pigrum_GCF_058691995.1,1,2616,-1093.269287109375,481,87,V,D,GAC,1
GCF_058691995.1,Dolosigranulum pigrum,gyrA_1_Dolosigranulum pigrum_GCF_058691995.1,1,2616,-1093.269287109375,481,87,Y,D,GAC,1
GCF_058691995.1,Dolosigranulum pigrum,gyrA_1_Dolosigranulum pigrum_GCF_058691995.1,1,2616,-1093.269287109375,481,101,S,P,CCT,1
GCF_058691995.1,Dolosigranulum pigrum,gyrA_1_Dolosigranulum pigrum_GCF_058691995.1,1,2616,-1093.269287109375,481,105,D,G,GGG,0
GCF_058691995.1,Dolosigranulum pigrum,gyrA_1_Dolosigranulum pigrum_GCF_058691995.1,1,2616,-1093.269287109375,481,106,H,H,CAT,1
GCF_058691995.1,Dolosigranulum pigrum,gyrA_1_Dolosigranulum pigrum_GCF_058691995.1,1,2616,-1093.269287109375,481,106,L,H,CAT,1
GCF_058691995.1,Dolosigranulum pigrum,gyrA_1_Dolosigranulum pigrum_GCF_058691995.1,1,2616,-1093.269287109375,481,106,R,H,CAT,1
GCF_058691995.1,Dolosigranulum pigrum,gyrA_1_Dolosigranulum pigrum_GCF_058691995.1,1,2616,-1093.269287109375,481,119,S,A,GCC,1
GCF_058691995.1,Dolosigranulum pigrum,gyrA_1_Dolosigranulum pigrum_GCF_058691995.1,1,2616,-1093.269287109375,481,119,T,A,GCC,1
GCF_058691995.1,Dolosigranulum pigrum,gyrA_1_Dolosigranulum pigrum_GCF_058691995.1,1,2616,-1093.269287109375,481,165,A,N,AAC,0
GCF_058691995.1,Dolosigranulum pigrum,gyrA_1_Dolosigranulum pigrum_GCF_058691995.1,1,2616,-1093.269287109375,481,196,E,L,CTC,0
GCF_058691995.1,Dolosigranulum pigrum,gyrA_1_Dolosigranulum pigrum_GCF_058691995.1,1,2616,-1093.269287109375,481,386,D,A,GCT,1
GCF_057418665.1,Alcaligenes parafaecalis,gyrA_1_Alcaligenes parafaecalis_GCF_057418665.1,1,2685,40.58024978637695,356,51,V,A,GCC,1
GCF_057418665.1,Alcaligenes parafaecalis,gyrA_1_Alcaligenes parafaecalis_GCF_057418665.1,1,2685,40.58024978637695,356,57,K,N,AAC,2
GCF_057418665.1,Alcaligenes parafaecalis,gyrA_1_Alcaligenes parafaecalis_GCF_057418665.1,1,2685,40.58024978637695,356,67,S,A,GCT,1
GCF_057418665.1,Alcaligenes parafaecalis,gyrA_1_Alcaligenes parafaecalis_GCF_057418665.1,1,2685,40.58024978637695,356,67,T,A,GCT,1
GCF_057418665.1,Alcaligenes parafaecalis,gyrA_1_Alcaligenes parafaecalis_GCF_057418665.1,1,2685,40.58024978637695,356,72,G,D,GAT,1
GCF_057418665.1,Alcaligenes parafaecalis,gyrA_1_Alcaligenes parafaecalis_GCF_057418665.1,1,2685,40.58024978637695,356,72,V,D,GAT,1
GCF_057418665.1,Alcaligenes parafaecalis,gyrA_1_Alcaligenes parafaecalis_GCF_057418665.1,1,2685,40.58024978637695,356,77,S,Y,TAC,1
GCF_057418665.1,Alcaligenes parafaecalis,gyrA_1_Alcaligenes parafaecalis_GCF_057418665.1,1,2685,40.58024978637695,356,80,P,H,CAT,1
GCF_057418665.1,Alcaligenes parafaecalis,gyrA_1_Alcaligenes parafaecalis_GCF_057418665.1,1,2685,40.58024978637695,356,80,R,H,CAT,1
GCF_057418665.1,Alcaligenes parafaecalis,gyrA_1_Alcaligenes parafaecalis_GCF_057418665.1,1,2685,40.58024978637695,356,81,C,G,GGT,1
GCF_057418665.1,Alcaligenes parafaecalis,gyrA_1_Alcaligenes parafaecalis_GCF_057418665.1,1,2685,40.58024978637695,356,81,D,G,GGT,1
GCF_057418665.1,Alcaligenes parafaecalis,gyrA_1_Alcaligenes parafaecalis_GCF_057418665.1,1,2685,40.58024978637695,356,82,G,D,GAC,1
GCF_057418665.1,Alcaligenes parafaecalis,gyrA_1_Alcaligenes parafaecalis_GCF_057418665.1,1,2685,40.58024978637695,356,82,N,D,GAC,1
GCF_057418665.1,Alcaligenes parafaecalis,gyrA_1_Alcaligenes parafaecalis_GCF_057418665.1,1,2685,40.58024978637695,356,82,Y,D,GAC,1
GCF_057418665.1,Alcaligenes parafaecalis,gyrA_1_Alcaligenes parafaecalis_GCF_057418665.1,1,2685,40.58024978637695,356,83,A,S,TCT,1
GCF_057418665.1,Alcaligenes parafaecalis,gyrA_1_Alcaligenes parafaecalis_GCF_057418665.1,1,2685,40.58024978637695,356,83,F,S,TCT,1
GCF_057418665.1,Alcaligenes parafaecalis,gyrA_1_Alcaligenes parafaecalis_GCF_057418665.1,1,2685,40.58024978637695,356,83,I,S,TCT,0
GCF_057418665.1,Alcaligenes parafaecalis,gyrA_1_Alcaligenes parafaecalis_GCF_057418665.1,1,2685,40.58024978637695,356,83,K,S,TCT,0
GCF_057418665.1,Alcaligenes parafaecalis,gyrA_1_Alcaligenes parafaecalis_GCF_057418665.1,1,2685,40.58024978637695,356,83,L,S,TCT,0
GCF_057418665.1,Alcaligenes parafaecalis,gyrA_1_Alcaligenes parafaecalis_GCF_057418665.1,1,2685,40.58024978637695,356,83,M,S,TCT,0
GCF_057418665.1,Alcaligenes parafaecalis,gyrA_1_Alcaligenes parafaecalis_GCF_057418665.1,1,2685,40.58024978637695,356,83,R,S,TCT,0
GCF_057418665.1,Alcaligenes parafaecalis,gyrA_1_Alcaligenes parafaecalis_GCF_057418665.1,1,2685,40.58024978637695,356,83,S,S,TCT,3
GCF_057418665.1,Alcaligenes parafaecalis,gyrA_1_Alcaligenes parafaecalis_GCF_057418665.1,1,2685,40.58024978637695,356,83,V,S,TCT,0
GCF_057418665.1,Alcaligenes parafaecalis,gyrA_1_Alcaligenes parafaecalis_GCF_057418665.1,1,2685,40.58024978637695,356,83,W,S,TCT,0
GCF_057418665.1,Alcaligenes parafaecalis,gyrA_1_Alcaligenes parafaecalis_GCF_057418665.1,1,2685,40.58024978637695,356,83,Y,S,TCT,1
GCF_057418665.1,Alcaligenes parafaecalis,gyrA_1_Alcaligenes parafaecalis_GCF_057418665.1,1,2685,40.58024978637695,356,84,A,A,GCC,3
GCF_057418665.1,Alcaligenes parafaecalis,gyrA_1_Alcaligenes parafaecalis_GCF_057418665.1,1,2685,40.58024978637695,356,84,P,A,GCC,1
GCF_057418665.1,Alcaligenes parafaecalis,gyrA_1_Alcaligenes parafaecalis_GCF_057418665.1,1,2685,40.58024978637695,356,84,V,A,GCC,1
GCF_057418665.1,Alcaligenes parafaecalis,gyrA_1_Alcaligenes parafaecalis_GCF_057418665.1,1,2685,40.58024978637695,356,86,N,Y,TAC,1
GCF_057418665.1,Alcaligenes parafaecalis,gyrA_1_Alcaligenes parafaecalis_GCF_057418665.1,1,2685,40.58024978637695,356,86,Y,Y,TAC,1
GCF_057418665.1,Alcaligenes parafaecalis,gyrA_1_Alcaligenes parafaecalis_GCF_057418665.1,1,2685,40.58024978637695,356,87,A,D,GAC,1
GCF_057418665.1,Alcaligenes parafaecalis,gyrA_1_Alcaligenes parafaecalis_GCF_057418665.1,1,2685,40.58024978637695,356,87,G,D,GAC,1
GCF_057418665.1,Alcaligenes parafaecalis,gyrA_1_Alcaligenes parafaecalis_GCF_057418665.1,1,2685,40.58024978637695,356,87,H,D,GAC,1
GCF_057418665.1,Alcaligenes parafaecalis,gyrA_1_Alcaligenes parafaecalis_GCF_057418665.1,1,2685,40.58024978637695,356,87,K,D,GAC,0
GCF_057418665.1,Alcaligenes parafaecalis,gyrA_1_Alcaligenes parafaecalis_GCF_057418665.1,1,2685,40.58024978637695,356,87,L,D,GAC,0
GCF_057418665.1,Alcaligenes parafaecalis,gyrA_1_Alcaligenes parafaecalis_GCF_057418665.1,1,2685,40.58024978637695,356,87,N,D,GAC,1
GCF_057418665.1,Alcaligenes parafaecalis,gyrA_1_Alcaligenes parafaecalis_GCF_057418665.1,1,2685,40.58024978637695,356,87,Q,D,GAC,0
GCF_057418665.1,Alcaligenes parafaecalis,gyrA_1_Alcaligenes parafaecalis_GCF_057418665.1,1,2685,40.58024978637695,356,87,R,D,GAC,0
GCF_057418665.1,Alcaligenes parafaecalis,gyrA_1_Alcaligenes parafaecalis_GCF_057418665.1,1,2685,40.58024978637695,356,87,T,D,GAC,0
GCF_057418665.1,Alcaligenes parafaecalis,gyrA_1_Alcaligenes parafaecalis_GCF_057418665.1,1,2685,40.58024978637695,356,87,V,D,GAC,1
GCF_057418665.1,Alcaligenes parafaecalis,gyrA_1_Alcaligenes parafaecalis_GCF_057418665.1,1,2685,40.58024978637695,356,87,Y,D,GAC,1
GCF_057418665.1,Alcaligenes parafaecalis,gyrA_1_Alcaligenes parafaecalis_GCF_057418665.1,1,2685,40.58024978637695,356,101,S,T,ACC,2
GCF_057418665.1,Alcaligenes parafaecalis,gyrA_1_Alcaligenes parafaecalis_GCF_057418665.1,1,2685,40.58024978637695,356,105,D,G,GGA,0
GCF_057418665.1,Alcaligenes parafaecalis,gyrA_1_Alcaligenes parafaecalis_GCF_057418665.1,1,2685,40.58024978637695,356,106,H,Q,CAA,2
GCF_057418665.1,Alcaligenes parafaecalis,gyrA_1_Alcaligenes parafaecalis_GCF_057418665.1,1,2685,40.58024978637695,356,106,L,Q,CAA,1
GCF_057418665.1,Alcaligenes parafaecalis,gyrA_1_Alcaligenes parafaecalis_GCF_057418665.1,1,2685,40.58024978637695,356,106,R,Q,CAA,1
GCF_057418665.1,Alcaligenes parafaecalis,gyrA_1_Alcaligenes parafaecalis_GCF_057418665.1,1,2685,40.58024978637695,356,119,S,A,GCC,1
GCF_057418665.1,Alcaligenes parafaecalis,gyrA_1_Alcaligenes parafaecalis_GCF_057418665.1,1,2685,40.58024978637695,356,119,T,A,GCC,1
GCF_057418665.1,Alcaligenes parafaecalis,gyrA_1_Alcaligenes parafaecalis_GCF_057418665.1,1,2685,40.58024978637695,356,165,A,N,AAT,0
GCF_057418665.1,Alcaligenes parafaecalis,gyrA_1_Alcaligenes parafaecalis_GCF_057418665.1,1,2685,40.58024978637695,356,196,E,Y,TAC,0
GCF_057418665.1,Alcaligenes parafaecalis,gyrA_1_Alcaligenes parafaecalis_GCF_057418665.1,1,2685,40.58024978637695,356,386,D,A,GCC,1
GCF_057198045.1,Leucobacter celer,gyrA_1_Leucobacter celer_GCF_057198045.1,1,2544,-1407.8466796875,495,51,V,T,ACG,0
GCF_057198045.1,Leucobacter celer,gyrA_1_Leucobacter celer_GCF_057198045.1,1,2544,-1407.8466796875,495,57,K,Y,TAC,0
GCF_057198045.1,Leucobacter celer,gyrA_1_Leucobacter celer_GCF_057198045.1,1,2544,-1407.8466796875,495,67,S,T,ACT,2
GCF_057198045.1,Leucobacter celer,gyrA_1_Leucobacter celer_GCF_057198045.1,1,2544,-1407.8466796875,495,67,T,T,ACT,3
GCF_057198045.1,Leucobacter celer,gyrA_1_Leucobacter celer_GCF_057198045.1,1,2544,-1407.8466796875,495,72,G,D,GAC,1
GCF_057198045.1,Leucobacter celer,gyrA_1_Leucobacter celer_GCF_057198045.1,1,2544,-1407.8466796875,495,72,V,D,GAC,1
GCF_057198045.1,Leucobacter celer,gyrA_1_Leucobacter celer_GCF_057198045.1,1,2544,-1407.8466796875,495,77,S,F,TTC,1
GCF_057198045.1,Leucobacter celer,gyrA_1_Leucobacter celer_GCF_057198045.1,1,2544,-1407.8466796875,495,80,P,H,CAC,1
GCF_057198045.1,Leucobacter celer,gyrA_1_Leucobacter celer_GCF_057198045.1,1,2544,-1407.8466796875,495,80,R,H,CAC,1
GCF_057198045.1,Leucobacter celer,gyrA_1_Leucobacter celer_GCF_057198045.1,1,2544,-1407.8466796875,495,81,C,G,GGC,1
GCF_057198045.1,Leucobacter celer,gyrA_1_Leucobacter celer_GCF_057198045.1,1,2544,-1407.8466796875,495,81,D,G,GGC,1
GCF_057198045.1,Leucobacter celer,gyrA_1_Leucobacter celer_GCF_057198045.1,1,2544,-1407.8466796875,495,82,G,D,GAC,1
GCF_057198045.1,Leucobacter celer,gyrA_1_Leucobacter celer_GCF_057198045.1,1,2544,-1407.8466796875,495,82,N,D,GAC,1
GCF_057198045.1,Leucobacter celer,gyrA_1_Leucobacter celer_GCF_057198045.1,1,2544,-1407.8466796875,495,82,Y,D,GAC,1
GCF_057198045.1,Leucobacter celer,gyrA_1_Leucobacter celer_GCF_057198045.1,1,2544,-1407.8466796875,495,83,A,G,GGC,1
GCF_057198045.1,Leucobacter celer,gyrA_1_Leucobacter celer_GCF_057198045.1,1,2544,-1407.8466796875,495,83,F,G,GGC,0
GCF_057198045.1,Leucobacter celer,gyrA_1_Leucobacter celer_GCF_057198045.1,1,2544,-1407.8466796875,495,83,I,G,GGC,0
GCF_057198045.1,Leucobacter celer,gyrA_1_Leucobacter celer_GCF_057198045.1,1,2544,-1407.8466796875,495,83,K,G,GGC,0
GCF_057198045.1,Leucobacter celer,gyrA_1_Leucobacter celer_GCF_057198045.1,1,2544,-1407.8466796875,495,83,L,G,GGC,0
GCF_057198045.1,Leucobacter celer,gyrA_1_Leucobacter celer_GCF_057198045.1,1,2544,-1407.8466796875,495,83,M,G,GGC,0
GCF_057198045.1,Leucobacter celer,gyrA_1_Leucobacter celer_GCF_057198045.1,1,2544,-1407.8466796875,495,83,R,G,GGC,1
GCF_057198045.1,Leucobacter celer,gyrA_1_Leucobacter celer_GCF_057198045.1,1,2544,-1407.8466796875,495,83,S,G,GGC,1
GCF_057198045.1,Leucobacter celer,gyrA_1_Leucobacter celer_GCF_057198045.1,1,2544,-1407.8466796875,495,83,V,G,GGC,1
GCF_057198045.1,Leucobacter celer,gyrA_1_Leucobacter celer_GCF_057198045.1,1,2544,-1407.8466796875,495,83,W,G,GGC,0
GCF_057198045.1,Leucobacter celer,gyrA_1_Leucobacter celer_GCF_057198045.1,1,2544,-1407.8466796875,495,83,Y,G,GGC,0
GCF_057198045.1,Leucobacter celer,gyrA_1_Leucobacter celer_GCF_057198045.1,1,2544,-1407.8466796875,495,84,A,A,GCG,3
GCF_057198045.1,Leucobacter celer,gyrA_1_Leucobacter celer_GCF_057198045.1,1,2544,-1407.8466796875,495,84,P,A,GCG,1
GCF_057198045.1,Leucobacter celer,gyrA_1_Leucobacter celer_GCF_057198045.1,1,2544,-1407.8466796875,495,84,V,A,GCG,1
GCF_057198045.1,Leucobacter celer,gyrA_1_Leucobacter celer_GCF_057198045.1,1,2544,-1407.8466796875,495,86,N,Y,TAC,1
GCF_057198045.1,Leucobacter celer,gyrA_1_Leucobacter celer_GCF_057198045.1,1,2544,-1407.8466796875,495,86,Y,Y,TAC,1
GCF_057198045.1,Leucobacter celer,gyrA_1_Leucobacter celer_GCF_057198045.1,1,2544,-1407.8466796875,495,87,A,D,GAC,1
GCF_057198045.1,Leucobacter celer,gyrA_1_Leucobacter celer_GCF_057198045.1,1,2544,-1407.8466796875,495,87,G,D,GAC,1
GCF_057198045.1,Leucobacter celer,gyrA_1_Leucobacter celer_GCF_057198045.1,1,2544,-1407.8466796875,495,87,H,D,GAC,1
GCF_057198045.1,Leucobacter celer,gyrA_1_Leucobacter celer_GCF_057198045.1,1,2544,-1407.8466796875,495,87,K,D,GAC,0
GCF_057198045.1,Leucobacter celer,gyrA_1_Leucobacter celer_GCF_057198045.1,1,2544,-1407.8466796875,495,87,L,D,GAC,0
GCF_057198045.1,Leucobacter celer,gyrA_1_Leucobacter celer_GCF_057198045.1,1,2544,-1407.8466796875,495,87,N,D,GAC,1
GCF_057198045.1,Leucobacter celer,gyrA_1_Leucobacter celer_GCF_057198045.1,1,2544,-1407.8466796875,495,87,Q,D,GAC,0
GCF_057198045.1,Leucobacter celer,gyrA_1_Leucobacter celer_GCF_057198045.1,1,2544,-1407.8466796875,495,87,R,D,GAC,0
GCF_057198045.1,Leucobacter celer,gyrA_1_Leucobacter celer_GCF_057198045.1,1,2544,-1407.8466796875,495,87,T,D,GAC,0
GCF_057198045.1,Leucobacter celer,gyrA_1_Leucobacter celer_GCF_057198045.1,1,2544,-1407.8466796875,495,87,V,D,GAC,1
GCF_057198045.1,Leucobacter celer,gyrA_1_Leucobacter celer_GCF_057198045.1,1,2544,-1407.8466796875,495,87,Y,D,GAC,1
GCF_057198045.1,Leucobacter celer,gyrA_1_Leucobacter celer_GCF_057198045.1,1,2544,-1407.8466796875,495,101,S,P,CCG,1
GCF_057198045.1,Leucobacter celer,gyrA_1_Leucobacter celer_GCF_057198045.1,1,2544,-1407.8466796875,495,105,D,G,GGG,0
GCF_057198045.1,Leucobacter celer,gyrA_1_Leucobacter celer_GCF_057198045.1,1,2544,-1407.8466796875,495,106,H,Q,CAG,2
GCF_057198045.1,Leucobacter celer,gyrA_1_Leucobacter celer_GCF_057198045.1,1,2544,-1407.8466796875,495,106,L,Q,CAG,1
GCF_057198045.1,Leucobacter celer,gyrA_1_Leucobacter celer_GCF_057198045.1,1,2544,-1407.8466796875,495,106,R,Q,CAG,1
GCF_057198045.1,Leucobacter celer,gyrA_1_Leucobacter celer_GCF_057198045.1,1,2544,-1407.8466796875,495,119,S,A,GCG,1
GCF_057198045.1,Leucobacter celer,gyrA_1_Leucobacter celer_GCF_057198045.1,1,2544,-1407.8466796875,495,119,T,A,GCG,1
GCF_057198045.1,Leucobacter celer,gyrA_1_Leucobacter celer_GCF_057198045.1,1,2544,-1407.8466796875,495,165,A,N,AAC,0
GCF_057198045.1,Leucobacter celer,gyrA_1_Leucobacter celer_GCF_057198045.1,1,2544,-1407.8466796875,495,196,E,W,TGG,0
GCF_057198045.1,Leucobacter celer,gyrA_1_Leucobacter celer_GCF_057198045.1,1,2544,-1407.8466796875,495,386,D,A,GCG,0
GCF_056816505.1,Helicobacter bilis,gyrA_1_Helicobacter bilis_GCF_056816505.1,1,2496,-1176.53759765625,460,51,V,A,GCG,1
GCF_056816505.1,Helicobacter bilis,gyrA_1_Helicobacter bilis_GCF_056816505.1,1,2496,-1176.53759765625,460,57,K,L,CTT,0
GCF_056816505.1,Helicobacter bilis,gyrA_1_Helicobacter bilis_GCF_056816505.1,1,2496,-1176.53759765625,460,67,S,A,GCT,1
GCF_056816505.1,Helicobacter bilis,gyrA_1_Helicobacter bilis_GCF_056816505.1,1,2496,-1176.53759765625,460,67,T,A,GCT,1
GCF_056816505.1,Helicobacter bilis,gyrA_1_Helicobacter bilis_GCF_056816505.1,1,2496,-1176.53759765625,460,72,G,E,GAA,1
GCF_056816505.1,Helicobacter bilis,gyrA_1_Helicobacter bilis_GCF_056816505.1,1,2496,-1176.53759765625,460,72,V,E,GAA,1
GCF_056816505.1,Helicobacter bilis,gyrA_1_Helicobacter bilis_GCF_056816505.1,1,2496,-1176.53759765625,460,77,S,Y,TAT,1
GCF_056816505.1,Helicobacter bilis,gyrA_1_Helicobacter bilis_GCF_056816505.1,1,2496,-1176.53759765625,460,80,P,H,CAT,1
GCF_056816505.1,Helicobacter bilis,gyrA_1_Helicobacter bilis_GCF_056816505.1,1,2496,-1176.53759765625,460,80,R,H,CAT,1
GCF_056816505.1,Helicobacter bilis,gyrA_1_Helicobacter bilis_GCF_056816505.1,1,2496,-1176.53759765625,460,81,C,G,GGT,1
GCF_056816505.1,Helicobacter bilis,gyrA_1_Helicobacter bilis_GCF_056816505.1,1,2496,-1176.53759765625,460,81,D,G,GGT,1
GCF_056816505.1,Helicobacter bilis,gyrA_1_Helicobacter bilis_GCF_056816505.1,1,2496,-1176.53759765625,460,82,G,D,GAT,1
GCF_056816505.1,Helicobacter bilis,gyrA_1_Helicobacter bilis_GCF_056816505.1,1,2496,-1176.53759765625,460,82,N,D,GAT,1
GCF_056816505.1,Helicobacter bilis,gyrA_1_Helicobacter bilis_GCF_056816505.1,1,2496,-1176.53759765625,460,82,Y,D,GAT,1
GCF_056816505.1,Helicobacter bilis,gyrA_1_Helicobacter bilis_GCF_056816505.1,1,2496,-1176.53759765625,460,83,A,T,ACC,1
GCF_056816505.1,Helicobacter bilis,gyrA_1_Helicobacter bilis_GCF_056816505.1,1,2496,-1176.53759765625,460,83,F,T,ACC,0
GCF_056816505.1,Helicobacter bilis,gyrA_1_Helicobacter bilis_GCF_056816505.1,1,2496,-1176.53759765625,460,83,I,T,ACC,1
GCF_056816505.1,Helicobacter bilis,gyrA_1_Helicobacter bilis_GCF_056816505.1,1,2496,-1176.53759765625,460,83,K,T,ACC,0
GCF_056816505.1,Helicobacter bilis,gyrA_1_Helicobacter bilis_GCF_056816505.1,1,2496,-1176.53759765625,460,83,L,T,ACC,0
GCF_056816505.1,Helicobacter bilis,gyrA_1_Helicobacter bilis_GCF_056816505.1,1,2496,-1176.53759765625,460,83,M,T,ACC,0
GCF_056816505.1,Helicobacter bilis,gyrA_1_Helicobacter bilis_GCF_056816505.1,1,2496,-1176.53759765625,460,83,R,T,ACC,0
GCF_056816505.1,Helicobacter bilis,gyrA_1_Helicobacter bilis_GCF_056816505.1,1,2496,-1176.53759765625,460,83,S,T,ACC,2
GCF_056816505.1,Helicobacter bilis,gyrA_1_Helicobacter bilis_GCF_056816505.1,1,2496,-1176.53759765625,460,83,V,T,ACC,0
GCF_056816505.1,Helicobacter bilis,gyrA_1_Helicobacter bilis_GCF_056816505.1,1,2496,-1176.53759765625,460,83,W,T,ACC,0
GCF_056816505.1,Helicobacter bilis,gyrA_1_Helicobacter bilis_GCF_056816505.1,1,2496,-1176.53759765625,460,83,Y,T,ACC,0
GCF_056816505.1,Helicobacter bilis,gyrA_1_Helicobacter bilis_GCF_056816505.1,1,2496,-1176.53759765625,460,84,A,A,GCA,3
GCF_056816505.1,Helicobacter bilis,gyrA_1_Helicobacter bilis_GCF_056816505.1,1,2496,-1176.53759765625,460,84,P,A,GCA,1
GCF_056816505.1,Helicobacter bilis,gyrA_1_Helicobacter bilis_GCF_056816505.1,1,2496,-1176.53759765625,460,84,V,A,GCA,1
GCF_056816505.1,Helicobacter bilis,gyrA_1_Helicobacter bilis_GCF_056816505.1,1,2496,-1176.53759765625,460,86,N,Y,TAT,1
GCF_056816505.1,Helicobacter bilis,gyrA_1_Helicobacter bilis_GCF_056816505.1,1,2496,-1176.53759765625,460,86,Y,Y,TAT,1
GCF_056816505.1,Helicobacter bilis,gyrA_1_Helicobacter bilis_GCF_056816505.1,1,2496,-1176.53759765625,460,87,A,D,GAT,1
GCF_056816505.1,Helicobacter bilis,gyrA_1_Helicobacter bilis_GCF_056816505.1,1,2496,-1176.53759765625,460,87,G,D,GAT,1
GCF_056816505.1,Helicobacter bilis,gyrA_1_Helicobacter bilis_GCF_056816505.1,1,2496,-1176.53759765625,460,87,H,D,GAT,1
GCF_056816505.1,Helicobacter bilis,gyrA_1_Helicobacter bilis_GCF_056816505.1,1,2496,-1176.53759765625,460,87,K,D,GAT,0
GCF_056816505.1,Helicobacter bilis,gyrA_1_Helicobacter bilis_GCF_056816505.1,1,2496,-1176.53759765625,460,87,L,D,GAT,0
GCF_056816505.1,Helicobacter bilis,gyrA_1_Helicobacter bilis_GCF_056816505.1,1,2496,-1176.53759765625,460,87,N,D,GAT,1
GCF_056816505.1,Helicobacter bilis,gyrA_1_Helicobacter bilis_GCF_056816505.1,1,2496,-1176.53759765625,460,87,Q,D,GAT,0
GCF_056816505.1,Helicobacter bilis,gyrA_1_Helicobacter bilis_GCF_056816505.1,1,2496,-1176.53759765625,460,87,R,D,GAT,0
GCF_056816505.1,Helicobacter bilis,gyrA_1_Helicobacter bilis_GCF_056816505.1,1,2496,-1176.53759765625,460,87,T,D,GAT,0
GCF_056816505.1,Helicobacter bilis,gyrA_1_Helicobacter bilis_GCF_056816505.1,1,2496,-1176.53759765625,460,87,V,D,GAT,1
GCF_056816505.1,Helicobacter bilis,gyrA_1_Helicobacter bilis_GCF_056816505.1,1,2496,-1176.53759765625,460,87,Y,D,GAT,1
GCF_056816505.1,Helicobacter bilis,gyrA_1_Helicobacter bilis_GCF_056816505.1,1,2496,-1176.53759765625,460,101,S,E,GAG,0
GCF_056816505.1,Helicobacter bilis,gyrA_1_Helicobacter bilis_GCF_056816505.1,1,2496,-1176.53759765625,460,105,D,G,GGA,0
GCF_056816505.1,Helicobacter bilis,gyrA_1_Helicobacter bilis_GCF_056816505.1,1,2496,-1176.53759765625,460,106,H,Q,CAA,2
GCF_056816505.1,Helicobacter bilis,gyrA_1_Helicobacter bilis_GCF_056816505.1,1,2496,-1176.53759765625,460,106,L,Q,CAA,1
GCF_056816505.1,Helicobacter bilis,gyrA_1_Helicobacter bilis_GCF_056816505.1,1,2496,-1176.53759765625,460,106,R,Q,CAA,1
GCF_056816505.1,Helicobacter bilis,gyrA_1_Helicobacter bilis_GCF_056816505.1,1,2496,-1176.53759765625,460,119,S,A,GCT,1
GCF_056816505.1,Helicobacter bilis,gyrA_1_Helicobacter bilis_GCF_056816505.1,1,2496,-1176.53759765625,460,119,T,A,GCT,1
GCF_056816505.1,Helicobacter bilis,gyrA_1_Helicobacter bilis_GCF_056816505.1,1,2496,-1176.53759765625,460,165,A,N,AAT,0
GCF_056816505.1,Helicobacter bilis,gyrA_1_Helicobacter bilis_GCF_056816505.1,1,2496,-1176.53759765625,460,196,E,Y,TAT,0
GCF_056816505.1,Helicobacter bilis,gyrA_1_Helicobacter bilis_GCF_056816505.1,1,2496,-1176.53759765625,460,386,D,A,GCC,1
GCF_056645005.1,Kurthia gibsonii,gyrA_1_Kurthia gibsonii_GCF_056645005.1,1,2484,-654.1051025390625,418,51,V,G,GGA,1
GCF_056645005.1,Kurthia gibsonii,gyrA_1_Kurthia gibsonii_GCF_056645005.1,1,2484,-654.1051025390625,418,57,K,S,AGT,0
GCF_056645005.1,Kurthia gibsonii,gyrA_1_Kurthia gibsonii_GCF_056645005.1,1,2484,-654.1051025390625,418,67,S,A,GCA,1
GCF_056645005.1,Kurthia gibsonii,gyrA_1_Kurthia gibsonii_GCF_056645005.1,1,2484,-654.1051025390625,418,67,T,A,GCA,1
GCF_056645005.1,Kurthia gibsonii,gyrA_1_Kurthia gibsonii_GCF_056645005.1,1,2484,-654.1051025390625,418,72,G,D,GAT,1
GCF_056645005.1,Kurthia gibsonii,gyrA_1_Kurthia gibsonii_GCF_056645005.1,1,2484,-654.1051025390625,418,72,V,D,GAT,1
GCF_056645005.1,Kurthia gibsonii,gyrA_1_Kurthia gibsonii_GCF_056645005.1,1,2484,-654.1051025390625,418,77,S,Y,TAT,1
GCF_056645005.1,Kurthia gibsonii,gyrA_1_Kurthia gibsonii_GCF_056645005.1,1,2484,-654.1051025390625,418,80,P,H,CAT,1
GCF_056645005.1,Kurthia gibsonii,gyrA_1_Kurthia gibsonii_GCF_056645005.1,1,2484,-654.1051025390625,418,80,R,H,CAT,1
GCF_056645005.1,Kurthia gibsonii,gyrA_1_Kurthia gibsonii_GCF_056645005.1,1,2484,-654.1051025390625,418,81,C,G,GGT,1
GCF_056645005.1,Kurthia gibsonii,gyrA_1_Kurthia gibsonii_GCF_056645005.1,1,2484,-654.1051025390625,418,81,D,G,GGT,1
GCF_056645005.1,Kurthia gibsonii,gyrA_1_Kurthia gibsonii_GCF_056645005.1,1,2484,-654.1051025390625,418,82,G,D,GAC,1
GCF_056645005.1,Kurthia gibsonii,gyrA_1_Kurthia gibsonii_GCF_056645005.1,1,2484,-654.1051025390625,418,82,N,D,GAC,1
GCF_056645005.1,Kurthia gibsonii,gyrA_1_Kurthia gibsonii_GCF_056645005.1,1,2484,-654.1051025390625,418,82,Y,D,GAC,1
GCF_056645005.1,Kurthia gibsonii,gyrA_1_Kurthia gibsonii_GCF_056645005.1,1,2484,-654.1051025390625,418,83,A,S,TCA,1
GCF_056645005.1,Kurthia gibsonii,gyrA_1_Kurthia gibsonii_GCF_056645005.1,1,2484,-654.1051025390625,418,83,F,S,TCA,0
GCF_056645005.1,Kurthia gibsonii,gyrA_1_Kurthia gibsonii_GCF_056645005.1,1,2484,-654.1051025390625,418,83,I,S,TCA,0
GCF_056645005.1,Kurthia gibsonii,gyrA_1_Kurthia gibsonii_GCF_056645005.1,1,2484,-654.1051025390625,418,83,K,S,TCA,0
GCF_056645005.1,Kurthia gibsonii,gyrA_1_Kurthia gibsonii_GCF_056645005.1,1,2484,-654.1051025390625,418,83,L,S,TCA,1
GCF_056645005.1,Kurthia gibsonii,gyrA_1_Kurthia gibsonii_GCF_056645005.1,1,2484,-654.1051025390625,418,83,M,S,TCA,0
GCF_056645005.1,Kurthia gibsonii,gyrA_1_Kurthia gibsonii_GCF_056645005.1,1,2484,-654.1051025390625,418,83,R,S,TCA,0
GCF_056645005.1,Kurthia gibsonii,gyrA_1_Kurthia gibsonii_GCF_056645005.1,1,2484,-654.1051025390625,418,83,S,S,TCA,3
GCF_056645005.1,Kurthia gibsonii,gyrA_1_Kurthia gibsonii_GCF_056645005.1,1,2484,-654.1051025390625,418,83,V,S,TCA,0
GCF_056645005.1,Kurthia gibsonii,gyrA_1_Kurthia gibsonii_GCF_056645005.1,1,2484,-654.1051025390625,418,83,W,S,TCA,0
GCF_056645005.1,Kurthia gibsonii,gyrA_1_Kurthia gibsonii_GCF_056645005.1,1,2484,-654.1051025390625,418,83,Y,S,TCA,0
GCF_056645005.1,Kurthia gibsonii,gyrA_1_Kurthia gibsonii_GCF_056645005.1,1,2484,-654.1051025390625,418,84,A,S,TCT,1
GCF_056645005.1,Kurthia gibsonii,gyrA_1_Kurthia gibsonii_GCF_056645005.1,1,2484,-654.1051025390625,418,84,P,S,TCT,1
GCF_056645005.1,Kurthia gibsonii,gyrA_1_Kurthia gibsonii_GCF_056645005.1,1,2484,-654.1051025390625,418,84,V,S,TCT,0
GCF_056645005.1,Kurthia gibsonii,gyrA_1_Kurthia gibsonii_GCF_056645005.1,1,2484,-654.1051025390625,418,86,N,Y,TAT,1
GCF_056645005.1,Kurthia gibsonii,gyrA_1_Kurthia gibsonii_GCF_056645005.1,1,2484,-654.1051025390625,418,86,Y,Y,TAT,1
GCF_056645005.1,Kurthia gibsonii,gyrA_1_Kurthia gibsonii_GCF_056645005.1,1,2484,-654.1051025390625,418,87,A,E,GAA,1
GCF_056645005.1,Kurthia gibsonii,gyrA_1_Kurthia gibsonii_GCF_056645005.1,1,2484,-654.1051025390625,418,87,G,E,GAA,1
GCF_056645005.1,Kurthia gibsonii,gyrA_1_Kurthia gibsonii_GCF_056645005.1,1,2484,-654.1051025390625,418,87,H,E,GAA,0
GCF_056645005.1,Kurthia gibsonii,gyrA_1_Kurthia gibsonii_GCF_056645005.1,1,2484,-654.1051025390625,418,87,K,E,GAA,1
GCF_056645005.1,Kurthia gibsonii,gyrA_1_Kurthia gibsonii_GCF_056645005.1,1,2484,-654.1051025390625,418,87,L,E,GAA,0
GCF_056645005.1,Kurthia gibsonii,gyrA_1_Kurthia gibsonii_GCF_056645005.1,1,2484,-654.1051025390625,418,87,N,E,GAA,0
GCF_056645005.1,Kurthia gibsonii,gyrA_1_Kurthia gibsonii_GCF_056645005.1,1,2484,-654.1051025390625,418,87,Q,E,GAA,1
GCF_056645005.1,Kurthia gibsonii,gyrA_1_Kurthia gibsonii_GCF_056645005.1,1,2484,-654.1051025390625,418,87,R,E,GAA,0
GCF_056645005.1,Kurthia gibsonii,gyrA_1_Kurthia gibsonii_GCF_056645005.1,1,2484,-654.1051025390625,418,87,T,E,GAA,0
GCF_056645005.1,Kurthia gibsonii,gyrA_1_Kurthia gibsonii_GCF_056645005.1,1,2484,-654.1051025390625,418,87,V,E,GAA,1
GCF_056645005.1,Kurthia gibsonii,gyrA_1_Kurthia gibsonii_GCF_056645005.1,1,2484,-654.1051025390625,418,87,Y,E,GAA,0
GCF_056645005.1,Kurthia gibsonii,gyrA_1_Kurthia gibsonii_GCF_056645005.1,1,2484,-654.1051025390625,418,101,S,M,ATG,0
GCF_056645005.1,Kurthia gibsonii,gyrA_1_Kurthia gibsonii_GCF_056645005.1,1,2484,-654.1051025390625,418,105,D,G,GGG,0
GCF_056645005.1,Kurthia gibsonii,gyrA_1_Kurthia gibsonii_GCF_056645005.1,1,2484,-654.1051025390625,418,106,H,H,CAT,1
GCF_056645005.1,Kurthia gibsonii,gyrA_1_Kurthia gibsonii_GCF_056645005.1,1,2484,-654.1051025390625,418,106,L,H,CAT,1
GCF_056645005.1,Kurthia gibsonii,gyrA_1_Kurthia gibsonii_GCF_056645005.1,1,2484,-654.1051025390625,418,106,R,H,CAT,1
GCF_056645005.1,Kurthia gibsonii,gyrA_1_Kurthia gibsonii_GCF_056645005.1,1,2484,-654.1051025390625,418,119,S,A,GCG,1
GCF_056645005.1,Kurthia gibsonii,gyrA_1_Kurthia gibsonii_GCF_056645005.1,1,2484,-654.1051025390625,418,119,T,A,GCG,1
GCF_056645005.1,Kurthia gibsonii,gyrA_1_Kurthia gibsonii_GCF_056645005.1,1,2484,-654.1051025390625,418,165,A,N,AAT,0
GCF_056645005.1,Kurthia gibsonii,gyrA_1_Kurthia gibsonii_GCF_056645005.1,1,2484,-654.1051025390625,418,196,E,A,GCA,1
GCF_056645005.1,Kurthia gibsonii,gyrA_1_Kurthia gibsonii_GCF_056645005.1,1,2484,-654.1051025390625,418,386,D,A,GCG,0
GCF_056242675.1,Rickettsia lanei,gyrA_1_Rickettsia lanei_GCF_056242675.1,1,2718,-1012.4736328125,474,51,V,S,TCT,0
GCF_056242675.1,Rickettsia lanei,gyrA_1_Rickettsia lanei_GCF_056242675.1,1,2718,-1012.4736328125,474,57,K,N,AAT,2
GCF_056242675.1,Rickettsia lanei,gyrA_1_Rickettsia lanei_GCF_056242675.1,1,2718,-1012.4736328125,474,67,S,A,GCT,1
GCF_056242675.1,Rickettsia lanei,gyrA_1_Rickettsia lanei_GCF_056242675.1,1,2718,-1012.4736328125,474,67,T,A,GCT,1
GCF_056242675.1,Rickettsia lanei,gyrA_1_Rickettsia lanei_GCF_056242675.1,1,2718,-1012.4736328125,474,72,G,D,GAC,1
GCF_056242675.1,Rickettsia lanei,gyrA_1_Rickettsia lanei_GCF_056242675.1,1,2718,-1012.4736328125,474,72,V,D,GAC,1
GCF_056242675.1,Rickettsia lanei,gyrA_1_Rickettsia lanei_GCF_056242675.1,1,2718,-1012.4736328125,474,77,S,Y,TAC,1
GCF_056242675.1,Rickettsia lanei,gyrA_1_Rickettsia lanei_GCF_056242675.1,1,2718,-1012.4736328125,474,80,P,H,CAC,1
GCF_056242675.1,Rickettsia lanei,gyrA_1_Rickettsia lanei_GCF_056242675.1,1,2718,-1012.4736328125,474,80,R,H,CAC,1
GCF_056242675.1,Rickettsia lanei,gyrA_1_Rickettsia lanei_GCF_056242675.1,1,2718,-1012.4736328125,474,81,C,G,GGC,1
GCF_056242675.1,Rickettsia lanei,gyrA_1_Rickettsia lanei_GCF_056242675.1,1,2718,-1012.4736328125,474,81,D,G,GGC,1
GCF_056242675.1,Rickettsia lanei,gyrA_1_Rickettsia lanei_GCF_056242675.1,1,2718,-1012.4736328125,474,82,G,D,GAT,1
GCF_056242675.1,Rickettsia lanei,gyrA_1_Rickettsia lanei_GCF_056242675.1,1,2718,-1012.4736328125,474,82,N,D,GAT,1
GCF_056242675.1,Rickettsia lanei,gyrA_1_Rickettsia lanei_GCF_056242675.1,1,2718,-1012.4736328125,474,82,Y,D,GAT,1
GCF_056242675.1,Rickettsia lanei,gyrA_1_Rickettsia lanei_GCF_056242675.1,1,2718,-1012.4736328125,474,83,A,S,AGT,0
GCF_056242675.1,Rickettsia lanei,gyrA_1_Rickettsia lanei_GCF_056242675.1,1,2718,-1012.4736328125,474,83,F,S,AGT,0
GCF_056242675.1,Rickettsia lanei,gyrA_1_Rickettsia lanei_GCF_056242675.1,1,2718,-1012.4736328125,474,83,I,S,AGT,1
GCF_056242675.1,Rickettsia lanei,gyrA_1_Rickettsia lanei_GCF_056242675.1,1,2718,-1012.4736328125,474,83,K,S,AGT,0
GCF_056242675.1,Rickettsia lanei,gyrA_1_Rickettsia lanei_GCF_056242675.1,1,2718,-1012.4736328125,474,83,L,S,AGT,0
GCF_056242675.1,Rickettsia lanei,gyrA_1_Rickettsia lanei_GCF_056242675.1,1,2718,-1012.4736328125,474,83,M,S,AGT,0
GCF_056242675.1,Rickettsia lanei,gyrA_1_Rickettsia lanei_GCF_056242675.1,1,2718,-1012.4736328125,474,83,R,S,AGT,3
GCF_056242675.1,Rickettsia lanei,gyrA_1_Rickettsia lanei_GCF_056242675.1,1,2718,-1012.4736328125,474,83,S,S,AGT,1
GCF_056242675.1,Rickettsia lanei,gyrA_1_Rickettsia lanei_GCF_056242675.1,1,2718,-1012.4736328125,474,83,V,S,AGT,0
GCF_056242675.1,Rickettsia lanei,gyrA_1_Rickettsia lanei_GCF_056242675.1,1,2718,-1012.4736328125,474,83,W,S,AGT,0
GCF_056242675.1,Rickettsia lanei,gyrA_1_Rickettsia lanei_GCF_056242675.1,1,2718,-1012.4736328125,474,83,Y,S,AGT,0
GCF_056242675.1,Rickettsia lanei,gyrA_1_Rickettsia lanei_GCF_056242675.1,1,2718,-1012.4736328125,474,84,A,A,GCT,3
GCF_056242675.1,Rickettsia lanei,gyrA_1_Rickettsia lanei_GCF_056242675.1,1,2718,-1012.4736328125,474,84,P,A,GCT,1
GCF_056242675.1,Rickettsia lanei,gyrA_1_Rickettsia lanei_GCF_056242675.1,1,2718,-1012.4736328125,474,84,V,A,GCT,1
GCF_056242675.1,Rickettsia lanei,gyrA_1_Rickettsia lanei_GCF_056242675.1,1,2718,-1012.4736328125,474,86,N,Y,TAC,1
GCF_056242675.1,Rickettsia lanei,gyrA_1_Rickettsia lanei_GCF_056242675.1,1,2718,-1012.4736328125,474,86,Y,Y,TAC,1
GCF_056242675.1,Rickettsia lanei,gyrA_1_Rickettsia lanei_GCF_056242675.1,1,2718,-1012.4736328125,474,87,A,D,GAT,1
GCF_056242675.1,Rickettsia lanei,gyrA_1_Rickettsia lanei_GCF_056242675.1,1,2718,-1012.4736328125,474,87,G,D,GAT,1
GCF_056242675.1,Rickettsia lanei,gyrA_1_Rickettsia lanei_GCF_056242675.1,1,2718,-1012.4736328125,474,87,H,D,GAT,1
GCF_056242675.1,Rickettsia lanei,gyrA_1_Rickettsia lanei_GCF_056242675.1,1,2718,-1012.4736328125,474,87,K,D,GAT,0
GCF_056242675.1,Rickettsia lanei,gyrA_1_Rickettsia lanei_GCF_056242675.1,1,2718,-1012.4736328125,474,87,L,D,GAT,0
GCF_056242675.1,Rickettsia lanei,gyrA_1_Rickettsia lanei_GCF_056242675.1,1,2718,-1012.4736328125,474,87,N,D,GAT,1
GCF_056242675.1,Rickettsia lanei,gyrA_1_Rickettsia lanei_GCF_056242675.1,1,2718,-1012.4736328125,474,87,Q,D,GAT,0
GCF_056242675.1,Rickettsia lanei,gyrA_1_Rickettsia lanei_GCF_056242675.1,1,2718,-1012.4736328125,474,87,R,D,GAT,0
GCF_056242675.1,Rickettsia lanei,gyrA_1_Rickettsia lanei_GCF_056242675.1,1,2718,-1012.4736328125,474,87,T,D,GAT,0
GCF_056242675.1,Rickettsia lanei,gyrA_1_Rickettsia lanei_GCF_056242675.1,1,2718,-1012.4736328125,474,87,V,D,GAT,1
GCF_056242675.1,Rickettsia lanei,gyrA_1_Rickettsia lanei_GCF_056242675.1,1,2718,-1012.4736328125,474,87,Y,D,GAT,1
GCF_056242675.1,Rickettsia lanei,gyrA_1_Rickettsia lanei_GCF_056242675.1,1,2718,-1012.4736328125,474,101,S,P,CCG,1
GCF_056242675.1,Rickettsia lanei,gyrA_1_Rickettsia lanei_GCF_056242675.1,1,2718,-1012.4736328125,474,105,D,G,GGG,0
GCF_056242675.1,Rickettsia lanei,gyrA_1_Rickettsia lanei_GCF_056242675.1,1,2718,-1012.4736328125,474,106,H,Q,CAG,2
GCF_056242675.1,Rickettsia lanei,gyrA_1_Rickettsia lanei_GCF_056242675.1,1,2718,-1012.4736328125,474,106,L,Q,CAG,1
GCF_056242675.1,Rickettsia lanei,gyrA_1_Rickettsia lanei_GCF_056242675.1,1,2718,-1012.4736328125,474,106,R,Q,CAG,1
GCF_056242675.1,Rickettsia lanei,gyrA_1_Rickettsia lanei_GCF_056242675.1,1,2718,-1012.4736328125,474,119,S,A,GCA,1
GCF_056242675.1,Rickettsia lanei,gyrA_1_Rickettsia lanei_GCF_056242675.1,1,2718,-1012.4736328125,474,119,T,A,GCA,1
GCF_056242675.1,Rickettsia lanei,gyrA_1_Rickettsia lanei_GCF_056242675.1,1,2718,-1012.4736328125,474,165,A,N,AAT,0
GCF_056242675.1,Rickettsia lanei,gyrA_1_Rickettsia lanei_GCF_056242675.1,1,2718,-1012.4736328125,474,196,E,L,TTA,0
GCF_056242675.1,Rickettsia lanei,gyrA_1_Rickettsia lanei_GCF_056242675.1,1,2718,-1012.4736328125,474,386,D,A,GCC,1
GCF_055409605.1,Streptomyces saintjeani,gyrA_1_Streptomyces saintjeani_GCF_055409605.1,1,2574,-1201.84228515625,479,51,V,A,GCG,1
GCF_055409605.1,Streptomyces saintjeani,gyrA_1_Streptomyces saintjeani_GCF_055409605.1,1,2574,-1201.84228515625,479,57,K,Y,TAC,0
GCF_055409605.1,Streptomyces saintjeani,gyrA_1_Streptomyces saintjeani_GCF_055409605.1,1,2574,-1201.84228515625,479,67,S,A,GCC,1
GCF_055409605.1,Streptomyces saintjeani,gyrA_1_Streptomyces saintjeani_GCF_055409605.1,1,2574,-1201.84228515625,479,67,T,A,GCC,1
GCF_055409605.1,Streptomyces saintjeani,gyrA_1_Streptomyces saintjeani_GCF_055409605.1,1,2574,-1201.84228515625,479,72,G,D,GAC,1
GCF_055409605.1,Streptomyces saintjeani,gyrA_1_Streptomyces saintjeani_GCF_055409605.1,1,2574,-1201.84228515625,479,72,V,D,GAC,1
GCF_055409605.1,Streptomyces saintjeani,gyrA_1_Streptomyces saintjeani_GCF_055409605.1,1,2574,-1201.84228515625,479,77,S,Y,TAC,1
GCF_055409605.1,Streptomyces saintjeani,gyrA_1_Streptomyces saintjeani_GCF_055409605.1,1,2574,-1201.84228515625,479,80,P,H,CAC,1
GCF_055409605.1,Streptomyces saintjeani,gyrA_1_Streptomyces saintjeani_GCF_055409605.1,1,2574,-1201.84228515625,479,80,R,H,CAC,1
GCF_055409605.1,Streptomyces saintjeani,gyrA_1_Streptomyces saintjeani_GCF_055409605.1,1,2574,-1201.84228515625,479,81,C,G,GGC,1
GCF_055409605.1,Streptomyces saintjeani,gyrA_1_Streptomyces saintjeani_GCF_055409605.1,1,2574,-1201.84228515625,479,81,D,G,GGC,1
GCF_055409605.1,Streptomyces saintjeani,gyrA_1_Streptomyces saintjeani_GCF_055409605.1,1,2574,-1201.84228515625,479,82,G,D,GAC,1
GCF_055409605.1,Streptomyces saintjeani,gyrA_1_Streptomyces saintjeani_GCF_055409605.1,1,2574,-1201.84228515625,479,82,N,D,GAC,1
GCF_055409605.1,Streptomyces saintjeani,gyrA_1_Streptomyces saintjeani_GCF_055409605.1,1,2574,-1201.84228515625,479,82,Y,D,GAC,1
GCF_055409605.1,Streptomyces saintjeani,gyrA_1_Streptomyces saintjeani_GCF_055409605.1,1,2574,-1201.84228515625,479,83,A,S,TCC,1
GCF_055409605.1,Streptomyces saintjeani,gyrA_1_Streptomyces saintjeani_GCF_055409605.1,1,2574,-1201.84228515625,479,83,F,S,TCC,1
GCF_055409605.1,Streptomyces saintjeani,gyrA_1_Streptomyces saintjeani_GCF_055409605.1,1,2574,-1201.84228515625,479,83,I,S,TCC,0
GCF_055409605.1,Streptomyces saintjeani,gyrA_1_Streptomyces saintjeani_GCF_055409605.1,1,2574,-1201.84228515625,479,83,K,S,TCC,0
GCF_055409605.1,Streptomyces saintjeani,gyrA_1_Streptomyces saintjeani_GCF_055409605.1,1,2574,-1201.84228515625,479,83,L,S,TCC,0
GCF_055409605.1,Streptomyces saintjeani,gyrA_1_Streptomyces saintjeani_GCF_055409605.1,1,2574,-1201.84228515625,479,83,M,S,TCC,0
GCF_055409605.1,Streptomyces saintjeani,gyrA_1_Streptomyces saintjeani_GCF_055409605.1,1,2574,-1201.84228515625,479,83,R,S,TCC,0
GCF_055409605.1,Streptomyces saintjeani,gyrA_1_Streptomyces saintjeani_GCF_055409605.1,1,2574,-1201.84228515625,479,83,S,S,TCC,3
GCF_055409605.1,Streptomyces saintjeani,gyrA_1_Streptomyces saintjeani_GCF_055409605.1,1,2574,-1201.84228515625,479,83,V,S,TCC,0
GCF_055409605.1,Streptomyces saintjeani,gyrA_1_Streptomyces saintjeani_GCF_055409605.1,1,2574,-1201.84228515625,479,83,W,S,TCC,0
GCF_055409605.1,Streptomyces saintjeani,gyrA_1_Streptomyces saintjeani_GCF_055409605.1,1,2574,-1201.84228515625,479,83,Y,S,TCC,1
GCF_055409605.1,Streptomyces saintjeani,gyrA_1_Streptomyces saintjeani_GCF_055409605.1,1,2574,-1201.84228515625,479,84,A,S,TCG,1
GCF_055409605.1,Streptomyces saintjeani,gyrA_1_Streptomyces saintjeani_GCF_055409605.1,1,2574,-1201.84228515625,479,84,P,S,TCG,1
GCF_055409605.1,Streptomyces saintjeani,gyrA_1_Streptomyces saintjeani_GCF_055409605.1,1,2574,-1201.84228515625,479,84,V,S,TCG,0
GCF_055409605.1,Streptomyces saintjeani,gyrA_1_Streptomyces saintjeani_GCF_055409605.1,1,2574,-1201.84228515625,479,86,N,Y,TAC,1
GCF_055409605.1,Streptomyces saintjeani,gyrA_1_Streptomyces saintjeani_GCF_055409605.1,1,2574,-1201.84228515625,479,86,Y,Y,TAC,1
GCF_055409605.1,Streptomyces saintjeani,gyrA_1_Streptomyces saintjeani_GCF_055409605.1,1,2574,-1201.84228515625,479,87,A,D,GAC,1
GCF_055409605.1,Streptomyces saintjeani,gyrA_1_Streptomyces saintjeani_GCF_055409605.1,1,2574,-1201.84228515625,479,87,G,D,GAC,1
GCF_055409605.1,Streptomyces saintjeani,gyrA_1_Streptomyces saintjeani_GCF_055409605.1,1,2574,-1201.84228515625,479,87,H,D,GAC,1
GCF_055409605.1,Streptomyces saintjeani,gyrA_1_Streptomyces saintjeani_GCF_055409605.1,1,2574,-1201.84228515625,479,87,K,D,GAC,0
GCF_055409605.1,Streptomyces saintjeani,gyrA_1_Streptomyces saintjeani_GCF_055409605.1,1,2574,-1201.84228515625,479,87,L,D,GAC,0
GCF_055409605.1,Streptomyces saintjeani,gyrA_1_Streptomyces saintjeani_GCF_055409605.1,1,2574,-1201.84228515625,479,87,N,D,GAC,1
GCF_055409605.1,Streptomyces saintjeani,gyrA_1_Streptomyces saintjeani_GCF_055409605.1,1,2574,-1201.84228515625,479,87,Q,D,GAC,0
GCF_055409605.1,Streptomyces saintjeani,gyrA_1_Streptomyces saintjeani_GCF_055409605.1,1,2574,-1201.84228515625,479,87,R,D,GAC,0
GCF_055409605.1,Streptomyces saintjeani,gyrA_1_Streptomyces saintjeani_GCF_055409605.1,1,2574,-1201.84228515625,479,87,T,D,GAC,0
GCF_055409605.1,Streptomyces saintjeani,gyrA_1_Streptomyces saintjeani_GCF_055409605.1,1,2574,-1201.84228515625,479,87,V,D,GAC,1
GCF_055409605.1,Streptomyces saintjeani,gyrA_1_Streptomyces saintjeani_GCF_055409605.1,1,2574,-1201.84228515625,479,87,Y,D,GAC,1
GCF_055409605.1,Streptomyces saintjeani,gyrA_1_Streptomyces saintjeani_GCF_055409605.1,1,2574,-1201.84228515625,479,101,S,P,CCG,1
GCF_055409605.1,Streptomyces saintjeani,gyrA_1_Streptomyces saintjeani_GCF_055409605.1,1,2574,-1201.84228515625,479,105,D,S,TCC,0
GCF_055409605.1,Streptomyces saintjeani,gyrA_1_Streptomyces saintjeani_GCF_055409605.1,1,2574,-1201.84228515625,479,106,H,N,AAC,1
GCF_055409605.1,Streptomyces saintjeani,gyrA_1_Streptomyces saintjeani_GCF_055409605.1,1,2574,-1201.84228515625,479,106,L,N,AAC,0
GCF_055409605.1,Streptomyces saintjeani,gyrA_1_Streptomyces saintjeani_GCF_055409605.1,1,2574,-1201.84228515625,479,106,R,N,AAC,0
GCF_055409605.1,Streptomyces saintjeani,gyrA_1_Streptomyces saintjeani_GCF_055409605.1,1,2574,-1201.84228515625,479,119,S,A,GCC,1
GCF_055409605.1,Streptomyces saintjeani,gyrA_1_Streptomyces saintjeani_GCF_055409605.1,1,2574,-1201.84228515625,479,119,T,A,GCC,1
GCF_055409605.1,Streptomyces saintjeani,gyrA_1_Streptomyces saintjeani_GCF_055409605.1,1,2574,-1201.84228515625,479,165,A,N,AAC,0
GCF_055409605.1,Streptomyces saintjeani,gyrA_1_Streptomyces saintjeani_GCF_055409605.1,1,2574,-1201.84228515625,479,196,E,W,TGG,0
GCF_055409605.1,Streptomyces saintjeani,gyrA_1_Streptomyces saintjeani_GCF_055409605.1,1,2574,-1201.84228515625,479,386,D,A,GCC,1
GCF_055397615.1,Petrimonas sulfuriphila,gyrA_1_Petrimonas sulfuriphila_GCF_055397615.1,1,2547,-1247.901611328125,473,51,V,G,GGA,1
GCF_055397615.1,Petrimonas sulfuriphila,gyrA_1_Petrimonas sulfuriphila_GCF_055397615.1,1,2547,-1247.901611328125,473,57,K,N,AAC,2
GCF_055397615.1,Petrimonas sulfuriphila,gyrA_1_Petrimonas sulfuriphila_GCF_055397615.1,1,2547,-1247.901611328125,473,67,S,A,GCT,1
GCF_055397615.1,Petrimonas sulfuriphila,gyrA_1_Petrimonas sulfuriphila_GCF_055397615.1,1,2547,-1247.901611328125,473,67,T,A,GCT,1
GCF_055397615.1,Petrimonas sulfuriphila,gyrA_1_Petrimonas sulfuriphila_GCF_055397615.1,1,2547,-1247.901611328125,473,72,G,E,GAG,1
GCF_055397615.1,Petrimonas sulfuriphila,gyrA_1_Petrimonas sulfuriphila_GCF_055397615.1,1,2547,-1247.901611328125,473,72,V,E,GAG,1
GCF_055397615.1,Petrimonas sulfuriphila,gyrA_1_Petrimonas sulfuriphila_GCF_055397615.1,1,2547,-1247.901611328125,473,77,S,Y,TAC,1
GCF_055397615.1,Petrimonas sulfuriphila,gyrA_1_Petrimonas sulfuriphila_GCF_055397615.1,1,2547,-1247.901611328125,473,80,P,H,CAT,1
GCF_055397615.1,Petrimonas sulfuriphila,gyrA_1_Petrimonas sulfuriphila_GCF_055397615.1,1,2547,-1247.901611328125,473,80,R,H,CAT,1
GCF_055397615.1,Petrimonas sulfuriphila,gyrA_1_Petrimonas sulfuriphila_GCF_055397615.1,1,2547,-1247.901611328125,473,81,C,G,GGC,1
GCF_055397615.1,Petrimonas sulfuriphila,gyrA_1_Petrimonas sulfuriphila_GCF_055397615.1,1,2547,-1247.901611328125,473,81,D,G,GGC,1
GCF_055397615.1,Petrimonas sulfuriphila,gyrA_1_Petrimonas sulfuriphila_GCF_055397615.1,1,2547,-1247.901611328125,473,82,G,D,GAT,1
GCF_055397615.1,Petrimonas sulfuriphila,gyrA_1_Petrimonas sulfuriphila_GCF_055397615.1,1,2547,-1247.901611328125,473,82,N,D,GAT,1
GCF_055397615.1,Petrimonas sulfuriphila,gyrA_1_Petrimonas sulfuriphila_GCF_055397615.1,1,2547,-1247.901611328125,473,82,Y,D,GAT,1
GCF_055397615.1,Petrimonas sulfuriphila,gyrA_1_Petrimonas sulfuriphila_GCF_055397615.1,1,2547,-1247.901611328125,473,83,A,S,TCA,1
GCF_055397615.1,Petrimonas sulfuriphila,gyrA_1_Petrimonas sulfuriphila_GCF_055397615.1,1,2547,-1247.901611328125,473,83,F,S,TCA,0
GCF_055397615.1,Petrimonas sulfuriphila,gyrA_1_Petrimonas sulfuriphila_GCF_055397615.1,1,2547,-1247.901611328125,473,83,I,S,TCA,0
GCF_055397615.1,Petrimonas sulfuriphila,gyrA_1_Petrimonas sulfuriphila_GCF_055397615.1,1,2547,-1247.901611328125,473,83,K,S,TCA,0
GCF_055397615.1,Petrimonas sulfuriphila,gyrA_1_Petrimonas sulfuriphila_GCF_055397615.1,1,2547,-1247.901611328125,473,83,L,S,TCA,1
GCF_055397615.1,Petrimonas sulfuriphila,gyrA_1_Petrimonas sulfuriphila_GCF_055397615.1,1,2547,-1247.901611328125,473,83,M,S,TCA,0
GCF_055397615.1,Petrimonas sulfuriphila,gyrA_1_Petrimonas sulfuriphila_GCF_055397615.1,1,2547,-1247.901611328125,473,83,R,S,TCA,0
GCF_055397615.1,Petrimonas sulfuriphila,gyrA_1_Petrimonas sulfuriphila_GCF_055397615.1,1,2547,-1247.901611328125,473,83,S,S,TCA,3
GCF_055397615.1,Petrimonas sulfuriphila,gyrA_1_Petrimonas sulfuriphila_GCF_055397615.1,1,2547,-1247.901611328125,473,83,V,S,TCA,0
GCF_055397615.1,Petrimonas sulfuriphila,gyrA_1_Petrimonas sulfuriphila_GCF_055397615.1,1,2547,-1247.901611328125,473,83,W,S,TCA,0
GCF_055397615.1,Petrimonas sulfuriphila,gyrA_1_Petrimonas sulfuriphila_GCF_055397615.1,1,2547,-1247.901611328125,473,83,Y,S,TCA,0
GCF_055397615.1,Petrimonas sulfuriphila,gyrA_1_Petrimonas sulfuriphila_GCF_055397615.1,1,2547,-1247.901611328125,473,84,A,S,TCG,1
GCF_055397615.1,Petrimonas sulfuriphila,gyrA_1_Petrimonas sulfuriphila_GCF_055397615.1,1,2547,-1247.901611328125,473,84,P,S,TCG,1
GCF_055397615.1,Petrimonas sulfuriphila,gyrA_1_Petrimonas sulfuriphila_GCF_055397615.1,1,2547,-1247.901611328125,473,84,V,S,TCG,0
GCF_055397615.1,Petrimonas sulfuriphila,gyrA_1_Petrimonas sulfuriphila_GCF_055397615.1,1,2547,-1247.901611328125,473,86,N,Y,TAT,1
GCF_055397615.1,Petrimonas sulfuriphila,gyrA_1_Petrimonas sulfuriphila_GCF_055397615.1,1,2547,-1247.901611328125,473,86,Y,Y,TAT,1
GCF_055397615.1,Petrimonas sulfuriphila,gyrA_1_Petrimonas sulfuriphila_GCF_055397615.1,1,2547,-1247.901611328125,473,87,A,N,AAT,0
GCF_055397615.1,Petrimonas sulfuriphila,gyrA_1_Petrimonas sulfuriphila_GCF_055397615.1,1,2547,-1247.901611328125,473,87,G,N,AAT,0
GCF_055397615.1,Petrimonas sulfuriphila,gyrA_1_Petrimonas sulfuriphila_GCF_055397615.1,1,2547,-1247.901611328125,473,87,H,N,AAT,1
GCF_055397615.1,Petrimonas sulfuriphila,gyrA_1_Petrimonas sulfuriphila_GCF_055397615.1,1,2547,-1247.901611328125,473,87,K,N,AAT,2
GCF_055397615.1,Petrimonas sulfuriphila,gyrA_1_Petrimonas sulfuriphila_GCF_055397615.1,1,2547,-1247.901611328125,473,87,L,N,AAT,0
GCF_055397615.1,Petrimonas sulfuriphila,gyrA_1_Petrimonas sulfuriphila_GCF_055397615.1,1,2547,-1247.901611328125,473,87,N,N,AAT,1
GCF_055397615.1,Petrimonas sulfuriphila,gyrA_1_Petrimonas sulfuriphila_GCF_055397615.1,1,2547,-1247.901611328125,473,87,Q,N,AAT,0
GCF_055397615.1,Petrimonas sulfuriphila,gyrA_1_Petrimonas sulfuriphila_GCF_055397615.1,1,2547,-1247.901611328125,473,87,R,N,AAT,0
GCF_055397615.1,Petrimonas sulfuriphila,gyrA_1_Petrimonas sulfuriphila_GCF_055397615.1,1,2547,-1247.901611328125,473,87,T,N,AAT,1
GCF_055397615.1,Petrimonas sulfuriphila,gyrA_1_Petrimonas sulfuriphila_GCF_055397615.1,1,2547,-1247.901611328125,473,87,V,N,AAT,0
GCF_055397615.1,Petrimonas sulfuriphila,gyrA_1_Petrimonas sulfuriphila_GCF_055397615.1,1,2547,-1247.901611328125,473,87,Y,N,AAT,1
GCF_055397615.1,Petrimonas sulfuriphila,gyrA_1_Petrimonas sulfuriphila_GCF_055397615.1,1,2547,-1247.901611328125,473,101,S,T,ACG,1
GCF_055397615.1,Petrimonas sulfuriphila,gyrA_1_Petrimonas sulfuriphila_GCF_055397615.1,1,2547,-1247.901611328125,473,105,D,G,GGT,1
GCF_055397615.1,Petrimonas sulfuriphila,gyrA_1_Petrimonas sulfuriphila_GCF_055397615.1,1,2547,-1247.901611328125,473,106,H,Q,CAG,2
GCF_055397615.1,Petrimonas sulfuriphila,gyrA_1_Petrimonas sulfuriphila_GCF_055397615.1,1,2547,-1247.901611328125,473,106,L,Q,CAG,1
GCF_055397615.1,Petrimonas sulfuriphila,gyrA_1_Petrimonas sulfuriphila_GCF_055397615.1,1,2547,-1247.901611328125,473,106,R,Q,CAG,1
GCF_055397615.1,Petrimonas sulfuriphila,gyrA_1_Petrimonas sulfuriphila_GCF_055397615.1,1,2547,-1247.901611328125,473,119,S,A,GCT,1
GCF_055397615.1,Petrimonas sulfuriphila,gyrA_1_Petrimonas sulfuriphila_GCF_055397615.1,1,2547,-1247.901611328125,473,119,T,A,GCT,1
GCF_055397615.1,Petrimonas sulfuriphila,gyrA_1_Petrimonas sulfuriphila_GCF_055397615.1,1,2547,-1247.901611328125,473,165,A,N,AAC,0
GCF_055397615.1,Petrimonas sulfuriphila,gyrA_1_Petrimonas sulfuriphila_GCF_055397615.1,1,2547,-1247.901611328125,473,196,E,A,GCA,1
GCF_055397615.1,Petrimonas sulfuriphila,gyrA_1_Petrimonas sulfuriphila_GCF_055397615.1,1,2547,-1247.901611328125,473,386,D,A,GCT,1
GCF_055397225.1,Halodesulfovibrio oceani,gyrA_1_Halodesulfovibrio oceani_GCF_055397225.1,1,2439,-980.04925537109375,449,51,V,A,GCA,1
GCF_055397225.1,Halodesulfovibrio oceani,gyrA_1_Halodesulfovibrio oceani_GCF_055397225.1,1,2439,-980.04925537109375,449,57,K,N,AAC,2
GCF_055397225.1,Halodesulfovibrio oceani,gyrA_1_Halodesulfovibrio oceani_GCF_055397225.1,1,2439,-980.04925537109375,449,67,S,A,GCC,1
GCF_055397225.1,Halodesulfovibrio oceani,gyrA_1_Halodesulfovibrio oceani_GCF_055397225.1,1,2439,-980.04925537109375,449,67,T,A,GCC,1
GCF_055397225.1,Halodesulfovibrio oceani,gyrA_1_Halodesulfovibrio oceani_GCF_055397225.1,1,2439,-980.04925537109375,449,72,G,D,GAC,1
GCF_055397225.1,Halodesulfovibrio oceani,gyrA_1_Halodesulfovibrio oceani_GCF_055397225.1,1,2439,-980.04925537109375,449,72,V,D,GAC,1
GCF_055397225.1,Halodesulfovibrio oceani,gyrA_1_Halodesulfovibrio oceani_GCF_055397225.1,1,2439,-980.04925537109375,449,77,S,Y,TAT,1
GCF_055397225.1,Halodesulfovibrio oceani,gyrA_1_Halodesulfovibrio oceani_GCF_055397225.1,1,2439,-980.04925537109375,449,80,P,H,CAT,1
GCF_055397225.1,Halodesulfovibrio oceani,gyrA_1_Halodesulfovibrio oceani_GCF_055397225.1,1,2439,-980.04925537109375,449,80,R,H,CAT,1
GCF_055397225.1,Halodesulfovibrio oceani,gyrA_1_Halodesulfovibrio oceani_GCF_055397225.1,1,2439,-980.04925537109375,449,81,C,G,GGT,1
GCF_055397225.1,Halodesulfovibrio oceani,gyrA_1_Halodesulfovibrio oceani_GCF_055397225.1,1,2439,-980.04925537109375,449,81,D,G,GGT,1
GCF_055397225.1,Halodesulfovibrio oceani,gyrA_1_Halodesulfovibrio oceani_GCF_055397225.1,1,2439,-980.04925537109375,449,82,G,D,GAC,1
GCF_055397225.1,Halodesulfovibrio oceani,gyrA_1_Halodesulfovibrio oceani_GCF_055397225.1,1,2439,-980.04925537109375,449,82,N,D,GAC,1
GCF_055397225.1,Halodesulfovibrio oceani,gyrA_1_Halodesulfovibrio oceani_GCF_055397225.1,1,2439,-980.04925537109375,449,82,Y,D,GAC,1
GCF_055397225.1,Halodesulfovibrio oceani,gyrA_1_Halodesulfovibrio oceani_GCF_055397225.1,1,2439,-980.04925537109375,449,83,A,S,TCT,1
GCF_055397225.1,Halodesulfovibrio oceani,gyrA_1_Halodesulfovibrio oceani_GCF_055397225.1,1,2439,-980.04925537109375,449,83,F,S,TCT,1
GCF_055397225.1,Halodesulfovibrio oceani,gyrA_1_Halodesulfovibrio oceani_GCF_055397225.1,1,2439,-980.04925537109375,449,83,I,S,TCT,0
GCF_055397225.1,Halodesulfovibrio oceani,gyrA_1_Halodesulfovibrio oceani_GCF_055397225.1,1,2439,-980.04925537109375,449,83,K,S,TCT,0
GCF_055397225.1,Halodesulfovibrio oceani,gyrA_1_Halodesulfovibrio oceani_GCF_055397225.1,1,2439,-980.04925537109375,449,83,L,S,TCT,0
GCF_055397225.1,Halodesulfovibrio oceani,gyrA_1_Halodesulfovibrio oceani_GCF_055397225.1,1,2439,-980.04925537109375,449,83,M,S,TCT,0
GCF_055397225.1,Halodesulfovibrio oceani,gyrA_1_Halodesulfovibrio oceani_GCF_055397225.1,1,2439,-980.04925537109375,449,83,R,S,TCT,0
GCF_055397225.1,Halodesulfovibrio oceani,gyrA_1_Halodesulfovibrio oceani_GCF_055397225.1,1,2439,-980.04925537109375,449,83,S,S,TCT,3
GCF_055397225.1,Halodesulfovibrio oceani,gyrA_1_Halodesulfovibrio oceani_GCF_055397225.1,1,2439,-980.04925537109375,449,83,V,S,TCT,0
GCF_055397225.1,Halodesulfovibrio oceani,gyrA_1_Halodesulfovibrio oceani_GCF_055397225.1,1,2439,-980.04925537109375,449,83,W,S,TCT,0
GCF_055397225.1,Halodesulfovibrio oceani,gyrA_1_Halodesulfovibrio oceani_GCF_055397225.1,1,2439,-980.04925537109375,449,83,Y,S,TCT,1
GCF_055397225.1,Halodesulfovibrio oceani,gyrA_1_Halodesulfovibrio oceani_GCF_055397225.1,1,2439,-980.04925537109375,449,84,A,A,GCT,3
GCF_055397225.1,Halodesulfovibrio oceani,gyrA_1_Halodesulfovibrio oceani_GCF_055397225.1,1,2439,-980.04925537109375,449,84,P,A,GCT,1
GCF_055397225.1,Halodesulfovibrio oceani,gyrA_1_Halodesulfovibrio oceani_GCF_055397225.1,1,2439,-980.04925537109375,449,84,V,A,GCT,1
GCF_055397225.1,Halodesulfovibrio oceani,gyrA_1_Halodesulfovibrio oceani_GCF_055397225.1,1,2439,-980.04925537109375,449,86,N,Y,TAC,1
GCF_055397225.1,Halodesulfovibrio oceani,gyrA_1_Halodesulfovibrio oceani_GCF_055397225.1,1,2439,-980.04925537109375,449,86,Y,Y,TAC,1
GCF_055397225.1,Halodesulfovibrio oceani,gyrA_1_Halodesulfovibrio oceani_GCF_055397225.1,1,2439,-980.04925537109375,449,87,A,D,GAT,1
GCF_055397225.1,Halodesulfovibrio oceani,gyrA_1_Halodesulfovibrio oceani_GCF_055397225.1,1,2439,-980.04925537109375,449,87,G,D,GAT,1
GCF_055397225.1,Halodesulfovibrio oceani,gyrA_1_Halodesulfovibrio oceani_GCF_055397225.1,1,2439,-980.04925537109375,449,87,H,D,GAT,1
GCF_055397225.1,Halodesulfovibrio oceani,gyrA_1_Halodesulfovibrio oceani_GCF_055397225.1,1,2439,-980.04925537109375,449,87,K,D,GAT,0
GCF_055397225.1,Halodesulfovibrio oceani,gyrA_1_Halodesulfovibrio oceani_GCF_055397225.1,1,2439,-980.04925537109375,449,87,L,D,GAT,0
GCF_055397225.1,Halodesulfovibrio oceani,gyrA_1_Halodesulfovibrio oceani_GCF_055397225.1,1,2439,-980.04925537109375,449,87,N,D,GAT,1
GCF_055397225.1,Halodesulfovibrio oceani,gyrA_1_Halodesulfovibrio oceani_GCF_055397225.1,1,2439,-980.04925537109375,449,87,Q,D,GAT,0
GCF_055397225.1,Halodesulfovibrio oceani,gyrA_1_Halodesulfovibrio oceani_GCF_055397225.1,1,2439,-980.04925537109375,449,87,R,D,GAT,0
GCF_055397225.1,Halodesulfovibrio oceani,gyrA_1_Halodesulfovibrio oceani_GCF_055397225.1,1,2439,-980.04925537109375,449,87,T,D,GAT,0
GCF_055397225.1,Halodesulfovibrio oceani,gyrA_1_Halodesulfovibrio oceani_GCF_055397225.1,1,2439,-980.04925537109375,449,87,V,D,GAT,1
GCF_055397225.1,Halodesulfovibrio oceani,gyrA_1_Halodesulfovibrio oceani_GCF_055397225.1,1,2439,-980.04925537109375,449,87,Y,D,GAT,1
GCF_055397225.1,Halodesulfovibrio oceani,gyrA_1_Halodesulfovibrio oceani_GCF_055397225.1,1,2439,-980.04925537109375,449,101,S,P,CCG,1
GCF_055397225.1,Halodesulfovibrio oceani,gyrA_1_Halodesulfovibrio oceani_GCF_055397225.1,1,2439,-980.04925537109375,449,105,D,G,GGC,1
GCF_055397225.1,Halodesulfovibrio oceani,gyrA_1_Halodesulfovibrio oceani_GCF_055397225.1,1,2439,-980.04925537109375,449,106,H,Q,CAG,2
GCF_055397225.1,Halodesulfovibrio oceani,gyrA_1_Halodesulfovibrio oceani_GCF_055397225.1,1,2439,-980.04925537109375,449,106,L,Q,CAG,1
GCF_055397225.1,Halodesulfovibrio oceani,gyrA_1_Halodesulfovibrio oceani_GCF_055397225.1,1,2439,-980.04925537109375,449,106,R,Q,CAG,1
GCF_055397225.1,Halodesulfovibrio oceani,gyrA_1_Halodesulfovibrio oceani_GCF_055397225.1,1,2439,-980.04925537109375,449,119,S,A,GCA,1
GCF_055397225.1,Halodesulfovibrio oceani,gyrA_1_Halodesulfovibrio oceani_GCF_055397225.1,1,2439,-980.04925537109375,449,119,T,A,GCA,1
GCF_055397225.1,Halodesulfovibrio oceani,gyrA_1_Halodesulfovibrio oceani_GCF_055397225.1,1,2439,-980.04925537109375,449,165,A,N,AAC,0
GCF_055397225.1,Halodesulfovibrio oceani,gyrA_1_Halodesulfovibrio oceani_GCF_055397225.1,1,2439,-980.04925537109375,449,196,E,L,CTT,0
GCF_055397225.1,Halodesulfovibrio oceani,gyrA_1_Halodesulfovibrio oceani_GCF_055397225.1,1,2439,-980.04925537109375,449,386,D,A,GCA,0
GCF_055396825.1,Thermaerobacter nagasakiensis,gyrA_1_Thermaerobacter nagasakiensis_GCF_055396825.1,1,2433,-877.711181640625,443,51,V,A,GCC,1
GCF_055396825.1,Thermaerobacter nagasakiensis,gyrA_1_Thermaerobacter nagasakiensis_GCF_055396825.1,1,2433,-877.711181640625,443,57,K,N,AAC,2
GCF_055396825.1,Thermaerobacter nagasakiensis,gyrA_1_Thermaerobacter nagasakiensis_GCF_055396825.1,1,2433,-877.711181640625,443,67,S,A,GCC,1
GCF_055396825.1,Thermaerobacter nagasakiensis,gyrA_1_Thermaerobacter nagasakiensis_GCF_055396825.1,1,2433,-877.711181640625,443,67,T,A,GCC,1
GCF_055396825.1,Thermaerobacter nagasakiensis,gyrA_1_Thermaerobacter nagasakiensis_GCF_055396825.1,1,2433,-877.711181640625,443,72,G,D,GAC,1
GCF_055396825.1,Thermaerobacter nagasakiensis,gyrA_1_Thermaerobacter nagasakiensis_GCF_055396825.1,1,2433,-877.711181640625,443,72,V,D,GAC,1
GCF_055396825.1,Thermaerobacter nagasakiensis,gyrA_1_Thermaerobacter nagasakiensis_GCF_055396825.1,1,2433,-877.711181640625,443,77,S,Y,TAC,1
GCF_055396825.1,Thermaerobacter nagasakiensis,gyrA_1_Thermaerobacter nagasakiensis_GCF_055396825.1,1,2433,-877.711181640625,443,80,P,H,CAC,1
GCF_055396825.1,Thermaerobacter nagasakiensis,gyrA_1_Thermaerobacter nagasakiensis_GCF_055396825.1,1,2433,-877.711181640625,443,80,R,H,CAC,1
GCF_055396825.1,Thermaerobacter nagasakiensis,gyrA_1_Thermaerobacter nagasakiensis_GCF_055396825.1,1,2433,-877.711181640625,443,81,C,G,GGC,1
GCF_055396825.1,Thermaerobacter nagasakiensis,gyrA_1_Thermaerobacter nagasakiensis_GCF_055396825.1,1,2433,-877.711181640625,443,81,D,G,GGC,1
GCF_055396825.1,Thermaerobacter nagasakiensis,gyrA_1_Thermaerobacter nagasakiensis_GCF_055396825.1,1,2433,-877.711181640625,443,82,G,D,GAT,1
GCF_055396825.1,Thermaerobacter nagasakiensis,gyrA_1_Thermaerobacter nagasakiensis_GCF_055396825.1,1,2433,-877.711181640625,443,82,N,D,GAT,1
GCF_055396825.1,Thermaerobacter nagasakiensis,gyrA_1_Thermaerobacter nagasakiensis_GCF_055396825.1,1,2433,-877.711181640625,443,82,Y,D,GAT,1
GCF_055396825.1,Thermaerobacter nagasakiensis,gyrA_1_Thermaerobacter nagasakiensis_GCF_055396825.1,1,2433,-877.711181640625,443,83,A,A,GCC,3
GCF_055396825.1,Thermaerobacter nagasakiensis,gyrA_1_Thermaerobacter nagasakiensis_GCF_055396825.1,1,2433,-877.711181640625,443,83,F,A,GCC,0
GCF_055396825.1,Thermaerobacter nagasakiensis,gyrA_1_Thermaerobacter nagasakiensis_GCF_055396825.1,1,2433,-877.711181640625,443,83,I,A,GCC,0
GCF_055396825.1,Thermaerobacter nagasakiensis,gyrA_1_Thermaerobacter nagasakiensis_GCF_055396825.1,1,2433,-877.711181640625,443,83,K,A,GCC,0
GCF_055396825.1,Thermaerobacter nagasakiensis,gyrA_1_Thermaerobacter nagasakiensis_GCF_055396825.1,1,2433,-877.711181640625,443,83,L,A,GCC,0
GCF_055396825.1,Thermaerobacter nagasakiensis,gyrA_1_Thermaerobacter nagasakiensis_GCF_055396825.1,1,2433,-877.711181640625,443,83,M,A,GCC,0
GCF_055396825.1,Thermaerobacter nagasakiensis,gyrA_1_Thermaerobacter nagasakiensis_GCF_055396825.1,1,2433,-877.711181640625,443,83,R,A,GCC,0
GCF_055396825.1,Thermaerobacter nagasakiensis,gyrA_1_Thermaerobacter nagasakiensis_GCF_055396825.1,1,2433,-877.711181640625,443,83,S,A,GCC,1
GCF_055396825.1,Thermaerobacter nagasakiensis,gyrA_1_Thermaerobacter nagasakiensis_GCF_055396825.1,1,2433,-877.711181640625,443,83,V,A,GCC,1
GCF_055396825.1,Thermaerobacter nagasakiensis,gyrA_1_Thermaerobacter nagasakiensis_GCF_055396825.1,1,2433,-877.711181640625,443,83,W,A,GCC,0
GCF_055396825.1,Thermaerobacter nagasakiensis,gyrA_1_Thermaerobacter nagasakiensis_GCF_055396825.1,1,2433,-877.711181640625,443,83,Y,A,GCC,0
GCF_055396825.1,Thermaerobacter nagasakiensis,gyrA_1_Thermaerobacter nagasakiensis_GCF_055396825.1,1,2433,-877.711181640625,443,84,A,A,GCC,3
GCF_055396825.1,Thermaerobacter nagasakiensis,gyrA_1_Thermaerobacter nagasakiensis_GCF_055396825.1,1,2433,-877.711181640625,443,84,P,A,GCC,1
GCF_055396825.1,Thermaerobacter nagasakiensis,gyrA_1_Thermaerobacter nagasakiensis_GCF_055396825.1,1,2433,-877.711181640625,443,84,V,A,GCC,1
GCF_055396825.1,Thermaerobacter nagasakiensis,gyrA_1_Thermaerobacter nagasakiensis_GCF_055396825.1,1,2433,-877.711181640625,443,86,N,Y,TAC,1
GCF_055396825.1,Thermaerobacter nagasakiensis,gyrA_1_Thermaerobacter nagasakiensis_GCF_055396825.1,1,2433,-877.711181640625,443,86,Y,Y,TAC,1
GCF_055396825.1,Thermaerobacter nagasakiensis,gyrA_1_Thermaerobacter nagasakiensis_GCF_055396825.1,1,2433,-877.711181640625,443,87,A,D,GAC,1
GCF_055396825.1,Thermaerobacter nagasakiensis,gyrA_1_Thermaerobacter nagasakiensis_GCF_055396825.1,1,2433,-877.711181640625,443,87,G,D,GAC,1
GCF_055396825.1,Thermaerobacter nagasakiensis,gyrA_1_Thermaerobacter nagasakiensis_GCF_055396825.1,1,2433,-877.711181640625,443,87,H,D,GAC,1
GCF_055396825.1,Thermaerobacter nagasakiensis,gyrA_1_Thermaerobacter nagasakiensis_GCF_055396825.1,1,2433,-877.711181640625,443,87,K,D,GAC,0
GCF_055396825.1,Thermaerobacter nagasakiensis,gyrA_1_Thermaerobacter nagasakiensis_GCF_055396825.1,1,2433,-877.711181640625,443,87,L,D,GAC,0
GCF_055396825.1,Thermaerobacter nagasakiensis,gyrA_1_Thermaerobacter nagasakiensis_GCF_055396825.1,1,2433,-877.711181640625,443,87,N,D,GAC,1
GCF_055396825.1,Thermaerobacter nagasakiensis,gyrA_1_Thermaerobacter nagasakiensis_GCF_055396825.1,1,2433,-877.711181640625,443,87,Q,D,GAC,0
GCF_055396825.1,Thermaerobacter nagasakiensis,gyrA_1_Thermaerobacter nagasakiensis_GCF_055396825.1,1,2433,-877.711181640625,443,87,R,D,GAC,0
GCF_055396825.1,Thermaerobacter nagasakiensis,gyrA_1_Thermaerobacter nagasakiensis_GCF_055396825.1,1,2433,-877.711181640625,443,87,T,D,GAC,0
GCF_055396825.1,Thermaerobacter nagasakiensis,gyrA_1_Thermaerobacter nagasakiensis_GCF_055396825.1,1,2433,-877.711181640625,443,87,V,D,GAC,1
GCF_055396825.1,Thermaerobacter nagasakiensis,gyrA_1_Thermaerobacter nagasakiensis_GCF_055396825.1,1,2433,-877.711181640625,443,87,Y,D,GAC,1
GCF_055396825.1,Thermaerobacter nagasakiensis,gyrA_1_Thermaerobacter nagasakiensis_GCF_055396825.1,1,2433,-877.711181640625,443,101,S,P,CCG,1
GCF_055396825.1,Thermaerobacter nagasakiensis,gyrA_1_Thermaerobacter nagasakiensis_GCF_055396825.1,1,2433,-877.711181640625,443,105,D,G,GGC,1
GCF_055396825.1,Thermaerobacter nagasakiensis,gyrA_1_Thermaerobacter nagasakiensis_GCF_055396825.1,1,2433,-877.711181640625,443,106,H,H,CAT,1
GCF_055396825.1,Thermaerobacter nagasakiensis,gyrA_1_Thermaerobacter nagasakiensis_GCF_055396825.1,1,2433,-877.711181640625,443,106,L,H,CAT,1
GCF_055396825.1,Thermaerobacter nagasakiensis,gyrA_1_Thermaerobacter nagasakiensis_GCF_055396825.1,1,2433,-877.711181640625,443,106,R,H,CAT,1
GCF_055396825.1,Thermaerobacter nagasakiensis,gyrA_1_Thermaerobacter nagasakiensis_GCF_055396825.1,1,2433,-877.711181640625,443,119,S,A,GCC,1
GCF_055396825.1,Thermaerobacter nagasakiensis,gyrA_1_Thermaerobacter nagasakiensis_GCF_055396825.1,1,2433,-877.711181640625,443,119,T,A,GCC,1
GCF_055396825.1,Thermaerobacter nagasakiensis,gyrA_1_Thermaerobacter nagasakiensis_GCF_055396825.1,1,2433,-877.711181640625,443,165,A,N,AAC,0
GCF_055396825.1,Thermaerobacter nagasakiensis,gyrA_1_Thermaerobacter nagasakiensis_GCF_055396825.1,1,2433,-877.711181640625,443,196,E,H,CAC,0
GCF_055396825.1,Thermaerobacter nagasakiensis,gyrA_1_Thermaerobacter nagasakiensis_GCF_055396825.1,1,2433,-877.711181640625,443,386,D,A,GCC,1
GCF_055396005.1,Pleomorphochaeta naphthae,gyrA_1_Pleomorphochaeta naphthae_GCF_055396005.1,1,2544,-1492.209716796875,499,51,V,D,GAT,1
GCF_055396005.1,Pleomorphochaeta naphthae,gyrA_1_Pleomorphochaeta naphthae_GCF_055396005.1,1,2544,-1492.209716796875,499,57,K,L,TTA,0
GCF_055396005.1,Pleomorphochaeta naphthae,gyrA_1_Pleomorphochaeta naphthae_GCF_055396005.1,1,2544,-1492.209716796875,499,67,S,A,GCT,1
GCF_055396005.1,Pleomorphochaeta naphthae,gyrA_1_Pleomorphochaeta naphthae_GCF_055396005.1,1,2544,-1492.209716796875,499,67,T,A,GCT,1
GCF_055396005.1,Pleomorphochaeta naphthae,gyrA_1_Pleomorphochaeta naphthae_GCF_055396005.1,1,2544,-1492.209716796875,499,72,G,D,GAC,1
GCF_055396005.1,Pleomorphochaeta naphthae,gyrA_1_Pleomorphochaeta naphthae_GCF_055396005.1,1,2544,-1492.209716796875,499,72,V,D,GAC,1
GCF_055396005.1,Pleomorphochaeta naphthae,gyrA_1_Pleomorphochaeta naphthae_GCF_055396005.1,1,2544,-1492.209716796875,499,77,S,Y,TAT,1
GCF_055396005.1,Pleomorphochaeta naphthae,gyrA_1_Pleomorphochaeta naphthae_GCF_055396005.1,1,2544,-1492.209716796875,499,80,P,H,CAT,1
GCF_055396005.1,Pleomorphochaeta naphthae,gyrA_1_Pleomorphochaeta naphthae_GCF_055396005.1,1,2544,-1492.209716796875,499,80,R,H,CAT,1
GCF_055396005.1,Pleomorphochaeta naphthae,gyrA_1_Pleomorphochaeta naphthae_GCF_055396005.1,1,2544,-1492.209716796875,499,81,C,G,GGA,0
GCF_055396005.1,Pleomorphochaeta naphthae,gyrA_1_Pleomorphochaeta naphthae_GCF_055396005.1,1,2544,-1492.209716796875,499,81,D,G,GGA,0
GCF_055396005.1,Pleomorphochaeta naphthae,gyrA_1_Pleomorphochaeta naphthae_GCF_055396005.1,1,2544,-1492.209716796875,499,82,G,D,GAT,1
GCF_055396005.1,Pleomorphochaeta naphthae,gyrA_1_Pleomorphochaeta naphthae_GCF_055396005.1,1,2544,-1492.209716796875,499,82,N,D,GAT,1
GCF_055396005.1,Pleomorphochaeta naphthae,gyrA_1_Pleomorphochaeta naphthae_GCF_055396005.1,1,2544,-1492.209716796875,499,82,Y,D,GAT,1
GCF_055396005.1,Pleomorphochaeta naphthae,gyrA_1_Pleomorphochaeta naphthae_GCF_055396005.1,1,2544,-1492.209716796875,499,83,A,S,AGT,0
GCF_055396005.1,Pleomorphochaeta naphthae,gyrA_1_Pleomorphochaeta naphthae_GCF_055396005.1,1,2544,-1492.209716796875,499,83,F,S,AGT,0
GCF_055396005.1,Pleomorphochaeta naphthae,gyrA_1_Pleomorphochaeta naphthae_GCF_055396005.1,1,2544,-1492.209716796875,499,83,I,S,AGT,1
GCF_055396005.1,Pleomorphochaeta naphthae,gyrA_1_Pleomorphochaeta naphthae_GCF_055396005.1,1,2544,-1492.209716796875,499,83,K,S,AGT,0
GCF_055396005.1,Pleomorphochaeta naphthae,gyrA_1_Pleomorphochaeta naphthae_GCF_055396005.1,1,2544,-1492.209716796875,499,83,L,S,AGT,0
GCF_055396005.1,Pleomorphochaeta naphthae,gyrA_1_Pleomorphochaeta naphthae_GCF_055396005.1,1,2544,-1492.209716796875,499,83,M,S,AGT,0
GCF_055396005.1,Pleomorphochaeta naphthae,gyrA_1_Pleomorphochaeta naphthae_GCF_055396005.1,1,2544,-1492.209716796875,499,83,R,S,AGT,3
GCF_055396005.1,Pleomorphochaeta naphthae,gyrA_1_Pleomorphochaeta naphthae_GCF_055396005.1,1,2544,-1492.209716796875,499,83,S,S,AGT,1
GCF_055396005.1,Pleomorphochaeta naphthae,gyrA_1_Pleomorphochaeta naphthae_GCF_055396005.1,1,2544,-1492.209716796875,499,83,V,S,AGT,0
GCF_055396005.1,Pleomorphochaeta naphthae,gyrA_1_Pleomorphochaeta naphthae_GCF_055396005.1,1,2544,-1492.209716796875,499,83,W,S,AGT,0
GCF_055396005.1,Pleomorphochaeta naphthae,gyrA_1_Pleomorphochaeta naphthae_GCF_055396005.1,1,2544,-1492.209716796875,499,83,Y,S,AGT,0
GCF_055396005.1,Pleomorphochaeta naphthae,gyrA_1_Pleomorphochaeta naphthae_GCF_055396005.1,1,2544,-1492.209716796875,499,84,A,S,TCC,1
GCF_055396005.1,Pleomorphochaeta naphthae,gyrA_1_Pleomorphochaeta naphthae_GCF_055396005.1,1,2544,-1492.209716796875,499,84,P,S,TCC,1
GCF_055396005.1,Pleomorphochaeta naphthae,gyrA_1_Pleomorphochaeta naphthae_GCF_055396005.1,1,2544,-1492.209716796875,499,84,V,S,TCC,0
GCF_055396005.1,Pleomorphochaeta naphthae,gyrA_1_Pleomorphochaeta naphthae_GCF_055396005.1,1,2544,-1492.209716796875,499,86,N,Y,TAT,1
GCF_055396005.1,Pleomorphochaeta naphthae,gyrA_1_Pleomorphochaeta naphthae_GCF_055396005.1,1,2544,-1492.209716796875,499,86,Y,Y,TAT,1
GCF_055396005.1,Pleomorphochaeta naphthae,gyrA_1_Pleomorphochaeta naphthae_GCF_055396005.1,1,2544,-1492.209716796875,499,87,A,E,GAA,1
GCF_055396005.1,Pleomorphochaeta naphthae,gyrA_1_Pleomorphochaeta naphthae_GCF_055396005.1,1,2544,-1492.209716796875,499,87,G,E,GAA,1
GCF_055396005.1,Pleomorphochaeta naphthae,gyrA_1_Pleomorphochaeta naphthae_GCF_055396005.1,1,2544,-1492.209716796875,499,87,H,E,GAA,0
GCF_055396005.1,Pleomorphochaeta naphthae,gyrA_1_Pleomorphochaeta naphthae_GCF_055396005.1,1,2544,-1492.209716796875,499,87,K,E,GAA,1
GCF_055396005.1,Pleomorphochaeta naphthae,gyrA_1_Pleomorphochaeta naphthae_GCF_055396005.1,1,2544,-1492.209716796875,499,87,L,E,GAA,0
GCF_055396005.1,Pleomorphochaeta naphthae,gyrA_1_Pleomorphochaeta naphthae_GCF_055396005.1,1,2544,-1492.209716796875,499,87,N,E,GAA,0
GCF_055396005.1,Pleomorphochaeta naphthae,gyrA_1_Pleomorphochaeta naphthae_GCF_055396005.1,1,2544,-1492.209716796875,499,87,Q,E,GAA,1
GCF_055396005.1,Pleomorphochaeta naphthae,gyrA_1_Pleomorphochaeta naphthae_GCF_055396005.1,1,2544,-1492.209716796875,499,87,R,E,GAA,0
GCF_055396005.1,Pleomorphochaeta naphthae,gyrA_1_Pleomorphochaeta naphthae_GCF_055396005.1,1,2544,-1492.209716796875,499,87,T,E,GAA,0
GCF_055396005.1,Pleomorphochaeta naphthae,gyrA_1_Pleomorphochaeta naphthae_GCF_055396005.1,1,2544,-1492.209716796875,499,87,V,E,GAA,1
GCF_055396005.1,Pleomorphochaeta naphthae,gyrA_1_Pleomorphochaeta naphthae_GCF_055396005.1,1,2544,-1492.209716796875,499,87,Y,E,GAA,0
GCF_055396005.1,Pleomorphochaeta naphthae,gyrA_1_Pleomorphochaeta naphthae_GCF_055396005.1,1,2544,-1492.209716796875,499,101,S,P,CCT,1
GCF_055396005.1,Pleomorphochaeta naphthae,gyrA_1_Pleomorphochaeta naphthae_GCF_055396005.1,1,2544,-1492.209716796875,499,105,D,P,CCG,0
GCF_055396005.1,Pleomorphochaeta naphthae,gyrA_1_Pleomorphochaeta naphthae_GCF_055396005.1,1,2544,-1492.209716796875,499,106,H,Q,CAA,2
GCF_055396005.1,Pleomorphochaeta naphthae,gyrA_1_Pleomorphochaeta naphthae_GCF_055396005.1,1,2544,-1492.209716796875,499,106,L,Q,CAA,1
GCF_055396005.1,Pleomorphochaeta naphthae,gyrA_1_Pleomorphochaeta naphthae_GCF_055396005.1,1,2544,-1492.209716796875,499,106,R,Q,CAA,1
GCF_055396005.1,Pleomorphochaeta naphthae,gyrA_1_Pleomorphochaeta naphthae_GCF_055396005.1,1,2544,-1492.209716796875,499,119,S,A,GCT,1
GCF_055396005.1,Pleomorphochaeta naphthae,gyrA_1_Pleomorphochaeta naphthae_GCF_055396005.1,1,2544,-1492.209716796875,499,119,T,A,GCT,1
GCF_055396005.1,Pleomorphochaeta naphthae,gyrA_1_Pleomorphochaeta naphthae_GCF_055396005.1,1,2544,-1492.209716796875,499,165,A,F,TTT,0
GCF_055396005.1,Pleomorphochaeta naphthae,gyrA_1_Pleomorphochaeta naphthae_GCF_055396005.1,1,2544,-1492.209716796875,499,196,E,A,GCT,0
GCF_055396005.1,Pleomorphochaeta naphthae,gyrA_1_Pleomorphochaeta naphthae_GCF_055396005.1,1,2544,-1492.209716796875,499,386,D,G,GGT,1
GCF_055394725.1,Annamia dubia,gyrA_1_Annamia dubia_GCF_055394725.1,1,2592,-1417.2591552734375,495,51,V,A,GCT,1
GCF_055394725.1,Annamia dubia,gyrA_1_Annamia dubia_GCF_055394725.1,1,2592,-1417.2591552734375,495,57,K,L,TTG,0
GCF_055394725.1,Annamia dubia,gyrA_1_Annamia dubia_GCF_055394725.1,1,2592,-1417.2591552734375,495,67,S,A,GCG,1
GCF_055394725.1,Annamia dubia,gyrA_1_Annamia dubia_GCF_055394725.1,1,2592,-1417.2591552734375,495,67,T,A,GCG,1
GCF_055394725.1,Annamia dubia,gyrA_1_Annamia dubia_GCF_055394725.1,1,2592,-1417.2591552734375,495,72,G,E,GAA,1
GCF_055394725.1,Annamia dubia,gyrA_1_Annamia dubia_GCF_055394725.1,1,2592,-1417.2591552734375,495,72,V,E,GAA,1
GCF_055394725.1,Annamia dubia,gyrA_1_Annamia dubia_GCF_055394725.1,1,2592,-1417.2591552734375,495,77,S,Y,TAT,1
GCF_055394725.1,Annamia dubia,gyrA_1_Annamia dubia_GCF_055394725.1,1,2592,-1417.2591552734375,495,80,P,H,CAC,1
GCF_055394725.1,Annamia dubia,gyrA_1_Annamia dubia_GCF_055394725.1,1,2592,-1417.2591552734375,495,80,R,H,CAC,1
GCF_055394725.1,Annamia dubia,gyrA_1_Annamia dubia_GCF_055394725.1,1,2592,-1417.2591552734375,495,81,C,G,GGT,1
GCF_055394725.1,Annamia dubia,gyrA_1_Annamia dubia_GCF_055394725.1,1,2592,-1417.2591552734375,495,81,D,G,GGT,1
GCF_055394725.1,Annamia dubia,gyrA_1_Annamia dubia_GCF_055394725.1,1,2592,-1417.2591552734375,495,82,G,D,GAT,1
GCF_055394725.1,Annamia dubia,gyrA_1_Annamia dubia_GCF_055394725.1,1,2592,-1417.2591552734375,495,82,N,D,GAT,1
GCF_055394725.1,Annamia dubia,gyrA_1_Annamia dubia_GCF_055394725.1,1,2592,-1417.2591552734375,495,82,Y,D,GAT,1
GCF_055394725.1,Annamia dubia,gyrA_1_Annamia dubia_GCF_055394725.1,1,2592,-1417.2591552734375,495,83,A,T,ACG,1
GCF_055394725.1,Annamia dubia,gyrA_1_Annamia dubia_GCF_055394725.1,1,2592,-1417.2591552734375,495,83,F,T,ACG,0
GCF_055394725.1,Annamia dubia,gyrA_1_Annamia dubia_GCF_055394725.1,1,2592,-1417.2591552734375,495,83,I,T,ACG,0
GCF_055394725.1,Annamia dubia,gyrA_1_Annamia dubia_GCF_055394725.1,1,2592,-1417.2591552734375,495,83,K,T,ACG,1
GCF_055394725.1,Annamia dubia,gyrA_1_Annamia dubia_GCF_055394725.1,1,2592,-1417.2591552734375,495,83,L,T,ACG,0
GCF_055394725.1,Annamia dubia,gyrA_1_Annamia dubia_GCF_055394725.1,1,2592,-1417.2591552734375,495,83,M,T,ACG,1
GCF_055394725.1,Annamia dubia,gyrA_1_Annamia dubia_GCF_055394725.1,1,2592,-1417.2591552734375,495,83,R,T,ACG,1
GCF_055394725.1,Annamia dubia,gyrA_1_Annamia dubia_GCF_055394725.1,1,2592,-1417.2591552734375,495,83,S,T,ACG,1
GCF_055394725.1,Annamia dubia,gyrA_1_Annamia dubia_GCF_055394725.1,1,2592,-1417.2591552734375,495,83,V,T,ACG,0
GCF_055394725.1,Annamia dubia,gyrA_1_Annamia dubia_GCF_055394725.1,1,2592,-1417.2591552734375,495,83,W,T,ACG,0
GCF_055394725.1,Annamia dubia,gyrA_1_Annamia dubia_GCF_055394725.1,1,2592,-1417.2591552734375,495,83,Y,T,ACG,0
GCF_055394725.1,Annamia dubia,gyrA_1_Annamia dubia_GCF_055394725.1,1,2592,-1417.2591552734375,495,84,A,A,GCG,3
GCF_055394725.1,Annamia dubia,gyrA_1_Annamia dubia_GCF_055394725.1,1,2592,-1417.2591552734375,495,84,P,A,GCG,1
GCF_055394725.1,Annamia dubia,gyrA_1_Annamia dubia_GCF_055394725.1,1,2592,-1417.2591552734375,495,84,V,A,GCG,1
GCF_055394725.1,Annamia dubia,gyrA_1_Annamia dubia_GCF_055394725.1,1,2592,-1417.2591552734375,495,86,N,Y,TAT,1
GCF_055394725.1,Annamia dubia,gyrA_1_Annamia dubia_GCF_055394725.1,1,2592,-1417.2591552734375,495,86,Y,Y,TAT,1
GCF_055394725.1,Annamia dubia,gyrA_1_Annamia dubia_GCF_055394725.1,1,2592,-1417.2591552734375,495,87,A,D,GAT,1
GCF_055394725.1,Annamia dubia,gyrA_1_Annamia dubia_GCF_055394725.1,1,2592,-1417.2591552734375,495,87,G,D,GAT,1
GCF_055394725.1,Annamia dubia,gyrA_1_Annamia dubia_GCF_055394725.1,1,2592,-1417.2591552734375,495,87,H,D,GAT,1
GCF_055394725.1,Annamia dubia,gyrA_1_Annamia dubia_GCF_055394725.1,1,2592,-1417.2591552734375,495,87,K,D,GAT,0
GCF_055394725.1,Annamia dubia,gyrA_1_Annamia dubia_GCF_055394725.1,1,2592,-1417.2591552734375,495,87,L,D,GAT,0
GCF_055394725.1,Annamia dubia,gyrA_1_Annamia dubia_GCF_055394725.1,1,2592,-1417.2591552734375,495,87,N,D,GAT,1
GCF_055394725.1,Annamia dubia,gyrA_1_Annamia dubia_GCF_055394725.1,1,2592,-1417.2591552734375,495,87,Q,D,GAT,0
GCF_055394725.1,Annamia dubia,gyrA_1_Annamia dubia_GCF_055394725.1,1,2592,-1417.2591552734375,495,87,R,D,GAT,0
GCF_055394725.1,Annamia dubia,gyrA_1_Annamia dubia_GCF_055394725.1,1,2592,-1417.2591552734375,495,87,T,D,GAT,0
GCF_055394725.1,Annamia dubia,gyrA_1_Annamia dubia_GCF_055394725.1,1,2592,-1417.2591552734375,495,87,V,D,GAT,1
GCF_055394725.1,Annamia dubia,gyrA_1_Annamia dubia_GCF_055394725.1,1,2592,-1417.2591552734375,495,87,Y,D,GAT,1
GCF_055394725.1,Annamia dubia,gyrA_1_Annamia dubia_GCF_055394725.1,1,2592,-1417.2591552734375,495,101,S,P,CCT,1
GCF_055394725.1,Annamia dubia,gyrA_1_Annamia dubia_GCF_055394725.1,1,2592,-1417.2591552734375,495,105,D,G,GGT,1
GCF_055394725.1,Annamia dubia,gyrA_1_Annamia dubia_GCF_055394725.1,1,2592,-1417.2591552734375,495,106,H,H,CAT,1
GCF_055394725.1,Annamia dubia,gyrA_1_Annamia dubia_GCF_055394725.1,1,2592,-1417.2591552734375,495,106,L,H,CAT,1
GCF_055394725.1,Annamia dubia,gyrA_1_Annamia dubia_GCF_055394725.1,1,2592,-1417.2591552734375,495,106,R,H,CAT,1
GCF_055394725.1,Annamia dubia,gyrA_1_Annamia dubia_GCF_055394725.1,1,2592,-1417.2591552734375,495,119,S,A,GCT,1
GCF_055394725.1,Annamia dubia,gyrA_1_Annamia dubia_GCF_055394725.1,1,2592,-1417.2591552734375,495,119,T,A,GCT,1
GCF_055394725.1,Annamia dubia,gyrA_1_Annamia dubia_GCF_055394725.1,1,2592,-1417.2591552734375,495,165,A,Q,CAA,0
GCF_055394725.1,Annamia dubia,gyrA_1_Annamia dubia_GCF_055394725.1,1,2592,-1417.2591552734375,495,196,E,A,GCT,0
GCF_055394725.1,Annamia dubia,gyrA_1_Annamia dubia_GCF_055394725.1,1,2592,-1417.2591552734375,495,386,D,A,GCT,1
GCF_055392955.1,Aurantivibrio plasticivorans,gyrA_1_Aurantivibrio plasticivorans_GCF_055392955.1,1,2589,642.3858642578125,296,51,V,A,GCA,1
GCF_055392955.1,Aurantivibrio plasticivorans,gyrA_1_Aurantivibrio plasticivorans_GCF_055392955.1,1,2589,642.3858642578125,296,57,K,N,AAC,2
GCF_055392955.1,Aurantivibrio plasticivorans,gyrA_1_Aurantivibrio plasticivorans_GCF_055392955.1,1,2589,642.3858642578125,296,67,S,A,GCC,1
GCF_055392955.1,Aurantivibrio plasticivorans,gyrA_1_Aurantivibrio plasticivorans_GCF_055392955.1,1,2589,642.3858642578125,296,67,T,A,GCC,1
GCF_055392955.1,Aurantivibrio plasticivorans,gyrA_1_Aurantivibrio plasticivorans_GCF_055392955.1,1,2589,642.3858642578125,296,72,G,D,GAC,1
GCF_055392955.1,Aurantivibrio plasticivorans,gyrA_1_Aurantivibrio plasticivorans_GCF_055392955.1,1,2589,642.3858642578125,296,72,V,D,GAC,1
GCF_055392955.1,Aurantivibrio plasticivorans,gyrA_1_Aurantivibrio plasticivorans_GCF_055392955.1,1,2589,642.3858642578125,296,77,S,Y,TAT,1
GCF_055392955.1,Aurantivibrio plasticivorans,gyrA_1_Aurantivibrio plasticivorans_GCF_055392955.1,1,2589,642.3858642578125,296,80,P,H,CAT,1
GCF_055392955.1,Aurantivibrio plasticivorans,gyrA_1_Aurantivibrio plasticivorans_GCF_055392955.1,1,2589,642.3858642578125,296,80,R,H,CAT,1
GCF_055392955.1,Aurantivibrio plasticivorans,gyrA_1_Aurantivibrio plasticivorans_GCF_055392955.1,1,2589,642.3858642578125,296,81,C,G,GGT,1
GCF_055392955.1,Aurantivibrio plasticivorans,gyrA_1_Aurantivibrio plasticivorans_GCF_055392955.1,1,2589,642.3858642578125,296,81,D,G,GGT,1
GCF_055392955.1,Aurantivibrio plasticivorans,gyrA_1_Aurantivibrio plasticivorans_GCF_055392955.1,1,2589,642.3858642578125,296,82,G,D,GAT,1
GCF_055392955.1,Aurantivibrio plasticivorans,gyrA_1_Aurantivibrio plasticivorans_GCF_055392955.1,1,2589,642.3858642578125,296,82,N,D,GAT,1
GCF_055392955.1,Aurantivibrio plasticivorans,gyrA_1_Aurantivibrio plasticivorans_GCF_055392955.1,1,2589,642.3858642578125,296,82,Y,D,GAT,1
GCF_055392955.1,Aurantivibrio plasticivorans,gyrA_1_Aurantivibrio plasticivorans_GCF_055392955.1,1,2589,642.3858642578125,296,83,A,S,TCT,1
GCF_055392955.1,Aurantivibrio plasticivorans,gyrA_1_Aurantivibrio plasticivorans_GCF_055392955.1,1,2589,642.3858642578125,296,83,F,S,TCT,1
GCF_055392955.1,Aurantivibrio plasticivorans,gyrA_1_Aurantivibrio plasticivorans_GCF_055392955.1,1,2589,642.3858642578125,296,83,I,S,TCT,0
GCF_055392955.1,Aurantivibrio plasticivorans,gyrA_1_Aurantivibrio plasticivorans_GCF_055392955.1,1,2589,642.3858642578125,296,83,K,S,TCT,0
GCF_055392955.1,Aurantivibrio plasticivorans,gyrA_1_Aurantivibrio plasticivorans_GCF_055392955.1,1,2589,642.3858642578125,296,83,L,S,TCT,0
GCF_055392955.1,Aurantivibrio plasticivorans,gyrA_1_Aurantivibrio plasticivorans_GCF_055392955.1,1,2589,642.3858642578125,296,83,M,S,TCT,0
GCF_055392955.1,Aurantivibrio plasticivorans,gyrA_1_Aurantivibrio plasticivorans_GCF_055392955.1,1,2589,642.3858642578125,296,83,R,S,TCT,0
GCF_055392955.1,Aurantivibrio plasticivorans,gyrA_1_Aurantivibrio plasticivorans_GCF_055392955.1,1,2589,642.3858642578125,296,83,S,S,TCT,3
GCF_055392955.1,Aurantivibrio plasticivorans,gyrA_1_Aurantivibrio plasticivorans_GCF_055392955.1,1,2589,642.3858642578125,296,83,V,S,TCT,0
GCF_055392955.1,Aurantivibrio plasticivorans,gyrA_1_Aurantivibrio plasticivorans_GCF_055392955.1,1,2589,642.3858642578125,296,83,W,S,TCT,0
GCF_055392955.1,Aurantivibrio plasticivorans,gyrA_1_Aurantivibrio plasticivorans_GCF_055392955.1,1,2589,642.3858642578125,296,83,Y,S,TCT,1
GCF_055392955.1,Aurantivibrio plasticivorans,gyrA_1_Aurantivibrio plasticivorans_GCF_055392955.1,1,2589,642.3858642578125,296,84,A,A,GCT,3
GCF_055392955.1,Aurantivibrio plasticivorans,gyrA_1_Aurantivibrio plasticivorans_GCF_055392955.1,1,2589,642.3858642578125,296,84,P,A,GCT,1
GCF_055392955.1,Aurantivibrio plasticivorans,gyrA_1_Aurantivibrio plasticivorans_GCF_055392955.1,1,2589,642.3858642578125,296,84,V,A,GCT,1
GCF_055392955.1,Aurantivibrio plasticivorans,gyrA_1_Aurantivibrio plasticivorans_GCF_055392955.1,1,2589,642.3858642578125,296,86,N,Y,TAT,1
GCF_055392955.1,Aurantivibrio plasticivorans,gyrA_1_Aurantivibrio plasticivorans_GCF_055392955.1,1,2589,642.3858642578125,296,86,Y,Y,TAT,1
GCF_055392955.1,Aurantivibrio plasticivorans,gyrA_1_Aurantivibrio plasticivorans_GCF_055392955.1,1,2589,642.3858642578125,296,87,A,D,GAC,1
GCF_055392955.1,Aurantivibrio plasticivorans,gyrA_1_Aurantivibrio plasticivorans_GCF_055392955.1,1,2589,642.3858642578125,296,87,G,D,GAC,1
GCF_055392955.1,Aurantivibrio plasticivorans,gyrA_1_Aurantivibrio plasticivorans_GCF_055392955.1,1,2589,642.3858642578125,296,87,H,D,GAC,1
GCF_055392955.1,Aurantivibrio plasticivorans,gyrA_1_Aurantivibrio plasticivorans_GCF_055392955.1,1,2589,642.3858642578125,296,87,K,D,GAC,0
GCF_055392955.1,Aurantivibrio plasticivorans,gyrA_1_Aurantivibrio plasticivorans_GCF_055392955.1,1,2589,642.3858642578125,296,87,L,D,GAC,0
GCF_055392955.1,Aurantivibrio plasticivorans,gyrA_1_Aurantivibrio plasticivorans_GCF_055392955.1,1,2589,642.3858642578125,296,87,N,D,GAC,1
GCF_055392955.1,Aurantivibrio plasticivorans,gyrA_1_Aurantivibrio plasticivorans_GCF_055392955.1,1,2589,642.3858642578125,296,87,Q,D,GAC,0
GCF_055392955.1,Aurantivibrio plasticivorans,gyrA_1_Aurantivibrio plasticivorans_GCF_055392955.1,1,2589,642.3858642578125,296,87,R,D,GAC,0
GCF_055392955.1,Aurantivibrio plasticivorans,gyrA_1_Aurantivibrio plasticivorans_GCF_055392955.1,1,2589,642.3858642578125,296,87,T,D,GAC,0
GCF_055392955.1,Aurantivibrio plasticivorans,gyrA_1_Aurantivibrio plasticivorans_GCF_055392955.1,1,2589,642.3858642578125,296,87,V,D,GAC,1
GCF_055392955.1,Aurantivibrio plasticivorans,gyrA_1_Aurantivibrio plasticivorans_GCF_055392955.1,1,2589,642.3858642578125,296,87,Y,D,GAC,1
GCF_055392955.1,Aurantivibrio plasticivorans,gyrA_1_Aurantivibrio plasticivorans_GCF_055392955.1,1,2589,642.3858642578125,296,101,S,M,ATG,0
GCF_055392955.1,Aurantivibrio plasticivorans,gyrA_1_Aurantivibrio plasticivorans_GCF_055392955.1,1,2589,642.3858642578125,296,105,D,G,GGT,1
GCF_055392955.1,Aurantivibrio plasticivorans,gyrA_1_Aurantivibrio plasticivorans_GCF_055392955.1,1,2589,642.3858642578125,296,106,H,Q,CAA,2
GCF_055392955.1,Aurantivibrio plasticivorans,gyrA_1_Aurantivibrio plasticivorans_GCF_055392955.1,1,2589,642.3858642578125,296,106,L,Q,CAA,1
GCF_055392955.1,Aurantivibrio plasticivorans,gyrA_1_Aurantivibrio plasticivorans_GCF_055392955.1,1,2589,642.3858642578125,296,106,R,Q,CAA,1
GCF_055392955.1,Aurantivibrio plasticivorans,gyrA_1_Aurantivibrio plasticivorans_GCF_055392955.1,1,2589,642.3858642578125,296,119,S,A,GCT,1
GCF_055392955.1,Aurantivibrio plasticivorans,gyrA_1_Aurantivibrio plasticivorans_GCF_055392955.1,1,2589,642.3858642578125,296,119,T,A,GCT,1
GCF_055392955.1,Aurantivibrio plasticivorans,gyrA_1_Aurantivibrio plasticivorans_GCF_055392955.1,1,2589,642.3858642578125,296,165,A,N,AAC,0
GCF_055392955.1,Aurantivibrio plasticivorans,gyrA_1_Aurantivibrio plasticivorans_GCF_055392955.1,1,2589,642.3858642578125,296,196,E,A,GCG,1
GCF_055392955.1,Aurantivibrio plasticivorans,gyrA_1_Aurantivibrio plasticivorans_GCF_055392955.1,1,2589,642.3858642578125,296,386,D,A,GCG,0
GCF_055391795.1,Leeuwenhoekiella obamensis,gyrA_1_Leeuwenhoekiella obamensis_GCF_055391795.1,1,2541,-976.049560546875,451,51,V,G,GGA,1
GCF_055391795.1,Leeuwenhoekiella obamensis,gyrA_1_Leeuwenhoekiella obamensis_GCF_055391795.1,1,2541,-976.049560546875,451,57,K,V,GTT,0
GCF_055391795.1,Leeuwenhoekiella obamensis,gyrA_1_Leeuwenhoekiella obamensis_GCF_055391795.1,1,2541,-976.049560546875,451,67,S,A,GCT,1
GCF_055391795.1,Leeuwenhoekiella obamensis,gyrA_1_Leeuwenhoekiella obamensis_GCF_055391795.1,1,2541,-976.049560546875,451,67,T,A,GCT,1
GCF_055391795.1,Leeuwenhoekiella obamensis,gyrA_1_Leeuwenhoekiella obamensis_GCF_055391795.1,1,2541,-976.049560546875,451,72,G,E,GAG,1
GCF_055391795.1,Leeuwenhoekiella obamensis,gyrA_1_Leeuwenhoekiella obamensis_GCF_055391795.1,1,2541,-976.049560546875,451,72,V,E,GAG,1
GCF_055391795.1,Leeuwenhoekiella obamensis,gyrA_1_Leeuwenhoekiella obamensis_GCF_055391795.1,1,2541,-976.049560546875,451,77,S,Y,TAT,1
GCF_055391795.1,Leeuwenhoekiella obamensis,gyrA_1_Leeuwenhoekiella obamensis_GCF_055391795.1,1,2541,-976.049560546875,451,80,P,H,CAC,1
GCF_055391795.1,Leeuwenhoekiella obamensis,gyrA_1_Leeuwenhoekiella obamensis_GCF_055391795.1,1,2541,-976.049560546875,451,80,R,H,CAC,1
GCF_055391795.1,Leeuwenhoekiella obamensis,gyrA_1_Leeuwenhoekiella obamensis_GCF_055391795.1,1,2541,-976.049560546875,451,81,C,G,GGT,1
GCF_055391795.1,Leeuwenhoekiella obamensis,gyrA_1_Leeuwenhoekiella obamensis_GCF_055391795.1,1,2541,-976.049560546875,451,81,D,G,GGT,1
GCF_055391795.1,Leeuwenhoekiella obamensis,gyrA_1_Leeuwenhoekiella obamensis_GCF_055391795.1,1,2541,-976.049560546875,451,82,G,D,GAT,1
GCF_055391795.1,Leeuwenhoekiella obamensis,gyrA_1_Leeuwenhoekiella obamensis_GCF_055391795.1,1,2541,-976.049560546875,451,82,N,D,GAT,1
GCF_055391795.1,Leeuwenhoekiella obamensis,gyrA_1_Leeuwenhoekiella obamensis_GCF_055391795.1,1,2541,-976.049560546875,451,82,Y,D,GAT,1
GCF_055391795.1,Leeuwenhoekiella obamensis,gyrA_1_Leeuwenhoekiella obamensis_GCF_055391795.1,1,2541,-976.049560546875,451,83,A,S,TCA,1
GCF_055391795.1,Leeuwenhoekiella obamensis,gyrA_1_Leeuwenhoekiella obamensis_GCF_055391795.1,1,2541,-976.049560546875,451,83,F,S,TCA,0
GCF_055391795.1,Leeuwenhoekiella obamensis,gyrA_1_Leeuwenhoekiella obamensis_GCF_055391795.1,1,2541,-976.049560546875,451,83,I,S,TCA,0
GCF_055391795.1,Leeuwenhoekiella obamensis,gyrA_1_Leeuwenhoekiella obamensis_GCF_055391795.1,1,2541,-976.049560546875,451,83,K,S,TCA,0
GCF_055391795.1,Leeuwenhoekiella obamensis,gyrA_1_Leeuwenhoekiella obamensis_GCF_055391795.1,1,2541,-976.049560546875,451,83,L,S,TCA,1
GCF_055391795.1,Leeuwenhoekiella obamensis,gyrA_1_Leeuwenhoekiella obamensis_GCF_055391795.1,1,2541,-976.049560546875,451,83,M,S,TCA,0
GCF_055391795.1,Leeuwenhoekiella obamensis,gyrA_1_Leeuwenhoekiella obamensis_GCF_055391795.1,1,2541,-976.049560546875,451,83,R,S,TCA,0
GCF_055391795.1,Leeuwenhoekiella obamensis,gyrA_1_Leeuwenhoekiella obamensis_GCF_055391795.1,1,2541,-976.049560546875,451,83,S,S,TCA,3
GCF_055391795.1,Leeuwenhoekiella obamensis,gyrA_1_Leeuwenhoekiella obamensis_GCF_055391795.1,1,2541,-976.049560546875,451,83,V,S,TCA,0
GCF_055391795.1,Leeuwenhoekiella obamensis,gyrA_1_Leeuwenhoekiella obamensis_GCF_055391795.1,1,2541,-976.049560546875,451,83,W,S,TCA,0
GCF_055391795.1,Leeuwenhoekiella obamensis,gyrA_1_Leeuwenhoekiella obamensis_GCF_055391795.1,1,2541,-976.049560546875,451,83,Y,S,TCA,0
GCF_055391795.1,Leeuwenhoekiella obamensis,gyrA_1_Leeuwenhoekiella obamensis_GCF_055391795.1,1,2541,-976.049560546875,451,84,A,S,TCT,1
GCF_055391795.1,Leeuwenhoekiella obamensis,gyrA_1_Leeuwenhoekiella obamensis_GCF_055391795.1,1,2541,-976.049560546875,451,84,P,S,TCT,1
GCF_055391795.1,Leeuwenhoekiella obamensis,gyrA_1_Leeuwenhoekiella obamensis_GCF_055391795.1,1,2541,-976.049560546875,451,84,V,S,TCT,0
GCF_055391795.1,Leeuwenhoekiella obamensis,gyrA_1_Leeuwenhoekiella obamensis_GCF_055391795.1,1,2541,-976.049560546875,451,86,N,Y,TAC,1
GCF_055391795.1,Leeuwenhoekiella obamensis,gyrA_1_Leeuwenhoekiella obamensis_GCF_055391795.1,1,2541,-976.049560546875,451,86,Y,Y,TAC,1
GCF_055391795.1,Leeuwenhoekiella obamensis,gyrA_1_Leeuwenhoekiella obamensis_GCF_055391795.1,1,2541,-976.049560546875,451,87,A,D,GAC,1
GCF_055391795.1,Leeuwenhoekiella obamensis,gyrA_1_Leeuwenhoekiella obamensis_GCF_055391795.1,1,2541,-976.049560546875,451,87,G,D,GAC,1
GCF_055391795.1,Leeuwenhoekiella obamensis,gyrA_1_Leeuwenhoekiella obamensis_GCF_055391795.1,1,2541,-976.049560546875,451,87,H,D,GAC,1
GCF_055391795.1,Leeuwenhoekiella obamensis,gyrA_1_Leeuwenhoekiella obamensis_GCF_055391795.1,1,2541,-976.049560546875,451,87,K,D,GAC,0
GCF_055391795.1,Leeuwenhoekiella obamensis,gyrA_1_Leeuwenhoekiella obamensis_GCF_055391795.1,1,2541,-976.049560546875,451,87,L,D,GAC,0
GCF_055391795.1,Leeuwenhoekiella obamensis,gyrA_1_Leeuwenhoekiella obamensis_GCF_055391795.1,1,2541,-976.049560546875,451,87,N,D,GAC,1
GCF_055391795.1,Leeuwenhoekiella obamensis,gyrA_1_Leeuwenhoekiella obamensis_GCF_055391795.1,1,2541,-976.049560546875,451,87,Q,D,GAC,0
GCF_055391795.1,Leeuwenhoekiella obamensis,gyrA_1_Leeuwenhoekiella obamensis_GCF_055391795.1,1,2541,-976.049560546875,451,87,R,D,GAC,0
GCF_055391795.1,Leeuwenhoekiella obamensis,gyrA_1_Leeuwenhoekiella obamensis_GCF_055391795.1,1,2541,-976.049560546875,451,87,T,D,GAC,0
GCF_055391795.1,Leeuwenhoekiella obamensis,gyrA_1_Leeuwenhoekiella obamensis_GCF_055391795.1,1,2541,-976.049560546875,451,87,V,D,GAC,1
GCF_055391795.1,Leeuwenhoekiella obamensis,gyrA_1_Leeuwenhoekiella obamensis_GCF_055391795.1,1,2541,-976.049560546875,451,87,Y,D,GAC,1
GCF_055391795.1,Leeuwenhoekiella obamensis,gyrA_1_Leeuwenhoekiella obamensis_GCF_055391795.1,1,2541,-976.049560546875,451,101,S,L,TTA,1
GCF_055391795.1,Leeuwenhoekiella obamensis,gyrA_1_Leeuwenhoekiella obamensis_GCF_055391795.1,1,2541,-976.049560546875,451,105,D,G,GGT,1
GCF_055391795.1,Leeuwenhoekiella obamensis,gyrA_1_Leeuwenhoekiella obamensis_GCF_055391795.1,1,2541,-976.049560546875,451,106,H,Q,CAG,2
GCF_055391795.1,Leeuwenhoekiella obamensis,gyrA_1_Leeuwenhoekiella obamensis_GCF_055391795.1,1,2541,-976.049560546875,451,106,L,Q,CAG,1
GCF_055391795.1,Leeuwenhoekiella obamensis,gyrA_1_Leeuwenhoekiella obamensis_GCF_055391795.1,1,2541,-976.049560546875,451,106,R,Q,CAG,1
GCF_055391795.1,Leeuwenhoekiella obamensis,gyrA_1_Leeuwenhoekiella obamensis_GCF_055391795.1,1,2541,-976.049560546875,451,119,S,A,GCA,1
GCF_055391795.1,Leeuwenhoekiella obamensis,gyrA_1_Leeuwenhoekiella obamensis_GCF_055391795.1,1,2541,-976.049560546875,451,119,T,A,GCA,1
GCF_055391795.1,Leeuwenhoekiella obamensis,gyrA_1_Leeuwenhoekiella obamensis_GCF_055391795.1,1,2541,-976.049560546875,451,165,A,G,GGA,1
GCF_055391795.1,Leeuwenhoekiella obamensis,gyrA_1_Leeuwenhoekiella obamensis_GCF_055391795.1,1,2541,-976.049560546875,451,196,E,A,GCT,0
GCF_055391795.1,Leeuwenhoekiella obamensis,gyrA_1_Leeuwenhoekiella obamensis_GCF_055391795.1,1,2541,-976.049560546875,451,386,D,A,GCT,1
GCF_055390895.1,Lactivibrio alcoholicus,gyrA_1_Lactivibrio alcoholicus_GCF_055390895.1,1,2511,-1306.161865234375,477,51,V,A,GCG,1
GCF_055390895.1,Lactivibrio alcoholicus,gyrA_1_Lactivibrio alcoholicus_GCF_055390895.1,1,2511,-1306.161865234375,477,57,K,L,CTC,0
GCF_055390895.1,Lactivibrio alcoholicus,gyrA_1_Lactivibrio alcoholicus_GCF_055390895.1,1,2511,-1306.161865234375,477,67,S,A,GCG,1
GCF_055390895.1,Lactivibrio alcoholicus,gyrA_1_Lactivibrio alcoholicus_GCF_055390895.1,1,2511,-1306.161865234375,477,67,T,A,GCG,1
GCF_055390895.1,Lactivibrio alcoholicus,gyrA_1_Lactivibrio alcoholicus_GCF_055390895.1,1,2511,-1306.161865234375,477,72,G,E,GAA,1
GCF_055390895.1,Lactivibrio alcoholicus,gyrA_1_Lactivibrio alcoholicus_GCF_055390895.1,1,2511,-1306.161865234375,477,72,V,E,GAA,1
GCF_055390895.1,Lactivibrio alcoholicus,gyrA_1_Lactivibrio alcoholicus_GCF_055390895.1,1,2511,-1306.161865234375,477,77,S,Y,TAC,1
GCF_055390895.1,Lactivibrio alcoholicus,gyrA_1_Lactivibrio alcoholicus_GCF_055390895.1,1,2511,-1306.161865234375,477,80,P,H,CAC,1
GCF_055390895.1,Lactivibrio alcoholicus,gyrA_1_Lactivibrio alcoholicus_GCF_055390895.1,1,2511,-1306.161865234375,477,80,R,H,CAC,1
GCF_055390895.1,Lactivibrio alcoholicus,gyrA_1_Lactivibrio alcoholicus_GCF_055390895.1,1,2511,-1306.161865234375,477,81,C,G,GGG,0
GCF_055390895.1,Lactivibrio alcoholicus,gyrA_1_Lactivibrio alcoholicus_GCF_055390895.1,1,2511,-1306.161865234375,477,81,D,G,GGG,0
GCF_055390895.1,Lactivibrio alcoholicus,gyrA_1_Lactivibrio alcoholicus_GCF_055390895.1,1,2511,-1306.161865234375,477,82,G,D,GAC,1
GCF_055390895.1,Lactivibrio alcoholicus,gyrA_1_Lactivibrio alcoholicus_GCF_055390895.1,1,2511,-1306.161865234375,477,82,N,D,GAC,1
GCF_055390895.1,Lactivibrio alcoholicus,gyrA_1_Lactivibrio alcoholicus_GCF_055390895.1,1,2511,-1306.161865234375,477,82,Y,D,GAC,1
GCF_055390895.1,Lactivibrio alcoholicus,gyrA_1_Lactivibrio alcoholicus_GCF_055390895.1,1,2511,-1306.161865234375,477,83,A,S,TCG,1
GCF_055390895.1,Lactivibrio alcoholicus,gyrA_1_Lactivibrio alcoholicus_GCF_055390895.1,1,2511,-1306.161865234375,477,83,F,S,TCG,0
GCF_055390895.1,Lactivibrio alcoholicus,gyrA_1_Lactivibrio alcoholicus_GCF_055390895.1,1,2511,-1306.161865234375,477,83,I,S,TCG,0
GCF_055390895.1,Lactivibrio alcoholicus,gyrA_1_Lactivibrio alcoholicus_GCF_055390895.1,1,2511,-1306.161865234375,477,83,K,S,TCG,0
GCF_055390895.1,Lactivibrio alcoholicus,gyrA_1_Lactivibrio alcoholicus_GCF_055390895.1,1,2511,-1306.161865234375,477,83,L,S,TCG,1
GCF_055390895.1,Lactivibrio alcoholicus,gyrA_1_Lactivibrio alcoholicus_GCF_055390895.1,1,2511,-1306.161865234375,477,83,M,S,TCG,0
GCF_055390895.1,Lactivibrio alcoholicus,gyrA_1_Lactivibrio alcoholicus_GCF_055390895.1,1,2511,-1306.161865234375,477,83,R,S,TCG,0
GCF_055390895.1,Lactivibrio alcoholicus,gyrA_1_Lactivibrio alcoholicus_GCF_055390895.1,1,2511,-1306.161865234375,477,83,S,S,TCG,3
GCF_055390895.1,Lactivibrio alcoholicus,gyrA_1_Lactivibrio alcoholicus_GCF_055390895.1,1,2511,-1306.161865234375,477,83,V,S,TCG,0
GCF_055390895.1,Lactivibrio alcoholicus,gyrA_1_Lactivibrio alcoholicus_GCF_055390895.1,1,2511,-1306.161865234375,477,83,W,S,TCG,1
GCF_055390895.1,Lactivibrio alcoholicus,gyrA_1_Lactivibrio alcoholicus_GCF_055390895.1,1,2511,-1306.161865234375,477,83,Y,S,TCG,0
GCF_055390895.1,Lactivibrio alcoholicus,gyrA_1_Lactivibrio alcoholicus_GCF_055390895.1,1,2511,-1306.161865234375,477,84,A,S,TCG,1
GCF_055390895.1,Lactivibrio alcoholicus,gyrA_1_Lactivibrio alcoholicus_GCF_055390895.1,1,2511,-1306.161865234375,477,84,P,S,TCG,1
GCF_055390895.1,Lactivibrio alcoholicus,gyrA_1_Lactivibrio alcoholicus_GCF_055390895.1,1,2511,-1306.161865234375,477,84,V,S,TCG,0
GCF_055390895.1,Lactivibrio alcoholicus,gyrA_1_Lactivibrio alcoholicus_GCF_055390895.1,1,2511,-1306.161865234375,477,86,N,Y,TAC,1
GCF_055390895.1,Lactivibrio alcoholicus,gyrA_1_Lactivibrio alcoholicus_GCF_055390895.1,1,2511,-1306.161865234375,477,86,Y,Y,TAC,1
GCF_055390895.1,Lactivibrio alcoholicus,gyrA_1_Lactivibrio alcoholicus_GCF_055390895.1,1,2511,-1306.161865234375,477,87,A,D,GAC,1
GCF_055390895.1,Lactivibrio alcoholicus,gyrA_1_Lactivibrio alcoholicus_GCF_055390895.1,1,2511,-1306.161865234375,477,87,G,D,GAC,1
GCF_055390895.1,Lactivibrio alcoholicus,gyrA_1_Lactivibrio alcoholicus_GCF_055390895.1,1,2511,-1306.161865234375,477,87,H,D,GAC,1
GCF_055390895.1,Lactivibrio alcoholicus,gyrA_1_Lactivibrio alcoholicus_GCF_055390895.1,1,2511,-1306.161865234375,477,87,K,D,GAC,0
GCF_055390895.1,Lactivibrio alcoholicus,gyrA_1_Lactivibrio alcoholicus_GCF_055390895.1,1,2511,-1306.161865234375,477,87,L,D,GAC,0
GCF_055390895.1,Lactivibrio alcoholicus,gyrA_1_Lactivibrio alcoholicus_GCF_055390895.1,1,2511,-1306.161865234375,477,87,N,D,GAC,1
GCF_055390895.1,Lactivibrio alcoholicus,gyrA_1_Lactivibrio alcoholicus_GCF_055390895.1,1,2511,-1306.161865234375,477,87,Q,D,GAC,0
GCF_055390895.1,Lactivibrio alcoholicus,gyrA_1_Lactivibrio alcoholicus_GCF_055390895.1,1,2511,-1306.161865234375,477,87,R,D,GAC,0
GCF_055390895.1,Lactivibrio alcoholicus,gyrA_1_Lactivibrio alcoholicus_GCF_055390895.1,1,2511,-1306.161865234375,477,87,T,D,GAC,0
GCF_055390895.1,Lactivibrio alcoholicus,gyrA_1_Lactivibrio alcoholicus_GCF_055390895.1,1,2511,-1306.161865234375,477,87,V,D,GAC,1
GCF_055390895.1,Lactivibrio alcoholicus,gyrA_1_Lactivibrio alcoholicus_GCF_055390895.1,1,2511,-1306.161865234375,477,87,Y,D,GAC,1
GCF_055390895.1,Lactivibrio alcoholicus,gyrA_1_Lactivibrio alcoholicus_GCF_055390895.1,1,2511,-1306.161865234375,477,101,S,T,ACG,1
GCF_055390895.1,Lactivibrio alcoholicus,gyrA_1_Lactivibrio alcoholicus_GCF_055390895.1,1,2511,-1306.161865234375,477,105,D,G,GGT,1
GCF_055390895.1,Lactivibrio alcoholicus,gyrA_1_Lactivibrio alcoholicus_GCF_055390895.1,1,2511,-1306.161865234375,477,106,H,Q,CAG,2
GCF_055390895.1,Lactivibrio alcoholicus,gyrA_1_Lactivibrio alcoholicus_GCF_055390895.1,1,2511,-1306.161865234375,477,106,L,Q,CAG,1
GCF_055390895.1,Lactivibrio alcoholicus,gyrA_1_Lactivibrio alcoholicus_GCF_055390895.1,1,2511,-1306.161865234375,477,106,R,Q,CAG,1
GCF_055390895.1,Lactivibrio alcoholicus,gyrA_1_Lactivibrio alcoholicus_GCF_055390895.1,1,2511,-1306.161865234375,477,119,S,A,GCG,1
GCF_055390895.1,Lactivibrio alcoholicus,gyrA_1_Lactivibrio alcoholicus_GCF_055390895.1,1,2511,-1306.161865234375,477,119,T,A,GCG,1
GCF_055390895.1,Lactivibrio alcoholicus,gyrA_1_Lactivibrio alcoholicus_GCF_055390895.1,1,2511,-1306.161865234375,477,165,A,N,AAC,0
GCF_055390895.1,Lactivibrio alcoholicus,gyrA_1_Lactivibrio alcoholicus_GCF_055390895.1,1,2511,-1306.161865234375,477,196,E,Y,TAC,0
GCF_055390895.1,Lactivibrio alcoholicus,gyrA_1_Lactivibrio alcoholicus_GCF_055390895.1,1,2511,-1306.161865234375,477,386,D,A,GCG,0
GCF_055389805.1,Desulfuromusa ferrireducens,gyrA_1_Desulfuromusa ferrireducens_GCF_055389805.1,1,2499,-435.5314025878906,396,51,V,A,GCG,1
GCF_055389805.1,Desulfuromusa ferrireducens,gyrA_1_Desulfuromusa ferrireducens_GCF_055389805.1,1,2499,-435.5314025878906,396,57,K,N,AAT,2
GCF_055389805.1,Desulfuromusa ferrireducens,gyrA_1_Desulfuromusa ferrireducens_GCF_055389805.1,1,2499,-435.5314025878906,396,67,S,A,GCC,1
GCF_055389805.1,Desulfuromusa ferrireducens,gyrA_1_Desulfuromusa ferrireducens_GCF_055389805.1,1,2499,-435.5314025878906,396,67,T,A,GCC,1
GCF_055389805.1,Desulfuromusa ferrireducens,gyrA_1_Desulfuromusa ferrireducens_GCF_055389805.1,1,2499,-435.5314025878906,396,72,G,D,GAT,1
GCF_055389805.1,Desulfuromusa ferrireducens,gyrA_1_Desulfuromusa ferrireducens_GCF_055389805.1,1,2499,-435.5314025878906,396,72,V,D,GAT,1
GCF_055389805.1,Desulfuromusa ferrireducens,gyrA_1_Desulfuromusa ferrireducens_GCF_055389805.1,1,2499,-435.5314025878906,396,77,S,Y,TAT,1
GCF_055389805.1,Desulfuromusa ferrireducens,gyrA_1_Desulfuromusa ferrireducens_GCF_055389805.1,1,2499,-435.5314025878906,396,80,P,H,CAC,1
GCF_055389805.1,Desulfuromusa ferrireducens,gyrA_1_Desulfuromusa ferrireducens_GCF_055389805.1,1,2499,-435.5314025878906,396,80,R,H,CAC,1
GCF_055389805.1,Desulfuromusa ferrireducens,gyrA_1_Desulfuromusa ferrireducens_GCF_055389805.1,1,2499,-435.5314025878906,396,81,C,G,GGT,1
GCF_055389805.1,Desulfuromusa ferrireducens,gyrA_1_Desulfuromusa ferrireducens_GCF_055389805.1,1,2499,-435.5314025878906,396,81,D,G,GGT,1
GCF_055389805.1,Desulfuromusa ferrireducens,gyrA_1_Desulfuromusa ferrireducens_GCF_055389805.1,1,2499,-435.5314025878906,396,82,G,D,GAT,1
GCF_055389805.1,Desulfuromusa ferrireducens,gyrA_1_Desulfuromusa ferrireducens_GCF_055389805.1,1,2499,-435.5314025878906,396,82,N,D,GAT,1
GCF_055389805.1,Desulfuromusa ferrireducens,gyrA_1_Desulfuromusa ferrireducens_GCF_055389805.1,1,2499,-435.5314025878906,396,82,Y,D,GAT,1
GCF_055389805.1,Desulfuromusa ferrireducens,gyrA_1_Desulfuromusa ferrireducens_GCF_055389805.1,1,2499,-435.5314025878906,396,83,A,T,ACC,1
GCF_055389805.1,Desulfuromusa ferrireducens,gyrA_1_Desulfuromusa ferrireducens_GCF_055389805.1,1,2499,-435.5314025878906,396,83,F,T,ACC,0
GCF_055389805.1,Desulfuromusa ferrireducens,gyrA_1_Desulfuromusa ferrireducens_GCF_055389805.1,1,2499,-435.5314025878906,396,83,I,T,ACC,1
GCF_055389805.1,Desulfuromusa ferrireducens,gyrA_1_Desulfuromusa ferrireducens_GCF_055389805.1,1,2499,-435.5314025878906,396,83,K,T,ACC,0
GCF_055389805.1,Desulfuromusa ferrireducens,gyrA_1_Desulfuromusa ferrireducens_GCF_055389805.1,1,2499,-435.5314025878906,396,83,L,T,ACC,0
GCF_055389805.1,Desulfuromusa ferrireducens,gyrA_1_Desulfuromusa ferrireducens_GCF_055389805.1,1,2499,-435.5314025878906,396,83,M,T,ACC,0
GCF_055389805.1,Desulfuromusa ferrireducens,gyrA_1_Desulfuromusa ferrireducens_GCF_055389805.1,1,2499,-435.5314025878906,396,83,R,T,ACC,0
GCF_055389805.1,Desulfuromusa ferrireducens,gyrA_1_Desulfuromusa ferrireducens_GCF_055389805.1,1,2499,-435.5314025878906,396,83,S,T,ACC,2
GCF_055389805.1,Desulfuromusa ferrireducens,gyrA_1_Desulfuromusa ferrireducens_GCF_055389805.1,1,2499,-435.5314025878906,396,83,V,T,ACC,0
GCF_055389805.1,Desulfuromusa ferrireducens,gyrA_1_Desulfuromusa ferrireducens_GCF_055389805.1,1,2499,-435.5314025878906,396,83,W,T,ACC,0
GCF_055389805.1,Desulfuromusa ferrireducens,gyrA_1_Desulfuromusa ferrireducens_GCF_055389805.1,1,2499,-435.5314025878906,396,83,Y,T,ACC,0
GCF_055389805.1,Desulfuromusa ferrireducens,gyrA_1_Desulfuromusa ferrireducens_GCF_055389805.1,1,2499,-435.5314025878906,396,84,A,A,GCA,3
GCF_055389805.1,Desulfuromusa ferrireducens,gyrA_1_Desulfuromusa ferrireducens_GCF_055389805.1,1,2499,-435.5314025878906,396,84,P,A,GCA,1
GCF_055389805.1,Desulfuromusa ferrireducens,gyrA_1_Desulfuromusa ferrireducens_GCF_055389805.1,1,2499,-435.5314025878906,396,84,V,A,GCA,1
GCF_055389805.1,Desulfuromusa ferrireducens,gyrA_1_Desulfuromusa ferrireducens_GCF_055389805.1,1,2499,-435.5314025878906,396,86,N,Y,TAT,1
GCF_055389805.1,Desulfuromusa ferrireducens,gyrA_1_Desulfuromusa ferrireducens_GCF_055389805.1,1,2499,-435.5314025878906,396,86,Y,Y,TAT,1
GCF_055389805.1,Desulfuromusa ferrireducens,gyrA_1_Desulfuromusa ferrireducens_GCF_055389805.1,1,2499,-435.5314025878906,396,87,A,D,GAC,1
GCF_055389805.1,Desulfuromusa ferrireducens,gyrA_1_Desulfuromusa ferrireducens_GCF_055389805.1,1,2499,-435.5314025878906,396,87,G,D,GAC,1
GCF_055389805.1,Desulfuromusa ferrireducens,gyrA_1_Desulfuromusa ferrireducens_GCF_055389805.1,1,2499,-435.5314025878906,396,87,H,D,GAC,1
GCF_055389805.1,Desulfuromusa ferrireducens,gyrA_1_Desulfuromusa ferrireducens_GCF_055389805.1,1,2499,-435.5314025878906,396,87,K,D,GAC,0
GCF_055389805.1,Desulfuromusa ferrireducens,gyrA_1_Desulfuromusa ferrireducens_GCF_055389805.1,1,2499,-435.5314025878906,396,87,L,D,GAC,0
GCF_055389805.1,Desulfuromusa ferrireducens,gyrA_1_Desulfuromusa ferrireducens_GCF_055389805.1,1,2499,-435.5314025878906,396,87,N,D,GAC,1
GCF_055389805.1,Desulfuromusa ferrireducens,gyrA_1_Desulfuromusa ferrireducens_GCF_055389805.1,1,2499,-435.5314025878906,396,87,Q,D,GAC,0
GCF_055389805.1,Desulfuromusa ferrireducens,gyrA_1_Desulfuromusa ferrireducens_GCF_055389805.1,1,2499,-435.5314025878906,396,87,R,D,GAC,0
GCF_055389805.1,Desulfuromusa ferrireducens,gyrA_1_Desulfuromusa ferrireducens_GCF_055389805.1,1,2499,-435.5314025878906,396,87,T,D,GAC,0
GCF_055389805.1,Desulfuromusa ferrireducens,gyrA_1_Desulfuromusa ferrireducens_GCF_055389805.1,1,2499,-435.5314025878906,396,87,V,D,GAC,1
GCF_055389805.1,Desulfuromusa ferrireducens,gyrA_1_Desulfuromusa ferrireducens_GCF_055389805.1,1,2499,-435.5314025878906,396,87,Y,D,GAC,1
GCF_055389805.1,Desulfuromusa ferrireducens,gyrA_1_Desulfuromusa ferrireducens_GCF_055389805.1,1,2499,-435.5314025878906,396,101,S,P,CCG,1
GCF_055389805.1,Desulfuromusa ferrireducens,gyrA_1_Desulfuromusa ferrireducens_GCF_055389805.1,1,2499,-435.5314025878906,396,105,D,G,GGC,1
GCF_055389805.1,Desulfuromusa ferrireducens,gyrA_1_Desulfuromusa ferrireducens_GCF_055389805.1,1,2499,-435.5314025878906,396,106,H,Q,CAG,2
GCF_055389805.1,Desulfuromusa ferrireducens,gyrA_1_Desulfuromusa ferrireducens_GCF_055389805.1,1,2499,-435.5314025878906,396,106,L,Q,CAG,1
GCF_055389805.1,Desulfuromusa ferrireducens,gyrA_1_Desulfuromusa ferrireducens_GCF_055389805.1,1,2499,-435.5314025878906,396,106,R,Q,CAG,1
GCF_055389805.1,Desulfuromusa ferrireducens,gyrA_1_Desulfuromusa ferrireducens_GCF_055389805.1,1,2499,-435.5314025878906,396,119,S,A,GCC,1
GCF_055389805.1,Desulfuromusa ferrireducens,gyrA_1_Desulfuromusa ferrireducens_GCF_055389805.1,1,2499,-435.5314025878906,396,119,T,A,GCC,1
GCF_055389805.1,Desulfuromusa ferrireducens,gyrA_1_Desulfuromusa ferrireducens_GCF_055389805.1,1,2499,-435.5314025878906,396,165,A,N,AAC,0
GCF_055389805.1,Desulfuromusa ferrireducens,gyrA_1_Desulfuromusa ferrireducens_GCF_055389805.1,1,2499,-435.5314025878906,396,196,E,A,GCA,1
GCF_055389805.1,Desulfuromusa ferrireducens,gyrA_1_Desulfuromusa ferrireducens_GCF_055389805.1,1,2499,-435.5314025878906,396,386,D,A,GCC,1
GCF_055388355.1,Prosthecobacter fluviatilis,gyrA_1_Prosthecobacter fluviatilis_GCF_055388355.1,1,2652,-1427.268310546875,492,51,V,A,GCG,1
GCF_055388355.1,Prosthecobacter fluviatilis,gyrA_1_Prosthecobacter fluviatilis_GCF_055388355.1,1,2652,-1427.268310546875,492,57,K,L,CTC,0
GCF_055388355.1,Prosthecobacter fluviatilis,gyrA_1_Prosthecobacter fluviatilis_GCF_055388355.1,1,2652,-1427.268310546875,492,67,S,A,GCG,1
GCF_055388355.1,Prosthecobacter fluviatilis,gyrA_1_Prosthecobacter fluviatilis_GCF_055388355.1,1,2652,-1427.268310546875,492,67,T,A,GCG,1
GCF_055388355.1,Prosthecobacter fluviatilis,gyrA_1_Prosthecobacter fluviatilis_GCF_055388355.1,1,2652,-1427.268310546875,492,72,G,D,GAC,1
GCF_055388355.1,Prosthecobacter fluviatilis,gyrA_1_Prosthecobacter fluviatilis_GCF_055388355.1,1,2652,-1427.268310546875,492,72,V,D,GAC,1
GCF_055388355.1,Prosthecobacter fluviatilis,gyrA_1_Prosthecobacter fluviatilis_GCF_055388355.1,1,2652,-1427.268310546875,492,77,S,Y,TAC,1
GCF_055388355.1,Prosthecobacter fluviatilis,gyrA_1_Prosthecobacter fluviatilis_GCF_055388355.1,1,2652,-1427.268310546875,492,80,P,H,CAC,1
GCF_055388355.1,Prosthecobacter fluviatilis,gyrA_1_Prosthecobacter fluviatilis_GCF_055388355.1,1,2652,-1427.268310546875,492,80,R,H,CAC,1
GCF_055388355.1,Prosthecobacter fluviatilis,gyrA_1_Prosthecobacter fluviatilis_GCF_055388355.1,1,2652,-1427.268310546875,492,81,C,G,GGC,1
GCF_055388355.1,Prosthecobacter fluviatilis,gyrA_1_Prosthecobacter fluviatilis_GCF_055388355.1,1,2652,-1427.268310546875,492,81,D,G,GGC,1
GCF_055388355.1,Prosthecobacter fluviatilis,gyrA_1_Prosthecobacter fluviatilis_GCF_055388355.1,1,2652,-1427.268310546875,492,82,G,E,GAG,1
GCF_055388355.1,Prosthecobacter fluviatilis,gyrA_1_Prosthecobacter fluviatilis_GCF_055388355.1,1,2652,-1427.268310546875,492,82,N,E,GAG,0
GCF_055388355.1,Prosthecobacter fluviatilis,gyrA_1_Prosthecobacter fluviatilis_GCF_055388355.1,1,2652,-1427.268310546875,492,82,Y,E,GAG,0
GCF_055388355.1,Prosthecobacter fluviatilis,gyrA_1_Prosthecobacter fluviatilis_GCF_055388355.1,1,2652,-1427.268310546875,492,83,A,A,GCG,3
GCF_055388355.1,Prosthecobacter fluviatilis,gyrA_1_Prosthecobacter fluviatilis_GCF_055388355.1,1,2652,-1427.268310546875,492,83,F,A,GCG,0
GCF_055388355.1,Prosthecobacter fluviatilis,gyrA_1_Prosthecobacter fluviatilis_GCF_055388355.1,1,2652,-1427.268310546875,492,83,I,A,GCG,0
GCF_055388355.1,Prosthecobacter fluviatilis,gyrA_1_Prosthecobacter fluviatilis_GCF_055388355.1,1,2652,-1427.268310546875,492,83,K,A,GCG,0
GCF_055388355.1,Prosthecobacter fluviatilis,gyrA_1_Prosthecobacter fluviatilis_GCF_055388355.1,1,2652,-1427.268310546875,492,83,L,A,GCG,0
GCF_055388355.1,Prosthecobacter fluviatilis,gyrA_1_Prosthecobacter fluviatilis_GCF_055388355.1,1,2652,-1427.268310546875,492,83,M,A,GCG,0
GCF_055388355.1,Prosthecobacter fluviatilis,gyrA_1_Prosthecobacter fluviatilis_GCF_055388355.1,1,2652,-1427.268310546875,492,83,R,A,GCG,0
GCF_055388355.1,Prosthecobacter fluviatilis,gyrA_1_Prosthecobacter fluviatilis_GCF_055388355.1,1,2652,-1427.268310546875,492,83,S,A,GCG,1
GCF_055388355.1,Prosthecobacter fluviatilis,gyrA_1_Prosthecobacter fluviatilis_GCF_055388355.1,1,2652,-1427.268310546875,492,83,V,A,GCG,1
GCF_055388355.1,Prosthecobacter fluviatilis,gyrA_1_Prosthecobacter fluviatilis_GCF_055388355.1,1,2652,-1427.268310546875,492,83,W,A,GCG,0
GCF_055388355.1,Prosthecobacter fluviatilis,gyrA_1_Prosthecobacter fluviatilis_GCF_055388355.1,1,2652,-1427.268310546875,492,83,Y,A,GCG,0
GCF_055388355.1,Prosthecobacter fluviatilis,gyrA_1_Prosthecobacter fluviatilis_GCF_055388355.1,1,2652,-1427.268310546875,492,84,A,V,GTC,1
GCF_055388355.1,Prosthecobacter fluviatilis,gyrA_1_Prosthecobacter fluviatilis_GCF_055388355.1,1,2652,-1427.268310546875,492,84,P,V,GTC,0
GCF_055388355.1,Prosthecobacter fluviatilis,gyrA_1_Prosthecobacter fluviatilis_GCF_055388355.1,1,2652,-1427.268310546875,492,84,V,V,GTC,3
GCF_055388355.1,Prosthecobacter fluviatilis,gyrA_1_Prosthecobacter fluviatilis_GCF_055388355.1,1,2652,-1427.268310546875,492,86,N,Y,TAC,1
GCF_055388355.1,Prosthecobacter fluviatilis,gyrA_1_Prosthecobacter fluviatilis_GCF_055388355.1,1,2652,-1427.268310546875,492,86,Y,Y,TAC,1
GCF_055388355.1,Prosthecobacter fluviatilis,gyrA_1_Prosthecobacter fluviatilis_GCF_055388355.1,1,2652,-1427.268310546875,492,87,A,P,CCG,1
GCF_055388355.1,Prosthecobacter fluviatilis,gyrA_1_Prosthecobacter fluviatilis_GCF_055388355.1,1,2652,-1427.268310546875,492,87,G,P,CCG,0
GCF_055388355.1,Prosthecobacter fluviatilis,gyrA_1_Prosthecobacter fluviatilis_GCF_055388355.1,1,2652,-1427.268310546875,492,87,H,P,CCG,0
GCF_055388355.1,Prosthecobacter fluviatilis,gyrA_1_Prosthecobacter fluviatilis_GCF_055388355.1,1,2652,-1427.268310546875,492,87,K,P,CCG,0
GCF_055388355.1,Prosthecobacter fluviatilis,gyrA_1_Prosthecobacter fluviatilis_GCF_055388355.1,1,2652,-1427.268310546875,492,87,L,P,CCG,1
GCF_055388355.1,Prosthecobacter fluviatilis,gyrA_1_Prosthecobacter fluviatilis_GCF_055388355.1,1,2652,-1427.268310546875,492,87,N,P,CCG,0
GCF_055388355.1,Prosthecobacter fluviatilis,gyrA_1_Prosthecobacter fluviatilis_GCF_055388355.1,1,2652,-1427.268310546875,492,87,Q,P,CCG,1
GCF_055388355.1,Prosthecobacter fluviatilis,gyrA_1_Prosthecobacter fluviatilis_GCF_055388355.1,1,2652,-1427.268310546875,492,87,R,P,CCG,1
GCF_055388355.1,Prosthecobacter fluviatilis,gyrA_1_Prosthecobacter fluviatilis_GCF_055388355.1,1,2652,-1427.268310546875,492,87,T,P,CCG,1
GCF_055388355.1,Prosthecobacter fluviatilis,gyrA_1_Prosthecobacter fluviatilis_GCF_055388355.1,1,2652,-1427.268310546875,492,87,V,P,CCG,0
GCF_055388355.1,Prosthecobacter fluviatilis,gyrA_1_Prosthecobacter fluviatilis_GCF_055388355.1,1,2652,-1427.268310546875,492,87,Y,P,CCG,0
GCF_055388355.1,Prosthecobacter fluviatilis,gyrA_1_Prosthecobacter fluviatilis_GCF_055388355.1,1,2652,-1427.268310546875,492,101,S,P,CCG,1
GCF_055388355.1,Prosthecobacter fluviatilis,gyrA_1_Prosthecobacter fluviatilis_GCF_055388355.1,1,2652,-1427.268310546875,492,105,D,P,CCG,0
GCF_055388355.1,Prosthecobacter fluviatilis,gyrA_1_Prosthecobacter fluviatilis_GCF_055388355.1,1,2652,-1427.268310546875,492,106,H,Q,CAG,2
GCF_055388355.1,Prosthecobacter fluviatilis,gyrA_1_Prosthecobacter fluviatilis_GCF_055388355.1,1,2652,-1427.268310546875,492,106,L,Q,CAG,1
GCF_055388355.1,Prosthecobacter fluviatilis,gyrA_1_Prosthecobacter fluviatilis_GCF_055388355.1,1,2652,-1427.268310546875,492,106,R,Q,CAG,1
GCF_055388355.1,Prosthecobacter fluviatilis,gyrA_1_Prosthecobacter fluviatilis_GCF_055388355.1,1,2652,-1427.268310546875,492,119,S,A,GCC,1
GCF_055388355.1,Prosthecobacter fluviatilis,gyrA_1_Prosthecobacter fluviatilis_GCF_055388355.1,1,2652,-1427.268310546875,492,119,T,A,GCC,1
GCF_055388355.1,Prosthecobacter fluviatilis,gyrA_1_Prosthecobacter fluviatilis_GCF_055388355.1,1,2652,-1427.268310546875,492,165,A,N,AAC,0
GCF_055388355.1,Prosthecobacter fluviatilis,gyrA_1_Prosthecobacter fluviatilis_GCF_055388355.1,1,2652,-1427.268310546875,492,196,E,A,GCG,1
GCF_055388355.1,Prosthecobacter fluviatilis,gyrA_1_Prosthecobacter fluviatilis_GCF_055388355.1,1,2652,-1427.268310546875,492,386,D,A,GCG,0
GCF_055387725.1,Lutaonella thermophila,gyrA_1_Lutaonella thermophila_GCF_055387725.1,1,2523,-1010.5870361328125,453,51,V,G,GGT,1
GCF_055387725.1,Lutaonella thermophila,gyrA_1_Lutaonella thermophila_GCF_055387725.1,1,2523,-1010.5870361328125,453,57,K,V,GTT,0
GCF_055387725.1,Lutaonella thermophila,gyrA_1_Lutaonella thermophila_GCF_055387725.1,1,2523,-1010.5870361328125,453,67,S,A,GCA,1
GCF_055387725.1,Lutaonella thermophila,gyrA_1_Lutaonella thermophila_GCF_055387725.1,1,2523,-1010.5870361328125,453,67,T,A,GCA,1
GCF_055387725.1,Lutaonella thermophila,gyrA_1_Lutaonella thermophila_GCF_055387725.1,1,2523,-1010.5870361328125,453,72,G,E,GAA,1
GCF_055387725.1,Lutaonella thermophila,gyrA_1_Lutaonella thermophila_GCF_055387725.1,1,2523,-1010.5870361328125,453,72,V,E,GAA,1
GCF_055387725.1,Lutaonella thermophila,gyrA_1_Lutaonella thermophila_GCF_055387725.1,1,2523,-1010.5870361328125,453,77,S,Y,TAC,1
GCF_055387725.1,Lutaonella thermophila,gyrA_1_Lutaonella thermophila_GCF_055387725.1,1,2523,-1010.5870361328125,453,80,P,H,CAC,1
GCF_055387725.1,Lutaonella thermophila,gyrA_1_Lutaonella thermophila_GCF_055387725.1,1,2523,-1010.5870361328125,453,80,R,H,CAC,1
GCF_055387725.1,Lutaonella thermophila,gyrA_1_Lutaonella thermophila_GCF_055387725.1,1,2523,-1010.5870361328125,453,81,C,G,GGA,0
GCF_055387725.1,Lutaonella thermophila,gyrA_1_Lutaonella thermophila_GCF_055387725.1,1,2523,-1010.5870361328125,453,81,D,G,GGA,0
GCF_055387725.1,Lutaonella thermophila,gyrA_1_Lutaonella thermophila_GCF_055387725.1,1,2523,-1010.5870361328125,453,82,G,D,GAC,1
GCF_055387725.1,Lutaonella thermophila,gyrA_1_Lutaonella thermophila_GCF_055387725.1,1,2523,-1010.5870361328125,453,82,N,D,GAC,1
GCF_055387725.1,Lutaonella thermophila,gyrA_1_Lutaonella thermophila_GCF_055387725.1,1,2523,-1010.5870361328125,453,82,Y,D,GAC,1
GCF_055387725.1,Lutaonella thermophila,gyrA_1_Lutaonella thermophila_GCF_055387725.1,1,2523,-1010.5870361328125,453,83,A,T,ACT,1
GCF_055387725.1,Lutaonella thermophila,gyrA_1_Lutaonella thermophila_GCF_055387725.1,1,2523,-1010.5870361328125,453,83,F,T,ACT,0
GCF_055387725.1,Lutaonella thermophila,gyrA_1_Lutaonella thermophila_GCF_055387725.1,1,2523,-1010.5870361328125,453,83,I,T,ACT,1
GCF_055387725.1,Lutaonella thermophila,gyrA_1_Lutaonella thermophila_GCF_055387725.1,1,2523,-1010.5870361328125,453,83,K,T,ACT,0
GCF_055387725.1,Lutaonella thermophila,gyrA_1_Lutaonella thermophila_GCF_055387725.1,1,2523,-1010.5870361328125,453,83,L,T,ACT,0
GCF_055387725.1,Lutaonella thermophila,gyrA_1_Lutaonella thermophila_GCF_055387725.1,1,2523,-1010.5870361328125,453,83,M,T,ACT,0
GCF_055387725.1,Lutaonella thermophila,gyrA_1_Lutaonella thermophila_GCF_055387725.1,1,2523,-1010.5870361328125,453,83,R,T,ACT,0
GCF_055387725.1,Lutaonella thermophila,gyrA_1_Lutaonella thermophila_GCF_055387725.1,1,2523,-1010.5870361328125,453,83,S,T,ACT,2
GCF_055387725.1,Lutaonella thermophila,gyrA_1_Lutaonella thermophila_GCF_055387725.1,1,2523,-1010.5870361328125,453,83,V,T,ACT,0
GCF_055387725.1,Lutaonella thermophila,gyrA_1_Lutaonella thermophila_GCF_055387725.1,1,2523,-1010.5870361328125,453,83,W,T,ACT,0
GCF_055387725.1,Lutaonella thermophila,gyrA_1_Lutaonella thermophila_GCF_055387725.1,1,2523,-1010.5870361328125,453,83,Y,T,ACT,0
GCF_055387725.1,Lutaonella thermophila,gyrA_1_Lutaonella thermophila_GCF_055387725.1,1,2523,-1010.5870361328125,453,84,A,S,TCT,1
GCF_055387725.1,Lutaonella thermophila,gyrA_1_Lutaonella thermophila_GCF_055387725.1,1,2523,-1010.5870361328125,453,84,P,S,TCT,1
GCF_055387725.1,Lutaonella thermophila,gyrA_1_Lutaonella thermophila_GCF_055387725.1,1,2523,-1010.5870361328125,453,84,V,S,TCT,0
GCF_055387725.1,Lutaonella thermophila,gyrA_1_Lutaonella thermophila_GCF_055387725.1,1,2523,-1010.5870361328125,453,86,N,Y,TAT,1
GCF_055387725.1,Lutaonella thermophila,gyrA_1_Lutaonella thermophila_GCF_055387725.1,1,2523,-1010.5870361328125,453,86,Y,Y,TAT,1
GCF_055387725.1,Lutaonella thermophila,gyrA_1_Lutaonella thermophila_GCF_055387725.1,1,2523,-1010.5870361328125,453,87,A,D,GAT,1
GCF_055387725.1,Lutaonella thermophila,gyrA_1_Lutaonella thermophila_GCF_055387725.1,1,2523,-1010.5870361328125,453,87,G,D,GAT,1
GCF_055387725.1,Lutaonella thermophila,gyrA_1_Lutaonella thermophila_GCF_055387725.1,1,2523,-1010.5870361328125,453,87,H,D,GAT,1
GCF_055387725.1,Lutaonella thermophila,gyrA_1_Lutaonella thermophila_GCF_055387725.1,1,2523,-1010.5870361328125,453,87,K,D,GAT,0
GCF_055387725.1,Lutaonella thermophila,gyrA_1_Lutaonella thermophila_GCF_055387725.1,1,2523,-1010.5870361328125,453,87,L,D,GAT,0
GCF_055387725.1,Lutaonella thermophila,gyrA_1_Lutaonella thermophila_GCF_055387725.1,1,2523,-1010.5870361328125,453,87,N,D,GAT,1
GCF_055387725.1,Lutaonella thermophila,gyrA_1_Lutaonella thermophila_GCF_055387725.1,1,2523,-1010.5870361328125,453,87,Q,D,GAT,0
GCF_055387725.1,Lutaonella thermophila,gyrA_1_Lutaonella thermophila_GCF_055387725.1,1,2523,-1010.5870361328125,453,87,R,D,GAT,0
GCF_055387725.1,Lutaonella thermophila,gyrA_1_Lutaonella thermophila_GCF_055387725.1,1,2523,-1010.5870361328125,453,87,T,D,GAT,0
GCF_055387725.1,Lutaonella thermophila,gyrA_1_Lutaonella thermophila_GCF_055387725.1,1,2523,-1010.5870361328125,453,87,V,D,GAT,1
GCF_055387725.1,Lutaonella thermophila,gyrA_1_Lutaonella thermophila_GCF_055387725.1,1,2523,-1010.5870361328125,453,87,Y,D,GAT,1
GCF_055387725.1,Lutaonella thermophila,gyrA_1_Lutaonella thermophila_GCF_055387725.1,1,2523,-1010.5870361328125,453,101,S,M,ATG,0
GCF_055387725.1,Lutaonella thermophila,gyrA_1_Lutaonella thermophila_GCF_055387725.1,1,2523,-1010.5870361328125,453,105,D,G,GGG,0
GCF_055387725.1,Lutaonella thermophila,gyrA_1_Lutaonella thermophila_GCF_055387725.1,1,2523,-1010.5870361328125,453,106,H,Q,CAA,2
GCF_055387725.1,Lutaonella thermophila,gyrA_1_Lutaonella thermophila_GCF_055387725.1,1,2523,-1010.5870361328125,453,106,L,Q,CAA,1
GCF_055387725.1,Lutaonella thermophila,gyrA_1_Lutaonella thermophila_GCF_055387725.1,1,2523,-1010.5870361328125,453,106,R,Q,CAA,1
GCF_055387725.1,Lutaonella thermophila,gyrA_1_Lutaonella thermophila_GCF_055387725.1,1,2523,-1010.5870361328125,453,119,S,A,GCA,1
GCF_055387725.1,Lutaonella thermophila,gyrA_1_Lutaonella thermophila_GCF_055387725.1,1,2523,-1010.5870361328125,453,119,T,A,GCA,1
GCF_055387725.1,Lutaonella thermophila,gyrA_1_Lutaonella thermophila_GCF_055387725.1,1,2523,-1010.5870361328125,453,165,A,N,AAT,0
GCF_055387725.1,Lutaonella thermophila,gyrA_1_Lutaonella thermophila_GCF_055387725.1,1,2523,-1010.5870361328125,453,196,E,A,GCT,0
GCF_055387725.1,Lutaonella thermophila,gyrA_1_Lutaonella thermophila_GCF_055387725.1,1,2523,-1010.5870361328125,453,386,D,A,GCT,1
GCF_055387105.1,Caldifarcimen microaerophilum,gyrA_1_Caldifarcimen microaerophilum_GCF_055387105.1,1,2418,-1372.27685546875,481,51,V,A,GCC,1
GCF_055387105.1,Caldifarcimen microaerophilum,gyrA_1_Caldifarcimen microaerophilum_GCF_055387105.1,1,2418,-1372.27685546875,481,57,K,L,CTT,0
GCF_055387105.1,Caldifarcimen microaerophilum,gyrA_1_Caldifarcimen microaerophilum_GCF_055387105.1,1,2418,-1372.27685546875,481,67,S,A,GCC,1
GCF_055387105.1,Caldifarcimen microaerophilum,gyrA_1_Caldifarcimen microaerophilum_GCF_055387105.1,1,2418,-1372.27685546875,481,67,T,A,GCC,1
GCF_055387105.1,Caldifarcimen microaerophilum,gyrA_1_Caldifarcimen microaerophilum_GCF_055387105.1,1,2418,-1372.27685546875,481,72,G,E,GAG,1
GCF_055387105.1,Caldifarcimen microaerophilum,gyrA_1_Caldifarcimen microaerophilum_GCF_055387105.1,1,2418,-1372.27685546875,481,72,V,E,GAG,1
GCF_055387105.1,Caldifarcimen microaerophilum,gyrA_1_Caldifarcimen microaerophilum_GCF_055387105.1,1,2418,-1372.27685546875,481,77,S,Y,TAT,1
GCF_055387105.1,Caldifarcimen microaerophilum,gyrA_1_Caldifarcimen microaerophilum_GCF_055387105.1,1,2418,-1372.27685546875,481,80,P,H,CAC,1
GCF_055387105.1,Caldifarcimen microaerophilum,gyrA_1_Caldifarcimen microaerophilum_GCF_055387105.1,1,2418,-1372.27685546875,481,80,R,H,CAC,1
GCF_055387105.1,Caldifarcimen microaerophilum,gyrA_1_Caldifarcimen microaerophilum_GCF_055387105.1,1,2418,-1372.27685546875,481,81,C,G,GGC,1
GCF_055387105.1,Caldifarcimen microaerophilum,gyrA_1_Caldifarcimen microaerophilum_GCF_055387105.1,1,2418,-1372.27685546875,481,81,D,G,GGC,1
GCF_055387105.1,Caldifarcimen microaerophilum,gyrA_1_Caldifarcimen microaerophilum_GCF_055387105.1,1,2418,-1372.27685546875,481,82,G,D,GAT,1
GCF_055387105.1,Caldifarcimen microaerophilum,gyrA_1_Caldifarcimen microaerophilum_GCF_055387105.1,1,2418,-1372.27685546875,481,82,N,D,GAT,1
GCF_055387105.1,Caldifarcimen microaerophilum,gyrA_1_Caldifarcimen microaerophilum_GCF_055387105.1,1,2418,-1372.27685546875,481,82,Y,D,GAT,1
GCF_055387105.1,Caldifarcimen microaerophilum,gyrA_1_Caldifarcimen microaerophilum_GCF_055387105.1,1,2418,-1372.27685546875,481,83,A,S,AGC,0
GCF_055387105.1,Caldifarcimen microaerophilum,gyrA_1_Caldifarcimen microaerophilum_GCF_055387105.1,1,2418,-1372.27685546875,481,83,F,S,AGC,0
GCF_055387105.1,Caldifarcimen microaerophilum,gyrA_1_Caldifarcimen microaerophilum_GCF_055387105.1,1,2418,-1372.27685546875,481,83,I,S,AGC,1
GCF_055387105.1,Caldifarcimen microaerophilum,gyrA_1_Caldifarcimen microaerophilum_GCF_055387105.1,1,2418,-1372.27685546875,481,83,K,S,AGC,0
GCF_055387105.1,Caldifarcimen microaerophilum,gyrA_1_Caldifarcimen microaerophilum_GCF_055387105.1,1,2418,-1372.27685546875,481,83,L,S,AGC,0
GCF_055387105.1,Caldifarcimen microaerophilum,gyrA_1_Caldifarcimen microaerophilum_GCF_055387105.1,1,2418,-1372.27685546875,481,83,M,S,AGC,0
GCF_055387105.1,Caldifarcimen microaerophilum,gyrA_1_Caldifarcimen microaerophilum_GCF_055387105.1,1,2418,-1372.27685546875,481,83,R,S,AGC,3
GCF_055387105.1,Caldifarcimen microaerophilum,gyrA_1_Caldifarcimen microaerophilum_GCF_055387105.1,1,2418,-1372.27685546875,481,83,S,S,AGC,1
GCF_055387105.1,Caldifarcimen microaerophilum,gyrA_1_Caldifarcimen microaerophilum_GCF_055387105.1,1,2418,-1372.27685546875,481,83,V,S,AGC,0
GCF_055387105.1,Caldifarcimen microaerophilum,gyrA_1_Caldifarcimen microaerophilum_GCF_055387105.1,1,2418,-1372.27685546875,481,83,W,S,AGC,0
GCF_055387105.1,Caldifarcimen microaerophilum,gyrA_1_Caldifarcimen microaerophilum_GCF_055387105.1,1,2418,-1372.27685546875,481,83,Y,S,AGC,0
GCF_055387105.1,Caldifarcimen microaerophilum,gyrA_1_Caldifarcimen microaerophilum_GCF_055387105.1,1,2418,-1372.27685546875,481,84,A,P,CCG,1
GCF_055387105.1,Caldifarcimen microaerophilum,gyrA_1_Caldifarcimen microaerophilum_GCF_055387105.1,1,2418,-1372.27685546875,481,84,P,P,CCG,3
GCF_055387105.1,Caldifarcimen microaerophilum,gyrA_1_Caldifarcimen microaerophilum_GCF_055387105.1,1,2418,-1372.27685546875,481,84,V,P,CCG,0
GCF_055387105.1,Caldifarcimen microaerophilum,gyrA_1_Caldifarcimen microaerophilum_GCF_055387105.1,1,2418,-1372.27685546875,481,86,N,Y,TAT,1
GCF_055387105.1,Caldifarcimen microaerophilum,gyrA_1_Caldifarcimen microaerophilum_GCF_055387105.1,1,2418,-1372.27685546875,481,86,Y,Y,TAT,1
GCF_055387105.1,Caldifarcimen microaerophilum,gyrA_1_Caldifarcimen microaerophilum_GCF_055387105.1,1,2418,-1372.27685546875,481,87,A,E,GAA,1
GCF_055387105.1,Caldifarcimen microaerophilum,gyrA_1_Caldifarcimen microaerophilum_GCF_055387105.1,1,2418,-1372.27685546875,481,87,G,E,GAA,1
GCF_055387105.1,Caldifarcimen microaerophilum,gyrA_1_Caldifarcimen microaerophilum_GCF_055387105.1,1,2418,-1372.27685546875,481,87,H,E,GAA,0
GCF_055387105.1,Caldifarcimen microaerophilum,gyrA_1_Caldifarcimen microaerophilum_GCF_055387105.1,1,2418,-1372.27685546875,481,87,K,E,GAA,1
GCF_055387105.1,Caldifarcimen microaerophilum,gyrA_1_Caldifarcimen microaerophilum_GCF_055387105.1,1,2418,-1372.27685546875,481,87,L,E,GAA,0
GCF_055387105.1,Caldifarcimen microaerophilum,gyrA_1_Caldifarcimen microaerophilum_GCF_055387105.1,1,2418,-1372.27685546875,481,87,N,E,GAA,0
GCF_055387105.1,Caldifarcimen microaerophilum,gyrA_1_Caldifarcimen microaerophilum_GCF_055387105.1,1,2418,-1372.27685546875,481,87,Q,E,GAA,1
GCF_055387105.1,Caldifarcimen microaerophilum,gyrA_1_Caldifarcimen microaerophilum_GCF_055387105.1,1,2418,-1372.27685546875,481,87,R,E,GAA,0
GCF_055387105.1,Caldifarcimen microaerophilum,gyrA_1_Caldifarcimen microaerophilum_GCF_055387105.1,1,2418,-1372.27685546875,481,87,T,E,GAA,0
GCF_055387105.1,Caldifarcimen microaerophilum,gyrA_1_Caldifarcimen microaerophilum_GCF_055387105.1,1,2418,-1372.27685546875,481,87,V,E,GAA,1
GCF_055387105.1,Caldifarcimen microaerophilum,gyrA_1_Caldifarcimen microaerophilum_GCF_055387105.1,1,2418,-1372.27685546875,481,87,Y,E,GAA,0
GCF_055387105.1,Caldifarcimen microaerophilum,gyrA_1_Caldifarcimen microaerophilum_GCF_055387105.1,1,2418,-1372.27685546875,481,101,S,P,CCC,1
GCF_055387105.1,Caldifarcimen microaerophilum,gyrA_1_Caldifarcimen microaerophilum_GCF_055387105.1,1,2418,-1372.27685546875,481,105,D,G,GGG,0
GCF_055387105.1,Caldifarcimen microaerophilum,gyrA_1_Caldifarcimen microaerophilum_GCF_055387105.1,1,2418,-1372.27685546875,481,106,H,Q,CAG,2
GCF_055387105.1,Caldifarcimen microaerophilum,gyrA_1_Caldifarcimen microaerophilum_GCF_055387105.1,1,2418,-1372.27685546875,481,106,L,Q,CAG,1
GCF_055387105.1,Caldifarcimen microaerophilum,gyrA_1_Caldifarcimen microaerophilum_GCF_055387105.1,1,2418,-1372.27685546875,481,106,R,Q,CAG,1
GCF_055387105.1,Caldifarcimen microaerophilum,gyrA_1_Caldifarcimen microaerophilum_GCF_055387105.1,1,2418,-1372.27685546875,481,119,S,A,GCC,1
GCF_055387105.1,Caldifarcimen microaerophilum,gyrA_1_Caldifarcimen microaerophilum_GCF_055387105.1,1,2418,-1372.27685546875,481,119,T,A,GCC,1
GCF_055387105.1,Caldifarcimen microaerophilum,gyrA_1_Caldifarcimen microaerophilum_GCF_055387105.1,1,2418,-1372.27685546875,481,165,A,N,AAC,0
GCF_055387105.1,Caldifarcimen microaerophilum,gyrA_1_Caldifarcimen microaerophilum_GCF_055387105.1,1,2418,-1372.27685546875,481,196,E,A,GCC,0
GCF_055387105.1,Caldifarcimen microaerophilum,gyrA_1_Caldifarcimen microaerophilum_GCF_055387105.1,1,2418,-1372.27685546875,481,386,D,I,ATC,0
GCF_055386615.1,Azotobacter vinelandii,gyrA_1_Azotobacter vinelandii_GCF_055386615.1,1,2733,486.2379150390625,329,51,V,A,GCC,1
GCF_055386615.1,Azotobacter vinelandii,gyrA_1_Azotobacter vinelandii_GCF_055386615.1,1,2733,486.2379150390625,329,57,K,N,AAC,2
GCF_055386615.1,Azotobacter vinelandii,gyrA_1_Azotobacter vinelandii_GCF_055386615.1,1,2733,486.2379150390625,329,67,S,A,GCC,1
GCF_055386615.1,Azotobacter vinelandii,gyrA_1_Azotobacter vinelandii_GCF_055386615.1,1,2733,486.2379150390625,329,67,T,A,GCC,1
GCF_055386615.1,Azotobacter vinelandii,gyrA_1_Azotobacter vinelandii_GCF_055386615.1,1,2733,486.2379150390625,329,72,G,D,GAC,1
GCF_055386615.1,Azotobacter vinelandii,gyrA_1_Azotobacter vinelandii_GCF_055386615.1,1,2733,486.2379150390625,329,72,V,D,GAC,1
GCF_055386615.1,Azotobacter vinelandii,gyrA_1_Azotobacter vinelandii_GCF_055386615.1,1,2733,486.2379150390625,329,77,S,Y,TAC,1
GCF_055386615.1,Azotobacter vinelandii,gyrA_1_Azotobacter vinelandii_GCF_055386615.1,1,2733,486.2379150390625,329,80,P,H,CAC,1
GCF_055386615.1,Azotobacter vinelandii,gyrA_1_Azotobacter vinelandii_GCF_055386615.1,1,2733,486.2379150390625,329,80,R,H,CAC,1
GCF_055386615.1,Azotobacter vinelandii,gyrA_1_Azotobacter vinelandii_GCF_055386615.1,1,2733,486.2379150390625,329,81,C,G,GGC,1
GCF_055386615.1,Azotobacter vinelandii,gyrA_1_Azotobacter vinelandii_GCF_055386615.1,1,2733,486.2379150390625,329,81,D,G,GGC,1
GCF_055386615.1,Azotobacter vinelandii,gyrA_1_Azotobacter vinelandii_GCF_055386615.1,1,2733,486.2379150390625,329,82,G,D,GAC,1
GCF_055386615.1,Azotobacter vinelandii,gyrA_1_Azotobacter vinelandii_GCF_055386615.1,1,2733,486.2379150390625,329,82,N,D,GAC,1
GCF_055386615.1,Azotobacter vinelandii,gyrA_1_Azotobacter vinelandii_GCF_055386615.1,1,2733,486.2379150390625,329,82,Y,D,GAC,1
GCF_055386615.1,Azotobacter vinelandii,gyrA_1_Azotobacter vinelandii_GCF_055386615.1,1,2733,486.2379150390625,329,83,A,T,ACT,1
GCF_055386615.1,Azotobacter vinelandii,gyrA_1_Azotobacter vinelandii_GCF_055386615.1,1,2733,486.2379150390625,329,83,F,T,ACT,0
GCF_055386615.1,Azotobacter vinelandii,gyrA_1_Azotobacter vinelandii_GCF_055386615.1,1,2733,486.2379150390625,329,83,I,T,ACT,1
GCF_055386615.1,Azotobacter vinelandii,gyrA_1_Azotobacter vinelandii_GCF_055386615.1,1,2733,486.2379150390625,329,83,K,T,ACT,0
GCF_055386615.1,Azotobacter vinelandii,gyrA_1_Azotobacter vinelandii_GCF_055386615.1,1,2733,486.2379150390625,329,83,L,T,ACT,0
GCF_055386615.1,Azotobacter vinelandii,gyrA_1_Azotobacter vinelandii_GCF_055386615.1,1,2733,486.2379150390625,329,83,M,T,ACT,0
GCF_055386615.1,Azotobacter vinelandii,gyrA_1_Azotobacter vinelandii_GCF_055386615.1,1,2733,486.2379150390625,329,83,R,T,ACT,0
GCF_055386615.1,Azotobacter vinelandii,gyrA_1_Azotobacter vinelandii_GCF_055386615.1,1,2733,486.2379150390625,329,83,S,T,ACT,2
GCF_055386615.1,Azotobacter vinelandii,gyrA_1_Azotobacter vinelandii_GCF_055386615.1,1,2733,486.2379150390625,329,83,V,T,ACT,0
GCF_055386615.1,Azotobacter vinelandii,gyrA_1_Azotobacter vinelandii_GCF_055386615.1,1,2733,486.2379150390625,329,83,W,T,ACT,0
GCF_055386615.1,Azotobacter vinelandii,gyrA_1_Azotobacter vinelandii_GCF_055386615.1,1,2733,486.2379150390625,329,83,Y,T,ACT,0
GCF_055386615.1,Azotobacter vinelandii,gyrA_1_Azotobacter vinelandii_GCF_055386615.1,1,2733,486.2379150390625,329,84,A,A,GCG,3
GCF_055386615.1,Azotobacter vinelandii,gyrA_1_Azotobacter vinelandii_GCF_055386615.1,1,2733,486.2379150390625,329,84,P,A,GCG,1
GCF_055386615.1,Azotobacter vinelandii,gyrA_1_Azotobacter vinelandii_GCF_055386615.1,1,2733,486.2379150390625,329,84,V,A,GCG,1
GCF_055386615.1,Azotobacter vinelandii,gyrA_1_Azotobacter vinelandii_GCF_055386615.1,1,2733,486.2379150390625,329,86,N,Y,TAC,1
GCF_055386615.1,Azotobacter vinelandii,gyrA_1_Azotobacter vinelandii_GCF_055386615.1,1,2733,486.2379150390625,329,86,Y,Y,TAC,1
GCF_055386615.1,Azotobacter vinelandii,gyrA_1_Azotobacter vinelandii_GCF_055386615.1,1,2733,486.2379150390625,329,87,A,D,GAC,1
GCF_055386615.1,Azotobacter vinelandii,gyrA_1_Azotobacter vinelandii_GCF_055386615.1,1,2733,486.2379150390625,329,87,G,D,GAC,1
GCF_055386615.1,Azotobacter vinelandii,gyrA_1_Azotobacter vinelandii_GCF_055386615.1,1,2733,486.2379150390625,329,87,H,D,GAC,1
GCF_055386615.1,Azotobacter vinelandii,gyrA_1_Azotobacter vinelandii_GCF_055386615.1,1,2733,486.2379150390625,329,87,K,D,GAC,0
GCF_055386615.1,Azotobacter vinelandii,gyrA_1_Azotobacter vinelandii_GCF_055386615.1,1,2733,486.2379150390625,329,87,L,D,GAC,0
GCF_055386615.1,Azotobacter vinelandii,gyrA_1_Azotobacter vinelandii_GCF_055386615.1,1,2733,486.2379150390625,329,87,N,D,GAC,1
GCF_055386615.1,Azotobacter vinelandii,gyrA_1_Azotobacter vinelandii_GCF_055386615.1,1,2733,486.2379150390625,329,87,Q,D,GAC,0
GCF_055386615.1,Azotobacter vinelandii,gyrA_1_Azotobacter vinelandii_GCF_055386615.1,1,2733,486.2379150390625,329,87,R,D,GAC,0
GCF_055386615.1,Azotobacter vinelandii,gyrA_1_Azotobacter vinelandii_GCF_055386615.1,1,2733,486.2379150390625,329,87,T,D,GAC,0
GCF_055386615.1,Azotobacter vinelandii,gyrA_1_Azotobacter vinelandii_GCF_055386615.1,1,2733,486.2379150390625,329,87,V,D,GAC,1
GCF_055386615.1,Azotobacter vinelandii,gyrA_1_Azotobacter vinelandii_GCF_055386615.1,1,2733,486.2379150390625,329,87,Y,D,GAC,1
GCF_055386615.1,Azotobacter vinelandii,gyrA_1_Azotobacter vinelandii_GCF_055386615.1,1,2733,486.2379150390625,329,101,S,L,CTG,0
GCF_055386615.1,Azotobacter vinelandii,gyrA_1_Azotobacter vinelandii_GCF_055386615.1,1,2733,486.2379150390625,329,105,D,G,GGC,1
GCF_055386615.1,Azotobacter vinelandii,gyrA_1_Azotobacter vinelandii_GCF_055386615.1,1,2733,486.2379150390625,329,106,H,Q,CAG,2
GCF_055386615.1,Azotobacter vinelandii,gyrA_1_Azotobacter vinelandii_GCF_055386615.1,1,2733,486.2379150390625,329,106,L,Q,CAG,1
GCF_055386615.1,Azotobacter vinelandii,gyrA_1_Azotobacter vinelandii_GCF_055386615.1,1,2733,486.2379150390625,329,106,R,Q,CAG,1
GCF_055386615.1,Azotobacter vinelandii,gyrA_1_Azotobacter vinelandii_GCF_055386615.1,1,2733,486.2379150390625,329,119,S,A,GCC,1
GCF_055386615.1,Azotobacter vinelandii,gyrA_1_Azotobacter vinelandii_GCF_055386615.1,1,2733,486.2379150390625,329,119,T,A,GCC,1
GCF_055386615.1,Azotobacter vinelandii,gyrA_1_Azotobacter vinelandii_GCF_055386615.1,1,2733,486.2379150390625,329,165,A,N,AAC,0
GCF_055386615.1,Azotobacter vinelandii,gyrA_1_Azotobacter vinelandii_GCF_055386615.1,1,2733,486.2379150390625,329,196,E,A,GCG,1
GCF_055386615.1,Azotobacter vinelandii,gyrA_1_Azotobacter vinelandii_GCF_055386615.1,1,2733,486.2379150390625,329,386,D,A,GCG,0
GCF_055385745.1,Gracilibacillus boraciitolerans,gyrA_1_Gracilibacillus boraciitolerans_GCF_055385745.1,1,2478,-804.26849365234375,435,51,V,A,GCT,1
GCF_055385745.1,Gracilibacillus boraciitolerans,gyrA_1_Gracilibacillus boraciitolerans_GCF_055385745.1,1,2478,-804.26849365234375,435,57,K,M,ATG,1
GCF_055385745.1,Gracilibacillus boraciitolerans,gyrA_1_Gracilibacillus boraciitolerans_GCF_055385745.1,1,2478,-804.26849365234375,435,67,S,A,GCA,1
GCF_055385745.1,Gracilibacillus boraciitolerans,gyrA_1_Gracilibacillus boraciitolerans_GCF_055385745.1,1,2478,-804.26849365234375,435,67,T,A,GCA,1
GCF_055385745.1,Gracilibacillus boraciitolerans,gyrA_1_Gracilibacillus boraciitolerans_GCF_055385745.1,1,2478,-804.26849365234375,435,72,G,D,GAT,1
GCF_055385745.1,Gracilibacillus boraciitolerans,gyrA_1_Gracilibacillus boraciitolerans_GCF_055385745.1,1,2478,-804.26849365234375,435,72,V,D,GAT,1
GCF_055385745.1,Gracilibacillus boraciitolerans,gyrA_1_Gracilibacillus boraciitolerans_GCF_055385745.1,1,2478,-804.26849365234375,435,77,S,Y,TAT,1
GCF_055385745.1,Gracilibacillus boraciitolerans,gyrA_1_Gracilibacillus boraciitolerans_GCF_055385745.1,1,2478,-804.26849365234375,435,80,P,H,CAT,1
GCF_055385745.1,Gracilibacillus boraciitolerans,gyrA_1_Gracilibacillus boraciitolerans_GCF_055385745.1,1,2478,-804.26849365234375,435,80,R,H,CAT,1
GCF_055385745.1,Gracilibacillus boraciitolerans,gyrA_1_Gracilibacillus boraciitolerans_GCF_055385745.1,1,2478,-804.26849365234375,435,81,C,G,GGT,1
GCF_055385745.1,Gracilibacillus boraciitolerans,gyrA_1_Gracilibacillus boraciitolerans_GCF_055385745.1,1,2478,-804.26849365234375,435,81,D,G,GGT,1
GCF_055385745.1,Gracilibacillus boraciitolerans,gyrA_1_Gracilibacillus boraciitolerans_GCF_055385745.1,1,2478,-804.26849365234375,435,82,G,D,GAT,1
GCF_055385745.1,Gracilibacillus boraciitolerans,gyrA_1_Gracilibacillus boraciitolerans_GCF_055385745.1,1,2478,-804.26849365234375,435,82,N,D,GAT,1
GCF_055385745.1,Gracilibacillus boraciitolerans,gyrA_1_Gracilibacillus boraciitolerans_GCF_055385745.1,1,2478,-804.26849365234375,435,82,Y,D,GAT,1
GCF_055385745.1,Gracilibacillus boraciitolerans,gyrA_1_Gracilibacillus boraciitolerans_GCF_055385745.1,1,2478,-804.26849365234375,435,83,A,S,TCT,1
GCF_055385745.1,Gracilibacillus boraciitolerans,gyrA_1_Gracilibacillus boraciitolerans_GCF_055385745.1,1,2478,-804.26849365234375,435,83,F,S,TCT,1
GCF_055385745.1,Gracilibacillus boraciitolerans,gyrA_1_Gracilibacillus boraciitolerans_GCF_055385745.1,1,2478,-804.26849365234375,435,83,I,S,TCT,0
GCF_055385745.1,Gracilibacillus boraciitolerans,gyrA_1_Gracilibacillus boraciitolerans_GCF_055385745.1,1,2478,-804.26849365234375,435,83,K,S,TCT,0
GCF_055385745.1,Gracilibacillus boraciitolerans,gyrA_1_Gracilibacillus boraciitolerans_GCF_055385745.1,1,2478,-804.26849365234375,435,83,L,S,TCT,0
GCF_055385745.1,Gracilibacillus boraciitolerans,gyrA_1_Gracilibacillus boraciitolerans_GCF_055385745.1,1,2478,-804.26849365234375,435,83,M,S,TCT,0
GCF_055385745.1,Gracilibacillus boraciitolerans,gyrA_1_Gracilibacillus boraciitolerans_GCF_055385745.1,1,2478,-804.26849365234375,435,83,R,S,TCT,0
GCF_055385745.1,Gracilibacillus boraciitolerans,gyrA_1_Gracilibacillus boraciitolerans_GCF_055385745.1,1,2478,-804.26849365234375,435,83,S,S,TCT,3
GCF_055385745.1,Gracilibacillus boraciitolerans,gyrA_1_Gracilibacillus boraciitolerans_GCF_055385745.1,1,2478,-804.26849365234375,435,83,V,S,TCT,0
GCF_055385745.1,Gracilibacillus boraciitolerans,gyrA_1_Gracilibacillus boraciitolerans_GCF_055385745.1,1,2478,-804.26849365234375,435,83,W,S,TCT,0
GCF_055385745.1,Gracilibacillus boraciitolerans,gyrA_1_Gracilibacillus boraciitolerans_GCF_055385745.1,1,2478,-804.26849365234375,435,83,Y,S,TCT,1
GCF_055385745.1,Gracilibacillus boraciitolerans,gyrA_1_Gracilibacillus boraciitolerans_GCF_055385745.1,1,2478,-804.26849365234375,435,84,A,A,GCT,3
GCF_055385745.1,Gracilibacillus boraciitolerans,gyrA_1_Gracilibacillus boraciitolerans_GCF_055385745.1,1,2478,-804.26849365234375,435,84,P,A,GCT,1
GCF_055385745.1,Gracilibacillus boraciitolerans,gyrA_1_Gracilibacillus boraciitolerans_GCF_055385745.1,1,2478,-804.26849365234375,435,84,V,A,GCT,1
GCF_055385745.1,Gracilibacillus boraciitolerans,gyrA_1_Gracilibacillus boraciitolerans_GCF_055385745.1,1,2478,-804.26849365234375,435,86,N,Y,TAT,1
GCF_055385745.1,Gracilibacillus boraciitolerans,gyrA_1_Gracilibacillus boraciitolerans_GCF_055385745.1,1,2478,-804.26849365234375,435,86,Y,Y,TAT,1
GCF_055385745.1,Gracilibacillus boraciitolerans,gyrA_1_Gracilibacillus boraciitolerans_GCF_055385745.1,1,2478,-804.26849365234375,435,87,A,E,GAA,1
GCF_055385745.1,Gracilibacillus boraciitolerans,gyrA_1_Gracilibacillus boraciitolerans_GCF_055385745.1,1,2478,-804.26849365234375,435,87,G,E,GAA,1
GCF_055385745.1,Gracilibacillus boraciitolerans,gyrA_1_Gracilibacillus boraciitolerans_GCF_055385745.1,1,2478,-804.26849365234375,435,87,H,E,GAA,0
GCF_055385745.1,Gracilibacillus boraciitolerans,gyrA_1_Gracilibacillus boraciitolerans_GCF_055385745.1,1,2478,-804.26849365234375,435,87,K,E,GAA,1
GCF_055385745.1,Gracilibacillus boraciitolerans,gyrA_1_Gracilibacillus boraciitolerans_GCF_055385745.1,1,2478,-804.26849365234375,435,87,L,E,GAA,0
GCF_055385745.1,Gracilibacillus boraciitolerans,gyrA_1_Gracilibacillus boraciitolerans_GCF_055385745.1,1,2478,-804.26849365234375,435,87,N,E,GAA,0
GCF_055385745.1,Gracilibacillus boraciitolerans,gyrA_1_Gracilibacillus boraciitolerans_GCF_055385745.1,1,2478,-804.26849365234375,435,87,Q,E,GAA,1
GCF_055385745.1,Gracilibacillus boraciitolerans,gyrA_1_Gracilibacillus boraciitolerans_GCF_055385745.1,1,2478,-804.26849365234375,435,87,R,E,GAA,0
GCF_055385745.1,Gracilibacillus boraciitolerans,gyrA_1_Gracilibacillus boraciitolerans_GCF_055385745.1,1,2478,-804.26849365234375,435,87,T,E,GAA,0
GCF_055385745.1,Gracilibacillus boraciitolerans,gyrA_1_Gracilibacillus boraciitolerans_GCF_055385745.1,1,2478,-804.26849365234375,435,87,V,E,GAA,1
GCF_055385745.1,Gracilibacillus boraciitolerans,gyrA_1_Gracilibacillus boraciitolerans_GCF_055385745.1,1,2478,-804.26849365234375,435,87,Y,E,GAA,0
GCF_055385745.1,Gracilibacillus boraciitolerans,gyrA_1_Gracilibacillus boraciitolerans_GCF_055385745.1,1,2478,-804.26849365234375,435,101,S,M,ATG,0
GCF_055385745.1,Gracilibacillus boraciitolerans,gyrA_1_Gracilibacillus boraciitolerans_GCF_055385745.1,1,2478,-804.26849365234375,435,105,D,G,GGT,1
GCF_055385745.1,Gracilibacillus boraciitolerans,gyrA_1_Gracilibacillus boraciitolerans_GCF_055385745.1,1,2478,-804.26849365234375,435,106,H,H,CAT,1
GCF_055385745.1,Gracilibacillus boraciitolerans,gyrA_1_Gracilibacillus boraciitolerans_GCF_055385745.1,1,2478,-804.26849365234375,435,106,L,H,CAT,1
GCF_055385745.1,Gracilibacillus boraciitolerans,gyrA_1_Gracilibacillus boraciitolerans_GCF_055385745.1,1,2478,-804.26849365234375,435,106,R,H,CAT,1
GCF_055385745.1,Gracilibacillus boraciitolerans,gyrA_1_Gracilibacillus boraciitolerans_GCF_055385745.1,1,2478,-804.26849365234375,435,119,S,A,GCA,1
GCF_055385745.1,Gracilibacillus boraciitolerans,gyrA_1_Gracilibacillus boraciitolerans_GCF_055385745.1,1,2478,-804.26849365234375,435,119,T,A,GCA,1
GCF_055385745.1,Gracilibacillus boraciitolerans,gyrA_1_Gracilibacillus boraciitolerans_GCF_055385745.1,1,2478,-804.26849365234375,435,165,A,N,AAC,0
GCF_055385745.1,Gracilibacillus boraciitolerans,gyrA_1_Gracilibacillus boraciitolerans_GCF_055385745.1,1,2478,-804.26849365234375,435,196,E,A,GCT,0
GCF_055385745.1,Gracilibacillus boraciitolerans,gyrA_1_Gracilibacillus boraciitolerans_GCF_055385745.1,1,2478,-804.26849365234375,435,386,D,A,GCC,1
GCF_055385145.1,Methylobacillus glycogenes,gyrA_1_Methylobacillus glycogenes_GCF_055385145.1,1,2565,212.37799072265625,335,51,V,A,GCC,1
GCF_055385145.1,Methylobacillus glycogenes,gyrA_1_Methylobacillus glycogenes_GCF_055385145.1,1,2565,212.37799072265625,335,57,K,N,AAC,2
GCF_055385145.1,Methylobacillus glycogenes,gyrA_1_Methylobacillus glycogenes_GCF_055385145.1,1,2565,212.37799072265625,335,67,S,A,GCC,1
GCF_055385145.1,Methylobacillus glycogenes,gyrA_1_Methylobacillus glycogenes_GCF_055385145.1,1,2565,212.37799072265625,335,67,T,A,GCC,1
GCF_055385145.1,Methylobacillus glycogenes,gyrA_1_Methylobacillus glycogenes_GCF_055385145.1,1,2565,212.37799072265625,335,72,G,D,GAC,1
GCF_055385145.1,Methylobacillus glycogenes,gyrA_1_Methylobacillus glycogenes_GCF_055385145.1,1,2565,212.37799072265625,335,72,V,D,GAC,1
GCF_055385145.1,Methylobacillus glycogenes,gyrA_1_Methylobacillus glycogenes_GCF_055385145.1,1,2565,212.37799072265625,335,77,S,Y,TAC,1
GCF_055385145.1,Methylobacillus glycogenes,gyrA_1_Methylobacillus glycogenes_GCF_055385145.1,1,2565,212.37799072265625,335,80,P,H,CAC,1
GCF_055385145.1,Methylobacillus glycogenes,gyrA_1_Methylobacillus glycogenes_GCF_055385145.1,1,2565,212.37799072265625,335,80,R,H,CAC,1
GCF_055385145.1,Methylobacillus glycogenes,gyrA_1_Methylobacillus glycogenes_GCF_055385145.1,1,2565,212.37799072265625,335,81,C,G,GGT,1
GCF_055385145.1,Methylobacillus glycogenes,gyrA_1_Methylobacillus glycogenes_GCF_055385145.1,1,2565,212.37799072265625,335,81,D,G,GGT,1
GCF_055385145.1,Methylobacillus glycogenes,gyrA_1_Methylobacillus glycogenes_GCF_055385145.1,1,2565,212.37799072265625,335,82,G,D,GAC,1
GCF_055385145.1,Methylobacillus glycogenes,gyrA_1_Methylobacillus glycogenes_GCF_055385145.1,1,2565,212.37799072265625,335,82,N,D,GAC,1
GCF_055385145.1,Methylobacillus glycogenes,gyrA_1_Methylobacillus glycogenes_GCF_055385145.1,1,2565,212.37799072265625,335,82,Y,D,GAC,1
GCF_055385145.1,Methylobacillus glycogenes,gyrA_1_Methylobacillus glycogenes_GCF_055385145.1,1,2565,212.37799072265625,335,83,A,T,ACT,1
GCF_055385145.1,Methylobacillus glycogenes,gyrA_1_Methylobacillus glycogenes_GCF_055385145.1,1,2565,212.37799072265625,335,83,F,T,ACT,0
GCF_055385145.1,Methylobacillus glycogenes,gyrA_1_Methylobacillus glycogenes_GCF_055385145.1,1,2565,212.37799072265625,335,83,I,T,ACT,1
GCF_055385145.1,Methylobacillus glycogenes,gyrA_1_Methylobacillus glycogenes_GCF_055385145.1,1,2565,212.37799072265625,335,83,K,T,ACT,0
GCF_055385145.1,Methylobacillus glycogenes,gyrA_1_Methylobacillus glycogenes_GCF_055385145.1,1,2565,212.37799072265625,335,83,L,T,ACT,0
GCF_055385145.1,Methylobacillus glycogenes,gyrA_1_Methylobacillus glycogenes_GCF_055385145.1,1,2565,212.37799072265625,335,83,M,T,ACT,0
GCF_055385145.1,Methylobacillus glycogenes,gyrA_1_Methylobacillus glycogenes_GCF_055385145.1,1,2565,212.37799072265625,335,83,R,T,ACT,0
GCF_055385145.1,Methylobacillus glycogenes,gyrA_1_Methylobacillus glycogenes_GCF_055385145.1,1,2565,212.37799072265625,335,83,S,T,ACT,2
GCF_055385145.1,Methylobacillus glycogenes,gyrA_1_Methylobacillus glycogenes_GCF_055385145.1,1,2565,212.37799072265625,335,83,V,T,ACT,0
GCF_055385145.1,Methylobacillus glycogenes,gyrA_1_Methylobacillus glycogenes_GCF_055385145.1,1,2565,212.37799072265625,335,83,W,T,ACT,0
GCF_055385145.1,Methylobacillus glycogenes,gyrA_1_Methylobacillus glycogenes_GCF_055385145.1,1,2565,212.37799072265625,335,83,Y,T,ACT,0
GCF_055385145.1,Methylobacillus glycogenes,gyrA_1_Methylobacillus glycogenes_GCF_055385145.1,1,2565,212.37799072265625,335,84,A,A,GCC,3
GCF_055385145.1,Methylobacillus glycogenes,gyrA_1_Methylobacillus glycogenes_GCF_055385145.1,1,2565,212.37799072265625,335,84,P,A,GCC,1
GCF_055385145.1,Methylobacillus glycogenes,gyrA_1_Methylobacillus glycogenes_GCF_055385145.1,1,2565,212.37799072265625,335,84,V,A,GCC,1
GCF_055385145.1,Methylobacillus glycogenes,gyrA_1_Methylobacillus glycogenes_GCF_055385145.1,1,2565,212.37799072265625,335,86,N,Y,TAC,1
GCF_055385145.1,Methylobacillus glycogenes,gyrA_1_Methylobacillus glycogenes_GCF_055385145.1,1,2565,212.37799072265625,335,86,Y,Y,TAC,1
GCF_055385145.1,Methylobacillus glycogenes,gyrA_1_Methylobacillus glycogenes_GCF_055385145.1,1,2565,212.37799072265625,335,87,A,D,GAC,1
GCF_055385145.1,Methylobacillus glycogenes,gyrA_1_Methylobacillus glycogenes_GCF_055385145.1,1,2565,212.37799072265625,335,87,G,D,GAC,1
GCF_055385145.1,Methylobacillus glycogenes,gyrA_1_Methylobacillus glycogenes_GCF_055385145.1,1,2565,212.37799072265625,335,87,H,D,GAC,1
GCF_055385145.1,Methylobacillus glycogenes,gyrA_1_Methylobacillus glycogenes_GCF_055385145.1,1,2565,212.37799072265625,335,87,K,D,GAC,0
GCF_055385145.1,Methylobacillus glycogenes,gyrA_1_Methylobacillus glycogenes_GCF_055385145.1,1,2565,212.37799072265625,335,87,L,D,GAC,0
GCF_055385145.1,Methylobacillus glycogenes,gyrA_1_Methylobacillus glycogenes_GCF_055385145.1,1,2565,212.37799072265625,335,87,N,D,GAC,1
GCF_055385145.1,Methylobacillus glycogenes,gyrA_1_Methylobacillus glycogenes_GCF_055385145.1,1,2565,212.37799072265625,335,87,Q,D,GAC,0
GCF_055385145.1,Methylobacillus glycogenes,gyrA_1_Methylobacillus glycogenes_GCF_055385145.1,1,2565,212.37799072265625,335,87,R,D,GAC,0
GCF_055385145.1,Methylobacillus glycogenes,gyrA_1_Methylobacillus glycogenes_GCF_055385145.1,1,2565,212.37799072265625,335,87,T,D,GAC,0
GCF_055385145.1,Methylobacillus glycogenes,gyrA_1_Methylobacillus glycogenes_GCF_055385145.1,1,2565,212.37799072265625,335,87,V,D,GAC,1
GCF_055385145.1,Methylobacillus glycogenes,gyrA_1_Methylobacillus glycogenes_GCF_055385145.1,1,2565,212.37799072265625,335,87,Y,D,GAC,1
GCF_055385145.1,Methylobacillus glycogenes,gyrA_1_Methylobacillus glycogenes_GCF_055385145.1,1,2565,212.37799072265625,335,101,S,M,ATG,0
GCF_055385145.1,Methylobacillus glycogenes,gyrA_1_Methylobacillus glycogenes_GCF_055385145.1,1,2565,212.37799072265625,335,105,D,G,GGT,1
GCF_055385145.1,Methylobacillus glycogenes,gyrA_1_Methylobacillus glycogenes_GCF_055385145.1,1,2565,212.37799072265625,335,106,H,Q,CAG,2
GCF_055385145.1,Methylobacillus glycogenes,gyrA_1_Methylobacillus glycogenes_GCF_055385145.1,1,2565,212.37799072265625,335,106,L,Q,CAG,1
GCF_055385145.1,Methylobacillus glycogenes,gyrA_1_Methylobacillus glycogenes_GCF_055385145.1,1,2565,212.37799072265625,335,106,R,Q,CAG,1
GCF_055385145.1,Methylobacillus glycogenes,gyrA_1_Methylobacillus glycogenes_GCF_055385145.1,1,2565,212.37799072265625,335,119,S,A,GCG,1
GCF_055385145.1,Methylobacillus glycogenes,gyrA_1_Methylobacillus glycogenes_GCF_055385145.1,1,2565,212.37799072265625,335,119,T,A,GCG,1
GCF_055385145.1,Methylobacillus glycogenes,gyrA_1_Methylobacillus glycogenes_GCF_055385145.1,1,2565,212.37799072265625,335,165,A,N,AAT,0
GCF_055385145.1,Methylobacillus glycogenes,gyrA_1_Methylobacillus glycogenes_GCF_055385145.1,1,2565,212.37799072265625,335,196,E,T,ACC,0
GCF_055385145.1,Methylobacillus glycogenes,gyrA_1_Methylobacillus glycogenes_GCF_055385145.1,1,2565,212.37799072265625,335,386,D,A,GCG,0
GCF_055384375.1,Thiofractor thiocamini,gyrA_1_Thiofractor thiocamini_GCF_055384375.1,1,2517,-1092.343017578125,460,51,V,A,GCA,1
GCF_055384375.1,Thiofractor thiocamini,gyrA_1_Thiofractor thiocamini_GCF_055384375.1,1,2517,-1092.343017578125,460,57,K,L,CTA,0
GCF_055384375.1,Thiofractor thiocamini,gyrA_1_Thiofractor thiocamini_GCF_055384375.1,1,2517,-1092.343017578125,460,67,S,A,GCT,1
GCF_055384375.1,Thiofractor thiocamini,gyrA_1_Thiofractor thiocamini_GCF_055384375.1,1,2517,-1092.343017578125,460,67,T,A,GCT,1
GCF_055384375.1,Thiofractor thiocamini,gyrA_1_Thiofractor thiocamini_GCF_055384375.1,1,2517,-1092.343017578125,460,72,G,D,GAT,1
GCF_055384375.1,Thiofractor thiocamini,gyrA_1_Thiofractor thiocamini_GCF_055384375.1,1,2517,-1092.343017578125,460,72,V,D,GAT,1
GCF_055384375.1,Thiofractor thiocamini,gyrA_1_Thiofractor thiocamini_GCF_055384375.1,1,2517,-1092.343017578125,460,77,S,Y,TAT,1
GCF_055384375.1,Thiofractor thiocamini,gyrA_1_Thiofractor thiocamini_GCF_055384375.1,1,2517,-1092.343017578125,460,80,P,H,CAC,1
GCF_055384375.1,Thiofractor thiocamini,gyrA_1_Thiofractor thiocamini_GCF_055384375.1,1,2517,-1092.343017578125,460,80,R,H,CAC,1
GCF_055384375.1,Thiofractor thiocamini,gyrA_1_Thiofractor thiocamini_GCF_055384375.1,1,2517,-1092.343017578125,460,81,C,G,GGC,1
GCF_055384375.1,Thiofractor thiocamini,gyrA_1_Thiofractor thiocamini_GCF_055384375.1,1,2517,-1092.343017578125,460,81,D,G,GGC,1
GCF_055384375.1,Thiofractor thiocamini,gyrA_1_Thiofractor thiocamini_GCF_055384375.1,1,2517,-1092.343017578125,460,82,G,D,GAC,1
GCF_055384375.1,Thiofractor thiocamini,gyrA_1_Thiofractor thiocamini_GCF_055384375.1,1,2517,-1092.343017578125,460,82,N,D,GAC,1
GCF_055384375.1,Thiofractor thiocamini,gyrA_1_Thiofractor thiocamini_GCF_055384375.1,1,2517,-1092.343017578125,460,82,Y,D,GAC,1
GCF_055384375.1,Thiofractor thiocamini,gyrA_1_Thiofractor thiocamini_GCF_055384375.1,1,2517,-1092.343017578125,460,83,A,N,AAT,0
GCF_055384375.1,Thiofractor thiocamini,gyrA_1_Thiofractor thiocamini_GCF_055384375.1,1,2517,-1092.343017578125,460,83,F,N,AAT,0
GCF_055384375.1,Thiofractor thiocamini,gyrA_1_Thiofractor thiocamini_GCF_055384375.1,1,2517,-1092.343017578125,460,83,I,N,AAT,1
GCF_055384375.1,Thiofractor thiocamini,gyrA_1_Thiofractor thiocamini_GCF_055384375.1,1,2517,-1092.343017578125,460,83,K,N,AAT,2
GCF_055384375.1,Thiofractor thiocamini,gyrA_1_Thiofractor thiocamini_GCF_055384375.1,1,2517,-1092.343017578125,460,83,L,N,AAT,0
GCF_055384375.1,Thiofractor thiocamini,gyrA_1_Thiofractor thiocamini_GCF_055384375.1,1,2517,-1092.343017578125,460,83,M,N,AAT,0
GCF_055384375.1,Thiofractor thiocamini,gyrA_1_Thiofractor thiocamini_GCF_055384375.1,1,2517,-1092.343017578125,460,83,R,N,AAT,0
GCF_055384375.1,Thiofractor thiocamini,gyrA_1_Thiofractor thiocamini_GCF_055384375.1,1,2517,-1092.343017578125,460,83,S,N,AAT,1
GCF_055384375.1,Thiofractor thiocamini,gyrA_1_Thiofractor thiocamini_GCF_055384375.1,1,2517,-1092.343017578125,460,83,V,N,AAT,0
GCF_055384375.1,Thiofractor thiocamini,gyrA_1_Thiofractor thiocamini_GCF_055384375.1,1,2517,-1092.343017578125,460,83,W,N,AAT,0
GCF_055384375.1,Thiofractor thiocamini,gyrA_1_Thiofractor thiocamini_GCF_055384375.1,1,2517,-1092.343017578125,460,83,Y,N,AAT,1
GCF_055384375.1,Thiofractor thiocamini,gyrA_1_Thiofractor thiocamini_GCF_055384375.1,1,2517,-1092.343017578125,460,84,A,A,GCA,3
GCF_055384375.1,Thiofractor thiocamini,gyrA_1_Thiofractor thiocamini_GCF_055384375.1,1,2517,-1092.343017578125,460,84,P,A,GCA,1
GCF_055384375.1,Thiofractor thiocamini,gyrA_1_Thiofractor thiocamini_GCF_055384375.1,1,2517,-1092.343017578125,460,84,V,A,GCA,1
GCF_055384375.1,Thiofractor thiocamini,gyrA_1_Thiofractor thiocamini_GCF_055384375.1,1,2517,-1092.343017578125,460,86,N,Y,TAT,1
GCF_055384375.1,Thiofractor thiocamini,gyrA_1_Thiofractor thiocamini_GCF_055384375.1,1,2517,-1092.343017578125,460,86,Y,Y,TAT,1
GCF_055384375.1,Thiofractor thiocamini,gyrA_1_Thiofractor thiocamini_GCF_055384375.1,1,2517,-1092.343017578125,460,87,A,D,GAT,1
GCF_055384375.1,Thiofractor thiocamini,gyrA_1_Thiofractor thiocamini_GCF_055384375.1,1,2517,-1092.343017578125,460,87,G,D,GAT,1
GCF_055384375.1,Thiofractor thiocamini,gyrA_1_Thiofractor thiocamini_GCF_055384375.1,1,2517,-1092.343017578125,460,87,H,D,GAT,1
GCF_055384375.1,Thiofractor thiocamini,gyrA_1_Thiofractor thiocamini_GCF_055384375.1,1,2517,-1092.343017578125,460,87,K,D,GAT,0
GCF_055384375.1,Thiofractor thiocamini,gyrA_1_Thiofractor thiocamini_GCF_055384375.1,1,2517,-1092.343017578125,460,87,L,D,GAT,0
GCF_055384375.1,Thiofractor thiocamini,gyrA_1_Thiofractor thiocamini_GCF_055384375.1,1,2517,-1092.343017578125,460,87,N,D,GAT,1
GCF_055384375.1,Thiofractor thiocamini,gyrA_1_Thiofractor thiocamini_GCF_055384375.1,1,2517,-1092.343017578125,460,87,Q,D,GAT,0
GCF_055384375.1,Thiofractor thiocamini,gyrA_1_Thiofractor thiocamini_GCF_055384375.1,1,2517,-1092.343017578125,460,87,R,D,GAT,0
GCF_055384375.1,Thiofractor thiocamini,gyrA_1_Thiofractor thiocamini_GCF_055384375.1,1,2517,-1092.343017578125,460,87,T,D,GAT,0
GCF_055384375.1,Thiofractor thiocamini,gyrA_1_Thiofractor thiocamini_GCF_055384375.1,1,2517,-1092.343017578125,460,87,V,D,GAT,1
GCF_055384375.1,Thiofractor thiocamini,gyrA_1_Thiofractor thiocamini_GCF_055384375.1,1,2517,-1092.343017578125,460,87,Y,D,GAT,1
GCF_055384375.1,Thiofractor thiocamini,gyrA_1_Thiofractor thiocamini_GCF_055384375.1,1,2517,-1092.343017578125,460,101,S,P,CCT,1
GCF_055384375.1,Thiofractor thiocamini,gyrA_1_Thiofractor thiocamini_GCF_055384375.1,1,2517,-1092.343017578125,460,105,D,G,GGT,1
GCF_055384375.1,Thiofractor thiocamini,gyrA_1_Thiofractor thiocamini_GCF_055384375.1,1,2517,-1092.343017578125,460,106,H,Q,CAG,2
GCF_055384375.1,Thiofractor thiocamini,gyrA_1_Thiofractor thiocamini_GCF_055384375.1,1,2517,-1092.343017578125,460,106,L,Q,CAG,1
GCF_055384375.1,Thiofractor thiocamini,gyrA_1_Thiofractor thiocamini_GCF_055384375.1,1,2517,-1092.343017578125,460,106,R,Q,CAG,1
GCF_055384375.1,Thiofractor thiocamini,gyrA_1_Thiofractor thiocamini_GCF_055384375.1,1,2517,-1092.343017578125,460,119,S,A,GCC,1
GCF_055384375.1,Thiofractor thiocamini,gyrA_1_Thiofractor thiocamini_GCF_055384375.1,1,2517,-1092.343017578125,460,119,T,A,GCC,1
GCF_055384375.1,Thiofractor thiocamini,gyrA_1_Thiofractor thiocamini_GCF_055384375.1,1,2517,-1092.343017578125,460,165,A,N,AAC,0
GCF_055384375.1,Thiofractor thiocamini,gyrA_1_Thiofractor thiocamini_GCF_055384375.1,1,2517,-1092.343017578125,460,196,E,H,CAT,0
GCF_055384375.1,Thiofractor thiocamini,gyrA_1_Thiofractor thiocamini_GCF_055384375.1,1,2517,-1092.343017578125,460,386,D,A,GCG,0
GCF_055383675.1,Mediterraneibacter faecis,gyrA_1_Mediterraneibacter faecis_GCF_055383675.1,1,2550,-1140.25244140625,467,51,V,S,TCA,0
GCF_055383675.1,Mediterraneibacter faecis,gyrA_1_Mediterraneibacter faecis_GCF_055383675.1,1,2550,-1140.25244140625,467,57,K,N,AAT,2
GCF_055383675.1,Mediterraneibacter faecis,gyrA_1_Mediterraneibacter faecis_GCF_055383675.1,1,2550,-1140.25244140625,467,67,S,A,GCG,1
GCF_055383675.1,Mediterraneibacter faecis,gyrA_1_Mediterraneibacter faecis_GCF_055383675.1,1,2550,-1140.25244140625,467,67,T,A,GCG,1
GCF_055383675.1,Mediterraneibacter faecis,gyrA_1_Mediterraneibacter faecis_GCF_055383675.1,1,2550,-1140.25244140625,467,72,G,D,GAT,1
GCF_055383675.1,Mediterraneibacter faecis,gyrA_1_Mediterraneibacter faecis_GCF_055383675.1,1,2550,-1140.25244140625,467,72,V,D,GAT,1
GCF_055383675.1,Mediterraneibacter faecis,gyrA_1_Mediterraneibacter faecis_GCF_055383675.1,1,2550,-1140.25244140625,467,77,S,Y,TAC,1
GCF_055383675.1,Mediterraneibacter faecis,gyrA_1_Mediterraneibacter faecis_GCF_055383675.1,1,2550,-1140.25244140625,467,80,P,H,CAT,1
GCF_055383675.1,Mediterraneibacter faecis,gyrA_1_Mediterraneibacter faecis_GCF_055383675.1,1,2550,-1140.25244140625,467,80,R,H,CAT,1
GCF_055383675.1,Mediterraneibacter faecis,gyrA_1_Mediterraneibacter faecis_GCF_055383675.1,1,2550,-1140.25244140625,467,81,C,G,GGA,0
GCF_055383675.1,Mediterraneibacter faecis,gyrA_1_Mediterraneibacter faecis_GCF_055383675.1,1,2550,-1140.25244140625,467,81,D,G,GGA,0
GCF_055383675.1,Mediterraneibacter faecis,gyrA_1_Mediterraneibacter faecis_GCF_055383675.1,1,2550,-1140.25244140625,467,82,G,D,GAC,1
GCF_055383675.1,Mediterraneibacter faecis,gyrA_1_Mediterraneibacter faecis_GCF_055383675.1,1,2550,-1140.25244140625,467,82,N,D,GAC,1
GCF_055383675.1,Mediterraneibacter faecis,gyrA_1_Mediterraneibacter faecis_GCF_055383675.1,1,2550,-1140.25244140625,467,82,Y,D,GAC,1
GCF_055383675.1,Mediterraneibacter faecis,gyrA_1_Mediterraneibacter faecis_GCF_055383675.1,1,2550,-1140.25244140625,467,83,A,S,AGC,0
GCF_055383675.1,Mediterraneibacter faecis,gyrA_1_Mediterraneibacter faecis_GCF_055383675.1,1,2550,-1140.25244140625,467,83,F,S,AGC,0
GCF_055383675.1,Mediterraneibacter faecis,gyrA_1_Mediterraneibacter faecis_GCF_055383675.1,1,2550,-1140.25244140625,467,83,I,S,AGC,1
GCF_055383675.1,Mediterraneibacter faecis,gyrA_1_Mediterraneibacter faecis_GCF_055383675.1,1,2550,-1140.25244140625,467,83,K,S,AGC,0
GCF_055383675.1,Mediterraneibacter faecis,gyrA_1_Mediterraneibacter faecis_GCF_055383675.1,1,2550,-1140.25244140625,467,83,L,S,AGC,0
GCF_055383675.1,Mediterraneibacter faecis,gyrA_1_Mediterraneibacter faecis_GCF_055383675.1,1,2550,-1140.25244140625,467,83,M,S,AGC,0
GCF_055383675.1,Mediterraneibacter faecis,gyrA_1_Mediterraneibacter faecis_GCF_055383675.1,1,2550,-1140.25244140625,467,83,R,S,AGC,3
GCF_055383675.1,Mediterraneibacter faecis,gyrA_1_Mediterraneibacter faecis_GCF_055383675.1,1,2550,-1140.25244140625,467,83,S,S,AGC,1
GCF_055383675.1,Mediterraneibacter faecis,gyrA_1_Mediterraneibacter faecis_GCF_055383675.1,1,2550,-1140.25244140625,467,83,V,S,AGC,0
GCF_055383675.1,Mediterraneibacter faecis,gyrA_1_Mediterraneibacter faecis_GCF_055383675.1,1,2550,-1140.25244140625,467,83,W,S,AGC,0
GCF_055383675.1,Mediterraneibacter faecis,gyrA_1_Mediterraneibacter faecis_GCF_055383675.1,1,2550,-1140.25244140625,467,83,Y,S,AGC,0
GCF_055383675.1,Mediterraneibacter faecis,gyrA_1_Mediterraneibacter faecis_GCF_055383675.1,1,2550,-1140.25244140625,467,84,A,S,TCG,1
GCF_055383675.1,Mediterraneibacter faecis,gyrA_1_Mediterraneibacter faecis_GCF_055383675.1,1,2550,-1140.25244140625,467,84,P,S,TCG,1
GCF_055383675.1,Mediterraneibacter faecis,gyrA_1_Mediterraneibacter faecis_GCF_055383675.1,1,2550,-1140.25244140625,467,84,V,S,TCG,0
GCF_055383675.1,Mediterraneibacter faecis,gyrA_1_Mediterraneibacter faecis_GCF_055383675.1,1,2550,-1140.25244140625,467,86,N,Y,TAT,1
GCF_055383675.1,Mediterraneibacter faecis,gyrA_1_Mediterraneibacter faecis_GCF_055383675.1,1,2550,-1140.25244140625,467,86,Y,Y,TAT,1
GCF_055383675.1,Mediterraneibacter faecis,gyrA_1_Mediterraneibacter faecis_GCF_055383675.1,1,2550,-1140.25244140625,467,87,A,G,GGA,1
GCF_055383675.1,Mediterraneibacter faecis,gyrA_1_Mediterraneibacter faecis_GCF_055383675.1,1,2550,-1140.25244140625,467,87,G,G,GGA,3
GCF_055383675.1,Mediterraneibacter faecis,gyrA_1_Mediterraneibacter faecis_GCF_055383675.1,1,2550,-1140.25244140625,467,87,H,G,GGA,0
GCF_055383675.1,Mediterraneibacter faecis,gyrA_1_Mediterraneibacter faecis_GCF_055383675.1,1,2550,-1140.25244140625,467,87,K,G,GGA,0
GCF_055383675.1,Mediterraneibacter faecis,gyrA_1_Mediterraneibacter faecis_GCF_055383675.1,1,2550,-1140.25244140625,467,87,L,G,GGA,0
GCF_055383675.1,Mediterraneibacter faecis,gyrA_1_Mediterraneibacter faecis_GCF_055383675.1,1,2550,-1140.25244140625,467,87,N,G,GGA,0
GCF_055383675.1,Mediterraneibacter faecis,gyrA_1_Mediterraneibacter faecis_GCF_055383675.1,1,2550,-1140.25244140625,467,87,Q,G,GGA,0
GCF_055383675.1,Mediterraneibacter faecis,gyrA_1_Mediterraneibacter faecis_GCF_055383675.1,1,2550,-1140.25244140625,467,87,R,G,GGA,2
GCF_055383675.1,Mediterraneibacter faecis,gyrA_1_Mediterraneibacter faecis_GCF_055383675.1,1,2550,-1140.25244140625,467,87,T,G,GGA,0
GCF_055383675.1,Mediterraneibacter faecis,gyrA_1_Mediterraneibacter faecis_GCF_055383675.1,1,2550,-1140.25244140625,467,87,V,G,GGA,1
GCF_055383675.1,Mediterraneibacter faecis,gyrA_1_Mediterraneibacter faecis_GCF_055383675.1,1,2550,-1140.25244140625,467,87,Y,G,GGA,0
GCF_055383675.1,Mediterraneibacter faecis,gyrA_1_Mediterraneibacter faecis_GCF_055383675.1,1,2550,-1140.25244140625,467,101,S,P,CCT,1
GCF_055383675.1,Mediterraneibacter faecis,gyrA_1_Mediterraneibacter faecis_GCF_055383675.1,1,2550,-1140.25244140625,467,105,D,G,GGA,0
GCF_055383675.1,Mediterraneibacter faecis,gyrA_1_Mediterraneibacter faecis_GCF_055383675.1,1,2550,-1140.25244140625,467,106,H,H,CAC,1
GCF_055383675.1,Mediterraneibacter faecis,gyrA_1_Mediterraneibacter faecis_GCF_055383675.1,1,2550,-1140.25244140625,467,106,L,H,CAC,1
GCF_055383675.1,Mediterraneibacter faecis,gyrA_1_Mediterraneibacter faecis_GCF_055383675.1,1,2550,-1140.25244140625,467,106,R,H,CAC,1
GCF_055383675.1,Mediterraneibacter faecis,gyrA_1_Mediterraneibacter faecis_GCF_055383675.1,1,2550,-1140.25244140625,467,119,S,A,GCA,1
GCF_055383675.1,Mediterraneibacter faecis,gyrA_1_Mediterraneibacter faecis_GCF_055383675.1,1,2550,-1140.25244140625,467,119,T,A,GCA,1
GCF_055383675.1,Mediterraneibacter faecis,gyrA_1_Mediterraneibacter faecis_GCF_055383675.1,1,2550,-1140.25244140625,467,165,A,N,AAT,0
GCF_055383675.1,Mediterraneibacter faecis,gyrA_1_Mediterraneibacter faecis_GCF_055383675.1,1,2550,-1140.25244140625,467,196,E,Q,CAG,1
GCF_055383675.1,Mediterraneibacter faecis,gyrA_1_Mediterraneibacter faecis_GCF_055383675.1,1,2550,-1140.25244140625,467,386,D,A,GCT,1
GCF_055383125.1,Acidocella aluminiidurans,gyrA_1_Acidocella aluminiidurans_GCF_055383125.1,1,2736,-1234.5479736328125,489,51,V,A,GCG,1
GCF_055383125.1,Acidocella aluminiidurans,gyrA_1_Acidocella aluminiidurans_GCF_055383125.1,1,2736,-1234.5479736328125,489,57,K,N,AAC,2
GCF_055383125.1,Acidocella aluminiidurans,gyrA_1_Acidocella aluminiidurans_GCF_055383125.1,1,2736,-1234.5479736328125,489,67,S,A,GCC,1
GCF_055383125.1,Acidocella aluminiidurans,gyrA_1_Acidocella aluminiidurans_GCF_055383125.1,1,2736,-1234.5479736328125,489,67,T,A,GCC,1
GCF_055383125.1,Acidocella aluminiidurans,gyrA_1_Acidocella aluminiidurans_GCF_055383125.1,1,2736,-1234.5479736328125,489,72,G,D,GAC,1
GCF_055383125.1,Acidocella aluminiidurans,gyrA_1_Acidocella aluminiidurans_GCF_055383125.1,1,2736,-1234.5479736328125,489,72,V,D,GAC,1
GCF_055383125.1,Acidocella aluminiidurans,gyrA_1_Acidocella aluminiidurans_GCF_055383125.1,1,2736,-1234.5479736328125,489,77,S,Y,TAC,1
GCF_055383125.1,Acidocella aluminiidurans,gyrA_1_Acidocella aluminiidurans_GCF_055383125.1,1,2736,-1234.5479736328125,489,80,P,H,CAT,1
GCF_055383125.1,Acidocella aluminiidurans,gyrA_1_Acidocella aluminiidurans_GCF_055383125.1,1,2736,-1234.5479736328125,489,80,R,H,CAT,1
GCF_055383125.1,Acidocella aluminiidurans,gyrA_1_Acidocella aluminiidurans_GCF_055383125.1,1,2736,-1234.5479736328125,489,81,C,G,GGC,1
GCF_055383125.1,Acidocella aluminiidurans,gyrA_1_Acidocella aluminiidurans_GCF_055383125.1,1,2736,-1234.5479736328125,489,81,D,G,GGC,1
GCF_055383125.1,Acidocella aluminiidurans,gyrA_1_Acidocella aluminiidurans_GCF_055383125.1,1,2736,-1234.5479736328125,489,82,G,D,GAC,1
GCF_055383125.1,Acidocella aluminiidurans,gyrA_1_Acidocella aluminiidurans_GCF_055383125.1,1,2736,-1234.5479736328125,489,82,N,D,GAC,1
GCF_055383125.1,Acidocella aluminiidurans,gyrA_1_Acidocella aluminiidurans_GCF_055383125.1,1,2736,-1234.5479736328125,489,82,Y,D,GAC,1
GCF_055383125.1,Acidocella aluminiidurans,gyrA_1_Acidocella aluminiidurans_GCF_055383125.1,1,2736,-1234.5479736328125,489,83,A,Q,CAG,0
GCF_055383125.1,Acidocella aluminiidurans,gyrA_1_Acidocella aluminiidurans_GCF_055383125.1,1,2736,-1234.5479736328125,489,83,F,Q,CAG,0
GCF_055383125.1,Acidocella aluminiidurans,gyrA_1_Acidocella aluminiidurans_GCF_055383125.1,1,2736,-1234.5479736328125,489,83,I,Q,CAG,0
GCF_055383125.1,Acidocella aluminiidurans,gyrA_1_Acidocella aluminiidurans_GCF_055383125.1,1,2736,-1234.5479736328125,489,83,K,Q,CAG,1
GCF_055383125.1,Acidocella aluminiidurans,gyrA_1_Acidocella aluminiidurans_GCF_055383125.1,1,2736,-1234.5479736328125,489,83,L,Q,CAG,1
GCF_055383125.1,Acidocella aluminiidurans,gyrA_1_Acidocella aluminiidurans_GCF_055383125.1,1,2736,-1234.5479736328125,489,83,M,Q,CAG,0
GCF_055383125.1,Acidocella aluminiidurans,gyrA_1_Acidocella aluminiidurans_GCF_055383125.1,1,2736,-1234.5479736328125,489,83,R,Q,CAG,1
GCF_055383125.1,Acidocella aluminiidurans,gyrA_1_Acidocella aluminiidurans_GCF_055383125.1,1,2736,-1234.5479736328125,489,83,S,Q,CAG,0
GCF_055383125.1,Acidocella aluminiidurans,gyrA_1_Acidocella aluminiidurans_GCF_055383125.1,1,2736,-1234.5479736328125,489,83,V,Q,CAG,0
GCF_055383125.1,Acidocella aluminiidurans,gyrA_1_Acidocella aluminiidurans_GCF_055383125.1,1,2736,-1234.5479736328125,489,83,W,Q,CAG,0
GCF_055383125.1,Acidocella aluminiidurans,gyrA_1_Acidocella aluminiidurans_GCF_055383125.1,1,2736,-1234.5479736328125,489,83,Y,Q,CAG,0
GCF_055383125.1,Acidocella aluminiidurans,gyrA_1_Acidocella aluminiidurans_GCF_055383125.1,1,2736,-1234.5479736328125,489,84,A,A,GCG,3
GCF_055383125.1,Acidocella aluminiidurans,gyrA_1_Acidocella aluminiidurans_GCF_055383125.1,1,2736,-1234.5479736328125,489,84,P,A,GCG,1
GCF_055383125.1,Acidocella aluminiidurans,gyrA_1_Acidocella aluminiidurans_GCF_055383125.1,1,2736,-1234.5479736328125,489,84,V,A,GCG,1
GCF_055383125.1,Acidocella aluminiidurans,gyrA_1_Acidocella aluminiidurans_GCF_055383125.1,1,2736,-1234.5479736328125,489,86,N,Y,TAT,1
GCF_055383125.1,Acidocella aluminiidurans,gyrA_1_Acidocella aluminiidurans_GCF_055383125.1,1,2736,-1234.5479736328125,489,86,Y,Y,TAT,1
GCF_055383125.1,Acidocella aluminiidurans,gyrA_1_Acidocella aluminiidurans_GCF_055383125.1,1,2736,-1234.5479736328125,489,87,A,L,CTG,0
GCF_055383125.1,Acidocella aluminiidurans,gyrA_1_Acidocella aluminiidurans_GCF_055383125.1,1,2736,-1234.5479736328125,489,87,G,L,CTG,0
GCF_055383125.1,Acidocella aluminiidurans,gyrA_1_Acidocella aluminiidurans_GCF_055383125.1,1,2736,-1234.5479736328125,489,87,H,L,CTG,0
GCF_055383125.1,Acidocella aluminiidurans,gyrA_1_Acidocella aluminiidurans_GCF_055383125.1,1,2736,-1234.5479736328125,489,87,K,L,CTG,0
GCF_055383125.1,Acidocella aluminiidurans,gyrA_1_Acidocella aluminiidurans_GCF_055383125.1,1,2736,-1234.5479736328125,489,87,L,L,CTG,4
GCF_055383125.1,Acidocella aluminiidurans,gyrA_1_Acidocella aluminiidurans_GCF_055383125.1,1,2736,-1234.5479736328125,489,87,N,L,CTG,0
GCF_055383125.1,Acidocella aluminiidurans,gyrA_1_Acidocella aluminiidurans_GCF_055383125.1,1,2736,-1234.5479736328125,489,87,Q,L,CTG,1
GCF_055383125.1,Acidocella aluminiidurans,gyrA_1_Acidocella aluminiidurans_GCF_055383125.1,1,2736,-1234.5479736328125,489,87,R,L,CTG,1
GCF_055383125.1,Acidocella aluminiidurans,gyrA_1_Acidocella aluminiidurans_GCF_055383125.1,1,2736,-1234.5479736328125,489,87,T,L,CTG,0
GCF_055383125.1,Acidocella aluminiidurans,gyrA_1_Acidocella aluminiidurans_GCF_055383125.1,1,2736,-1234.5479736328125,489,87,V,L,CTG,1
GCF_055383125.1,Acidocella aluminiidurans,gyrA_1_Acidocella aluminiidurans_GCF_055383125.1,1,2736,-1234.5479736328125,489,87,Y,L,CTG,0
GCF_055383125.1,Acidocella aluminiidurans,gyrA_1_Acidocella aluminiidurans_GCF_055383125.1,1,2736,-1234.5479736328125,489,101,S,P,CCG,1
GCF_055383125.1,Acidocella aluminiidurans,gyrA_1_Acidocella aluminiidurans_GCF_055383125.1,1,2736,-1234.5479736328125,489,105,D,G,GGT,1
GCF_055383125.1,Acidocella aluminiidurans,gyrA_1_Acidocella aluminiidurans_GCF_055383125.1,1,2736,-1234.5479736328125,489,106,H,Q,CAG,2
GCF_055383125.1,Acidocella aluminiidurans,gyrA_1_Acidocella aluminiidurans_GCF_055383125.1,1,2736,-1234.5479736328125,489,106,L,Q,CAG,1
GCF_055383125.1,Acidocella aluminiidurans,gyrA_1_Acidocella aluminiidurans_GCF_055383125.1,1,2736,-1234.5479736328125,489,106,R,Q,CAG,1
GCF_055383125.1,Acidocella aluminiidurans,gyrA_1_Acidocella aluminiidurans_GCF_055383125.1,1,2736,-1234.5479736328125,489,119,S,A,GCC,1
GCF_055383125.1,Acidocella aluminiidurans,gyrA_1_Acidocella aluminiidurans_GCF_055383125.1,1,2736,-1234.5479736328125,489,119,T,A,GCC,1
GCF_055383125.1,Acidocella aluminiidurans,gyrA_1_Acidocella aluminiidurans_GCF_055383125.1,1,2736,-1234.5479736328125,489,165,A,N,AAT,0
GCF_055383125.1,Acidocella aluminiidurans,gyrA_1_Acidocella aluminiidurans_GCF_055383125.1,1,2736,-1234.5479736328125,489,196,E,A,GCG,1
GCF_055383125.1,Acidocella aluminiidurans,gyrA_1_Acidocella aluminiidurans_GCF_055383125.1,1,2736,-1234.5479736328125,489,386,D,A,GCG,0
GCF_055382475.1,Halomonas beimenensis,gyrA_1_Halomonas beimenensis_GCF_055382475.1,1,2667,369.1869812011719,333,51,V,A,GCC,1
GCF_055382475.1,Halomonas beimenensis,gyrA_1_Halomonas beimenensis_GCF_055382475.1,1,2667,369.1869812011719,333,57,K,N,AAC,2
GCF_055382475.1,Halomonas beimenensis,gyrA_1_Halomonas beimenensis_GCF_055382475.1,1,2667,369.1869812011719,333,67,S,A,GCC,1
GCF_055382475.1,Halomonas beimenensis,gyrA_1_Halomonas beimenensis_GCF_055382475.1,1,2667,369.1869812011719,333,67,T,A,GCC,1
GCF_055382475.1,Halomonas beimenensis,gyrA_1_Halomonas beimenensis_GCF_055382475.1,1,2667,369.1869812011719,333,72,G,D,GAT,1
GCF_055382475.1,Halomonas beimenensis,gyrA_1_Halomonas beimenensis_GCF_055382475.1,1,2667,369.1869812011719,333,72,V,D,GAT,1
GCF_055382475.1,Halomonas beimenensis,gyrA_1_Halomonas beimenensis_GCF_055382475.1,1,2667,369.1869812011719,333,77,S,Y,TAC,1
GCF_055382475.1,Halomonas beimenensis,gyrA_1_Halomonas beimenensis_GCF_055382475.1,1,2667,369.1869812011719,333,80,P,H,CAC,1
GCF_055382475.1,Halomonas beimenensis,gyrA_1_Halomonas beimenensis_GCF_055382475.1,1,2667,369.1869812011719,333,80,R,H,CAC,1
GCF_055382475.1,Halomonas beimenensis,gyrA_1_Halomonas beimenensis_GCF_055382475.1,1,2667,369.1869812011719,333,81,C,G,GGC,1
GCF_055382475.1,Halomonas beimenensis,gyrA_1_Halomonas beimenensis_GCF_055382475.1,1,2667,369.1869812011719,333,81,D,G,GGC,1
GCF_055382475.1,Halomonas beimenensis,gyrA_1_Halomonas beimenensis_GCF_055382475.1,1,2667,369.1869812011719,333,82,G,D,GAC,1
GCF_055382475.1,Halomonas beimenensis,gyrA_1_Halomonas beimenensis_GCF_055382475.1,1,2667,369.1869812011719,333,82,N,D,GAC,1
GCF_055382475.1,Halomonas beimenensis,gyrA_1_Halomonas beimenensis_GCF_055382475.1,1,2667,369.1869812011719,333,82,Y,D,GAC,1
GCF_055382475.1,Halomonas beimenensis,gyrA_1_Halomonas beimenensis_GCF_055382475.1,1,2667,369.1869812011719,333,83,A,S,AGC,0
GCF_055382475.1,Halomonas beimenensis,gyrA_1_Halomonas beimenensis_GCF_055382475.1,1,2667,369.1869812011719,333,83,F,S,AGC,0
GCF_055382475.1,Halomonas beimenensis,gyrA_1_Halomonas beimenensis_GCF_055382475.1,1,2667,369.1869812011719,333,83,I,S,AGC,1
GCF_055382475.1,Halomonas beimenensis,gyrA_1_Halomonas beimenensis_GCF_055382475.1,1,2667,369.1869812011719,333,83,K,S,AGC,0
GCF_055382475.1,Halomonas beimenensis,gyrA_1_Halomonas beimenensis_GCF_055382475.1,1,2667,369.1869812011719,333,83,L,S,AGC,0
GCF_055382475.1,Halomonas beimenensis,gyrA_1_Halomonas beimenensis_GCF_055382475.1,1,2667,369.1869812011719,333,83,M,S,AGC,0
GCF_055382475.1,Halomonas beimenensis,gyrA_1_Halomonas beimenensis_GCF_055382475.1,1,2667,369.1869812011719,333,83,R,S,AGC,3
GCF_055382475.1,Halomonas beimenensis,gyrA_1_Halomonas beimenensis_GCF_055382475.1,1,2667,369.1869812011719,333,83,S,S,AGC,1
GCF_055382475.1,Halomonas beimenensis,gyrA_1_Halomonas beimenensis_GCF_055382475.1,1,2667,369.1869812011719,333,83,V,S,AGC,0
GCF_055382475.1,Halomonas beimenensis,gyrA_1_Halomonas beimenensis_GCF_055382475.1,1,2667,369.1869812011719,333,83,W,S,AGC,0
GCF_055382475.1,Halomonas beimenensis,gyrA_1_Halomonas beimenensis_GCF_055382475.1,1,2667,369.1869812011719,333,83,Y,S,AGC,0
GCF_055382475.1,Halomonas beimenensis,gyrA_1_Halomonas beimenensis_GCF_055382475.1,1,2667,369.1869812011719,333,84,A,A,GCC,3
GCF_055382475.1,Halomonas beimenensis,gyrA_1_Halomonas beimenensis_GCF_055382475.1,1,2667,369.1869812011719,333,84,P,A,GCC,1
GCF_055382475.1,Halomonas beimenensis,gyrA_1_Halomonas beimenensis_GCF_055382475.1,1,2667,369.1869812011719,333,84,V,A,GCC,1
GCF_055382475.1,Halomonas beimenensis,gyrA_1_Halomonas beimenensis_GCF_055382475.1,1,2667,369.1869812011719,333,86,N,Y,TAC,1
GCF_055382475.1,Halomonas beimenensis,gyrA_1_Halomonas beimenensis_GCF_055382475.1,1,2667,369.1869812011719,333,86,Y,Y,TAC,1
GCF_055382475.1,Halomonas beimenensis,gyrA_1_Halomonas beimenensis_GCF_055382475.1,1,2667,369.1869812011719,333,87,A,D,GAC,1
GCF_055382475.1,Halomonas beimenensis,gyrA_1_Halomonas beimenensis_GCF_055382475.1,1,2667,369.1869812011719,333,87,G,D,GAC,1
GCF_055382475.1,Halomonas beimenensis,gyrA_1_Halomonas beimenensis_GCF_055382475.1,1,2667,369.1869812011719,333,87,H,D,GAC,1
GCF_055382475.1,Halomonas beimenensis,gyrA_1_Halomonas beimenensis_GCF_055382475.1,1,2667,369.1869812011719,333,87,K,D,GAC,0
GCF_055382475.1,Halomonas beimenensis,gyrA_1_Halomonas beimenensis_GCF_055382475.1,1,2667,369.1869812011719,333,87,L,D,GAC,0
GCF_055382475.1,Halomonas beimenensis,gyrA_1_Halomonas beimenensis_GCF_055382475.1,1,2667,369.1869812011719,333,87,N,D,GAC,1
GCF_055382475.1,Halomonas beimenensis,gyrA_1_Halomonas beimenensis_GCF_055382475.1,1,2667,369.1869812011719,333,87,Q,D,GAC,0
GCF_055382475.1,Halomonas beimenensis,gyrA_1_Halomonas beimenensis_GCF_055382475.1,1,2667,369.1869812011719,333,87,R,D,GAC,0
GCF_055382475.1,Halomonas beimenensis,gyrA_1_Halomonas beimenensis_GCF_055382475.1,1,2667,369.1869812011719,333,87,T,D,GAC,0
GCF_055382475.1,Halomonas beimenensis,gyrA_1_Halomonas beimenensis_GCF_055382475.1,1,2667,369.1869812011719,333,87,V,D,GAC,1
GCF_055382475.1,Halomonas beimenensis,gyrA_1_Halomonas beimenensis_GCF_055382475.1,1,2667,369.1869812011719,333,87,Y,D,GAC,1
GCF_055382475.1,Halomonas beimenensis,gyrA_1_Halomonas beimenensis_GCF_055382475.1,1,2667,369.1869812011719,333,101,S,V,GTG,0
GCF_055382475.1,Halomonas beimenensis,gyrA_1_Halomonas beimenensis_GCF_055382475.1,1,2667,369.1869812011719,333,105,D,G,GGC,1
GCF_055382475.1,Halomonas beimenensis,gyrA_1_Halomonas beimenensis_GCF_055382475.1,1,2667,369.1869812011719,333,106,H,Q,CAG,2
GCF_055382475.1,Halomonas beimenensis,gyrA_1_Halomonas beimenensis_GCF_055382475.1,1,2667,369.1869812011719,333,106,L,Q,CAG,1
GCF_055382475.1,Halomonas beimenensis,gyrA_1_Halomonas beimenensis_GCF_055382475.1,1,2667,369.1869812011719,333,106,R,Q,CAG,1
GCF_055382475.1,Halomonas beimenensis,gyrA_1_Halomonas beimenensis_GCF_055382475.1,1,2667,369.1869812011719,333,119,S,A,GCC,1
GCF_055382475.1,Halomonas beimenensis,gyrA_1_Halomonas beimenensis_GCF_055382475.1,1,2667,369.1869812011719,333,119,T,A,GCC,1
GCF_055382475.1,Halomonas beimenensis,gyrA_1_Halomonas beimenensis_GCF_055382475.1,1,2667,369.1869812011719,333,165,A,N,AAC,0
GCF_055382475.1,Halomonas beimenensis,gyrA_1_Halomonas beimenensis_GCF_055382475.1,1,2667,369.1869812011719,333,196,E,A,GCG,1
GCF_055382475.1,Halomonas beimenensis,gyrA_1_Halomonas beimenensis_GCF_055382475.1,1,2667,369.1869812011719,333,386,D,A,GCG,0
GCF_055381725.1,Desulfonauticus autotrophicus,gyrA_1_Desulfonauticus autotrophicus_GCF_055381725.1,1,2421,-975.6563720703125,449,51,V,A,GCT,1
GCF_055381725.1,Desulfonauticus autotrophicus,gyrA_1_Desulfonauticus autotrophicus_GCF_055381725.1,1,2421,-975.6563720703125,449,57,K,N,AAT,2
GCF_055381725.1,Desulfonauticus autotrophicus,gyrA_1_Desulfonauticus autotrophicus_GCF_055381725.1,1,2421,-975.6563720703125,449,67,S,A,GCT,1
GCF_055381725.1,Desulfonauticus autotrophicus,gyrA_1_Desulfonauticus autotrophicus_GCF_055381725.1,1,2421,-975.6563720703125,449,67,T,A,GCT,1
GCF_055381725.1,Desulfonauticus autotrophicus,gyrA_1_Desulfonauticus autotrophicus_GCF_055381725.1,1,2421,-975.6563720703125,449,72,G,D,GAT,1
GCF_055381725.1,Desulfonauticus autotrophicus,gyrA_1_Desulfonauticus autotrophicus_GCF_055381725.1,1,2421,-975.6563720703125,449,72,V,D,GAT,1
GCF_055381725.1,Desulfonauticus autotrophicus,gyrA_1_Desulfonauticus autotrophicus_GCF_055381725.1,1,2421,-975.6563720703125,449,77,S,Y,TAT,1
GCF_055381725.1,Desulfonauticus autotrophicus,gyrA_1_Desulfonauticus autotrophicus_GCF_055381725.1,1,2421,-975.6563720703125,449,80,P,H,CAT,1
GCF_055381725.1,Desulfonauticus autotrophicus,gyrA_1_Desulfonauticus autotrophicus_GCF_055381725.1,1,2421,-975.6563720703125,449,80,R,H,CAT,1
GCF_055381725.1,Desulfonauticus autotrophicus,gyrA_1_Desulfonauticus autotrophicus_GCF_055381725.1,1,2421,-975.6563720703125,449,81,C,G,GGT,1
GCF_055381725.1,Desulfonauticus autotrophicus,gyrA_1_Desulfonauticus autotrophicus_GCF_055381725.1,1,2421,-975.6563720703125,449,81,D,G,GGT,1
GCF_055381725.1,Desulfonauticus autotrophicus,gyrA_1_Desulfonauticus autotrophicus_GCF_055381725.1,1,2421,-975.6563720703125,449,82,G,D,GAT,1
GCF_055381725.1,Desulfonauticus autotrophicus,gyrA_1_Desulfonauticus autotrophicus_GCF_055381725.1,1,2421,-975.6563720703125,449,82,N,D,GAT,1
GCF_055381725.1,Desulfonauticus autotrophicus,gyrA_1_Desulfonauticus autotrophicus_GCF_055381725.1,1,2421,-975.6563720703125,449,82,Y,D,GAT,1
GCF_055381725.1,Desulfonauticus autotrophicus,gyrA_1_Desulfonauticus autotrophicus_GCF_055381725.1,1,2421,-975.6563720703125,449,83,A,S,TCT,1
GCF_055381725.1,Desulfonauticus autotrophicus,gyrA_1_Desulfonauticus autotrophicus_GCF_055381725.1,1,2421,-975.6563720703125,449,83,F,S,TCT,1
GCF_055381725.1,Desulfonauticus autotrophicus,gyrA_1_Desulfonauticus autotrophicus_GCF_055381725.1,1,2421,-975.6563720703125,449,83,I,S,TCT,0
GCF_055381725.1,Desulfonauticus autotrophicus,gyrA_1_Desulfonauticus autotrophicus_GCF_055381725.1,1,2421,-975.6563720703125,449,83,K,S,TCT,0
GCF_055381725.1,Desulfonauticus autotrophicus,gyrA_1_Desulfonauticus autotrophicus_GCF_055381725.1,1,2421,-975.6563720703125,449,83,L,S,TCT,0
GCF_055381725.1,Desulfonauticus autotrophicus,gyrA_1_Desulfonauticus autotrophicus_GCF_055381725.1,1,2421,-975.6563720703125,449,83,M,S,TCT,0
GCF_055381725.1,Desulfonauticus autotrophicus,gyrA_1_Desulfonauticus autotrophicus_GCF_055381725.1,1,2421,-975.6563720703125,449,83,R,S,TCT,0
GCF_055381725.1,Desulfonauticus autotrophicus,gyrA_1_Desulfonauticus autotrophicus_GCF_055381725.1,1,2421,-975.6563720703125,449,83,S,S,TCT,3
GCF_055381725.1,Desulfonauticus autotrophicus,gyrA_1_Desulfonauticus autotrophicus_GCF_055381725.1,1,2421,-975.6563720703125,449,83,V,S,TCT,0
GCF_055381725.1,Desulfonauticus autotrophicus,gyrA_1_Desulfonauticus autotrophicus_GCF_055381725.1,1,2421,-975.6563720703125,449,83,W,S,TCT,0
GCF_055381725.1,Desulfonauticus autotrophicus,gyrA_1_Desulfonauticus autotrophicus_GCF_055381725.1,1,2421,-975.6563720703125,449,83,Y,S,TCT,1
GCF_055381725.1,Desulfonauticus autotrophicus,gyrA_1_Desulfonauticus autotrophicus_GCF_055381725.1,1,2421,-975.6563720703125,449,84,A,A,GCT,3
GCF_055381725.1,Desulfonauticus autotrophicus,gyrA_1_Desulfonauticus autotrophicus_GCF_055381725.1,1,2421,-975.6563720703125,449,84,P,A,GCT,1
GCF_055381725.1,Desulfonauticus autotrophicus,gyrA_1_Desulfonauticus autotrophicus_GCF_055381725.1,1,2421,-975.6563720703125,449,84,V,A,GCT,1
GCF_055381725.1,Desulfonauticus autotrophicus,gyrA_1_Desulfonauticus autotrophicus_GCF_055381725.1,1,2421,-975.6563720703125,449,86,N,Y,TAT,1
GCF_055381725.1,Desulfonauticus autotrophicus,gyrA_1_Desulfonauticus autotrophicus_GCF_055381725.1,1,2421,-975.6563720703125,449,86,Y,Y,TAT,1
GCF_055381725.1,Desulfonauticus autotrophicus,gyrA_1_Desulfonauticus autotrophicus_GCF_055381725.1,1,2421,-975.6563720703125,449,87,A,D,GAT,1
GCF_055381725.1,Desulfonauticus autotrophicus,gyrA_1_Desulfonauticus autotrophicus_GCF_055381725.1,1,2421,-975.6563720703125,449,87,G,D,GAT,1
GCF_055381725.1,Desulfonauticus autotrophicus,gyrA_1_Desulfonauticus autotrophicus_GCF_055381725.1,1,2421,-975.6563720703125,449,87,H,D,GAT,1
GCF_055381725.1,Desulfonauticus autotrophicus,gyrA_1_Desulfonauticus autotrophicus_GCF_055381725.1,1,2421,-975.6563720703125,449,87,K,D,GAT,0
GCF_055381725.1,Desulfonauticus autotrophicus,gyrA_1_Desulfonauticus autotrophicus_GCF_055381725.1,1,2421,-975.6563720703125,449,87,L,D,GAT,0
GCF_055381725.1,Desulfonauticus autotrophicus,gyrA_1_Desulfonauticus autotrophicus_GCF_055381725.1,1,2421,-975.6563720703125,449,87,N,D,GAT,1
GCF_055381725.1,Desulfonauticus autotrophicus,gyrA_1_Desulfonauticus autotrophicus_GCF_055381725.1,1,2421,-975.6563720703125,449,87,Q,D,GAT,0
GCF_055381725.1,Desulfonauticus autotrophicus,gyrA_1_Desulfonauticus autotrophicus_GCF_055381725.1,1,2421,-975.6563720703125,449,87,R,D,GAT,0
GCF_055381725.1,Desulfonauticus autotrophicus,gyrA_1_Desulfonauticus autotrophicus_GCF_055381725.1,1,2421,-975.6563720703125,449,87,T,D,GAT,0
GCF_055381725.1,Desulfonauticus autotrophicus,gyrA_1_Desulfonauticus autotrophicus_GCF_055381725.1,1,2421,-975.6563720703125,449,87,V,D,GAT,1
GCF_055381725.1,Desulfonauticus autotrophicus,gyrA_1_Desulfonauticus autotrophicus_GCF_055381725.1,1,2421,-975.6563720703125,449,87,Y,D,GAT,1
GCF_055381725.1,Desulfonauticus autotrophicus,gyrA_1_Desulfonauticus autotrophicus_GCF_055381725.1,1,2421,-975.6563720703125,449,101,S,P,CCT,1
GCF_055381725.1,Desulfonauticus autotrophicus,gyrA_1_Desulfonauticus autotrophicus_GCF_055381725.1,1,2421,-975.6563720703125,449,105,D,G,GGT,1
GCF_055381725.1,Desulfonauticus autotrophicus,gyrA_1_Desulfonauticus autotrophicus_GCF_055381725.1,1,2421,-975.6563720703125,449,106,H,Q,CAA,2
GCF_055381725.1,Desulfonauticus autotrophicus,gyrA_1_Desulfonauticus autotrophicus_GCF_055381725.1,1,2421,-975.6563720703125,449,106,L,Q,CAA,1
GCF_055381725.1,Desulfonauticus autotrophicus,gyrA_1_Desulfonauticus autotrophicus_GCF_055381725.1,1,2421,-975.6563720703125,449,106,R,Q,CAA,1
GCF_055381725.1,Desulfonauticus autotrophicus,gyrA_1_Desulfonauticus autotrophicus_GCF_055381725.1,1,2421,-975.6563720703125,449,119,S,A,GCA,1
GCF_055381725.1,Desulfonauticus autotrophicus,gyrA_1_Desulfonauticus autotrophicus_GCF_055381725.1,1,2421,-975.6563720703125,449,119,T,A,GCA,1
GCF_055381725.1,Desulfonauticus autotrophicus,gyrA_1_Desulfonauticus autotrophicus_GCF_055381725.1,1,2421,-975.6563720703125,449,165,A,N,AAT,0
GCF_055381725.1,Desulfonauticus autotrophicus,gyrA_1_Desulfonauticus autotrophicus_GCF_055381725.1,1,2421,-975.6563720703125,449,196,E,F,TTT,0
GCF_055381725.1,Desulfonauticus autotrophicus,gyrA_1_Desulfonauticus autotrophicus_GCF_055381725.1,1,2421,-975.6563720703125,449,386,D,A,GCT,1
GCF_055380515.1,Mediterraneibacter glycyrrhizinilyticus,gyrA_1_Mediterraneibacter glycyrrhizinilyticus_GCF_055380515.1,1,2514,-1082.955078125,461,51,V,S,TCC,0
GCF_055380515.1,Mediterraneibacter glycyrrhizinilyticus,gyrA_1_Mediterraneibacter glycyrrhizinilyticus_GCF_055380515.1,1,2514,-1082.955078125,461,57,K,N,AAC,2
GCF_055380515.1,Mediterraneibacter glycyrrhizinilyticus,gyrA_1_Mediterraneibacter glycyrrhizinilyticus_GCF_055380515.1,1,2514,-1082.955078125,461,67,S,A,GCG,1
GCF_055380515.1,Mediterraneibacter glycyrrhizinilyticus,gyrA_1_Mediterraneibacter glycyrrhizinilyticus_GCF_055380515.1,1,2514,-1082.955078125,461,67,T,A,GCG,1
GCF_055380515.1,Mediterraneibacter glycyrrhizinilyticus,gyrA_1_Mediterraneibacter glycyrrhizinilyticus_GCF_055380515.1,1,2514,-1082.955078125,461,72,G,D,GAT,1
GCF_055380515.1,Mediterraneibacter glycyrrhizinilyticus,gyrA_1_Mediterraneibacter glycyrrhizinilyticus_GCF_055380515.1,1,2514,-1082.955078125,461,72,V,D,GAT,1
GCF_055380515.1,Mediterraneibacter glycyrrhizinilyticus,gyrA_1_Mediterraneibacter glycyrrhizinilyticus_GCF_055380515.1,1,2514,-1082.955078125,461,77,S,Y,TAT,1
GCF_055380515.1,Mediterraneibacter glycyrrhizinilyticus,gyrA_1_Mediterraneibacter glycyrrhizinilyticus_GCF_055380515.1,1,2514,-1082.955078125,461,80,P,H,CAT,1
GCF_055380515.1,Mediterraneibacter glycyrrhizinilyticus,gyrA_1_Mediterraneibacter glycyrrhizinilyticus_GCF_055380515.1,1,2514,-1082.955078125,461,80,R,H,CAT,1
GCF_055380515.1,Mediterraneibacter glycyrrhizinilyticus,gyrA_1_Mediterraneibacter glycyrrhizinilyticus_GCF_055380515.1,1,2514,-1082.955078125,461,81,C,G,GGA,0
GCF_055380515.1,Mediterraneibacter glycyrrhizinilyticus,gyrA_1_Mediterraneibacter glycyrrhizinilyticus_GCF_055380515.1,1,2514,-1082.955078125,461,81,D,G,GGA,0
GCF_055380515.1,Mediterraneibacter glycyrrhizinilyticus,gyrA_1_Mediterraneibacter glycyrrhizinilyticus_GCF_055380515.1,1,2514,-1082.955078125,461,82,G,D,GAC,1
GCF_055380515.1,Mediterraneibacter glycyrrhizinilyticus,gyrA_1_Mediterraneibacter glycyrrhizinilyticus_GCF_055380515.1,1,2514,-1082.955078125,461,82,N,D,GAC,1
GCF_055380515.1,Mediterraneibacter glycyrrhizinilyticus,gyrA_1_Mediterraneibacter glycyrrhizinilyticus_GCF_055380515.1,1,2514,-1082.955078125,461,82,Y,D,GAC,1
GCF_055380515.1,Mediterraneibacter glycyrrhizinilyticus,gyrA_1_Mediterraneibacter glycyrrhizinilyticus_GCF_055380515.1,1,2514,-1082.955078125,461,83,A,S,AGT,0
GCF_055380515.1,Mediterraneibacter glycyrrhizinilyticus,gyrA_1_Mediterraneibacter glycyrrhizinilyticus_GCF_055380515.1,1,2514,-1082.955078125,461,83,F,S,AGT,0
GCF_055380515.1,Mediterraneibacter glycyrrhizinilyticus,gyrA_1_Mediterraneibacter glycyrrhizinilyticus_GCF_055380515.1,1,2514,-1082.955078125,461,83,I,S,AGT,1
GCF_055380515.1,Mediterraneibacter glycyrrhizinilyticus,gyrA_1_Mediterraneibacter glycyrrhizinilyticus_GCF_055380515.1,1,2514,-1082.955078125,461,83,K,S,AGT,0
GCF_055380515.1,Mediterraneibacter glycyrrhizinilyticus,gyrA_1_Mediterraneibacter glycyrrhizinilyticus_GCF_055380515.1,1,2514,-1082.955078125,461,83,L,S,AGT,0
GCF_055380515.1,Mediterraneibacter glycyrrhizinilyticus,gyrA_1_Mediterraneibacter glycyrrhizinilyticus_GCF_055380515.1,1,2514,-1082.955078125,461,83,M,S,AGT,0
GCF_055380515.1,Mediterraneibacter glycyrrhizinilyticus,gyrA_1_Mediterraneibacter glycyrrhizinilyticus_GCF_055380515.1,1,2514,-1082.955078125,461,83,R,S,AGT,3
GCF_055380515.1,Mediterraneibacter glycyrrhizinilyticus,gyrA_1_Mediterraneibacter glycyrrhizinilyticus_GCF_055380515.1,1,2514,-1082.955078125,461,83,S,S,AGT,1
GCF_055380515.1,Mediterraneibacter glycyrrhizinilyticus,gyrA_1_Mediterraneibacter glycyrrhizinilyticus_GCF_055380515.1,1,2514,-1082.955078125,461,83,V,S,AGT,0
GCF_055380515.1,Mediterraneibacter glycyrrhizinilyticus,gyrA_1_Mediterraneibacter glycyrrhizinilyticus_GCF_055380515.1,1,2514,-1082.955078125,461,83,W,S,AGT,0
GCF_055380515.1,Mediterraneibacter glycyrrhizinilyticus,gyrA_1_Mediterraneibacter glycyrrhizinilyticus_GCF_055380515.1,1,2514,-1082.955078125,461,83,Y,S,AGT,0
GCF_055380515.1,Mediterraneibacter glycyrrhizinilyticus,gyrA_1_Mediterraneibacter glycyrrhizinilyticus_GCF_055380515.1,1,2514,-1082.955078125,461,84,A,S,TCC,1
GCF_055380515.1,Mediterraneibacter glycyrrhizinilyticus,gyrA_1_Mediterraneibacter glycyrrhizinilyticus_GCF_055380515.1,1,2514,-1082.955078125,461,84,P,S,TCC,1
GCF_055380515.1,Mediterraneibacter glycyrrhizinilyticus,gyrA_1_Mediterraneibacter glycyrrhizinilyticus_GCF_055380515.1,1,2514,-1082.955078125,461,84,V,S,TCC,0
GCF_055380515.1,Mediterraneibacter glycyrrhizinilyticus,gyrA_1_Mediterraneibacter glycyrrhizinilyticus_GCF_055380515.1,1,2514,-1082.955078125,461,86,N,Y,TAT,1
GCF_055380515.1,Mediterraneibacter glycyrrhizinilyticus,gyrA_1_Mediterraneibacter glycyrrhizinilyticus_GCF_055380515.1,1,2514,-1082.955078125,461,86,Y,Y,TAT,1
GCF_055380515.1,Mediterraneibacter glycyrrhizinilyticus,gyrA_1_Mediterraneibacter glycyrrhizinilyticus_GCF_055380515.1,1,2514,-1082.955078125,461,87,A,G,GGA,1
GCF_055380515.1,Mediterraneibacter glycyrrhizinilyticus,gyrA_1_Mediterraneibacter glycyrrhizinilyticus_GCF_055380515.1,1,2514,-1082.955078125,461,87,G,G,GGA,3
GCF_055380515.1,Mediterraneibacter glycyrrhizinilyticus,gyrA_1_Mediterraneibacter glycyrrhizinilyticus_GCF_055380515.1,1,2514,-1082.955078125,461,87,H,G,GGA,0
GCF_055380515.1,Mediterraneibacter glycyrrhizinilyticus,gyrA_1_Mediterraneibacter glycyrrhizinilyticus_GCF_055380515.1,1,2514,-1082.955078125,461,87,K,G,GGA,0
GCF_055380515.1,Mediterraneibacter glycyrrhizinilyticus,gyrA_1_Mediterraneibacter glycyrrhizinilyticus_GCF_055380515.1,1,2514,-1082.955078125,461,87,L,G,GGA,0
GCF_055380515.1,Mediterraneibacter glycyrrhizinilyticus,gyrA_1_Mediterraneibacter glycyrrhizinilyticus_GCF_055380515.1,1,2514,-1082.955078125,461,87,N,G,GGA,0
GCF_055380515.1,Mediterraneibacter glycyrrhizinilyticus,gyrA_1_Mediterraneibacter glycyrrhizinilyticus_GCF_055380515.1,1,2514,-1082.955078125,461,87,Q,G,GGA,0
GCF_055380515.1,Mediterraneibacter glycyrrhizinilyticus,gyrA_1_Mediterraneibacter glycyrrhizinilyticus_GCF_055380515.1,1,2514,-1082.955078125,461,87,R,G,GGA,2
GCF_055380515.1,Mediterraneibacter glycyrrhizinilyticus,gyrA_1_Mediterraneibacter glycyrrhizinilyticus_GCF_055380515.1,1,2514,-1082.955078125,461,87,T,G,GGA,0
GCF_055380515.1,Mediterraneibacter glycyrrhizinilyticus,gyrA_1_Mediterraneibacter glycyrrhizinilyticus_GCF_055380515.1,1,2514,-1082.955078125,461,87,V,G,GGA,1
GCF_055380515.1,Mediterraneibacter glycyrrhizinilyticus,gyrA_1_Mediterraneibacter glycyrrhizinilyticus_GCF_055380515.1,1,2514,-1082.955078125,461,87,Y,G,GGA,0
GCF_055380515.1,Mediterraneibacter glycyrrhizinilyticus,gyrA_1_Mediterraneibacter glycyrrhizinilyticus_GCF_055380515.1,1,2514,-1082.955078125,461,101,S,P,CCT,1
GCF_055380515.1,Mediterraneibacter glycyrrhizinilyticus,gyrA_1_Mediterraneibacter glycyrrhizinilyticus_GCF_055380515.1,1,2514,-1082.955078125,461,105,D,G,GGT,1
GCF_055380515.1,Mediterraneibacter glycyrrhizinilyticus,gyrA_1_Mediterraneibacter glycyrrhizinilyticus_GCF_055380515.1,1,2514,-1082.955078125,461,106,H,H,CAC,1
GCF_055380515.1,Mediterraneibacter glycyrrhizinilyticus,gyrA_1_Mediterraneibacter glycyrrhizinilyticus_GCF_055380515.1,1,2514,-1082.955078125,461,106,L,H,CAC,1
GCF_055380515.1,Mediterraneibacter glycyrrhizinilyticus,gyrA_1_Mediterraneibacter glycyrrhizinilyticus_GCF_055380515.1,1,2514,-1082.955078125,461,106,R,H,CAC,1
GCF_055380515.1,Mediterraneibacter glycyrrhizinilyticus,gyrA_1_Mediterraneibacter glycyrrhizinilyticus_GCF_055380515.1,1,2514,-1082.955078125,461,119,S,A,GCC,1
GCF_055380515.1,Mediterraneibacter glycyrrhizinilyticus,gyrA_1_Mediterraneibacter glycyrrhizinilyticus_GCF_055380515.1,1,2514,-1082.955078125,461,119,T,A,GCC,1
GCF_055380515.1,Mediterraneibacter glycyrrhizinilyticus,gyrA_1_Mediterraneibacter glycyrrhizinilyticus_GCF_055380515.1,1,2514,-1082.955078125,461,165,A,N,AAT,0
GCF_055380515.1,Mediterraneibacter glycyrrhizinilyticus,gyrA_1_Mediterraneibacter glycyrrhizinilyticus_GCF_055380515.1,1,2514,-1082.955078125,461,196,E,K,AAG,1
GCF_055380515.1,Mediterraneibacter glycyrrhizinilyticus,gyrA_1_Mediterraneibacter glycyrrhizinilyticus_GCF_055380515.1,1,2514,-1082.955078125,461,386,D,A,GCG,0
GCF_055379765.1,Actinomadura rugatobispora,gyrA_1_Actinomadura rugatobispora_GCF_055379765.1,1,2508,-1114.29833984375,469,51,V,A,GCG,1
GCF_055379765.1,Actinomadura rugatobispora,gyrA_1_Actinomadura rugatobispora_GCF_055379765.1,1,2508,-1114.29833984375,469,57,K,Y,TAC,0
GCF_055379765.1,Actinomadura rugatobispora,gyrA_1_Actinomadura rugatobispora_GCF_055379765.1,1,2508,-1114.29833984375,469,67,S,A,GCC,1
GCF_055379765.1,Actinomadura rugatobispora,gyrA_1_Actinomadura rugatobispora_GCF_055379765.1,1,2508,-1114.29833984375,469,67,T,A,GCC,1
GCF_055379765.1,Actinomadura rugatobispora,gyrA_1_Actinomadura rugatobispora_GCF_055379765.1,1,2508,-1114.29833984375,469,72,G,D,GAC,1
GCF_055379765.1,Actinomadura rugatobispora,gyrA_1_Actinomadura rugatobispora_GCF_055379765.1,1,2508,-1114.29833984375,469,72,V,D,GAC,1
GCF_055379765.1,Actinomadura rugatobispora,gyrA_1_Actinomadura rugatobispora_GCF_055379765.1,1,2508,-1114.29833984375,469,77,S,Y,TAC,1
GCF_055379765.1,Actinomadura rugatobispora,gyrA_1_Actinomadura rugatobispora_GCF_055379765.1,1,2508,-1114.29833984375,469,80,P,H,CAC,1
GCF_055379765.1,Actinomadura rugatobispora,gyrA_1_Actinomadura rugatobispora_GCF_055379765.1,1,2508,-1114.29833984375,469,80,R,H,CAC,1
GCF_055379765.1,Actinomadura rugatobispora,gyrA_1_Actinomadura rugatobispora_GCF_055379765.1,1,2508,-1114.29833984375,469,81,C,G,GGC,1
GCF_055379765.1,Actinomadura rugatobispora,gyrA_1_Actinomadura rugatobispora_GCF_055379765.1,1,2508,-1114.29833984375,469,81,D,G,GGC,1
GCF_055379765.1,Actinomadura rugatobispora,gyrA_1_Actinomadura rugatobispora_GCF_055379765.1,1,2508,-1114.29833984375,469,82,G,D,GAC,1
GCF_055379765.1,Actinomadura rugatobispora,gyrA_1_Actinomadura rugatobispora_GCF_055379765.1,1,2508,-1114.29833984375,469,82,N,D,GAC,1
GCF_055379765.1,Actinomadura rugatobispora,gyrA_1_Actinomadura rugatobispora_GCF_055379765.1,1,2508,-1114.29833984375,469,82,Y,D,GAC,1
GCF_055379765.1,Actinomadura rugatobispora,gyrA_1_Actinomadura rugatobispora_GCF_055379765.1,1,2508,-1114.29833984375,469,83,A,S,TCG,1
GCF_055379765.1,Actinomadura rugatobispora,gyrA_1_Actinomadura rugatobispora_GCF_055379765.1,1,2508,-1114.29833984375,469,83,F,S,TCG,0
GCF_055379765.1,Actinomadura rugatobispora,gyrA_1_Actinomadura rugatobispora_GCF_055379765.1,1,2508,-1114.29833984375,469,83,I,S,TCG,0
GCF_055379765.1,Actinomadura rugatobispora,gyrA_1_Actinomadura rugatobispora_GCF_055379765.1,1,2508,-1114.29833984375,469,83,K,S,TCG,0
GCF_055379765.1,Actinomadura rugatobispora,gyrA_1_Actinomadura rugatobispora_GCF_055379765.1,1,2508,-1114.29833984375,469,83,L,S,TCG,1
GCF_055379765.1,Actinomadura rugatobispora,gyrA_1_Actinomadura rugatobispora_GCF_055379765.1,1,2508,-1114.29833984375,469,83,M,S,TCG,0
GCF_055379765.1,Actinomadura rugatobispora,gyrA_1_Actinomadura rugatobispora_GCF_055379765.1,1,2508,-1114.29833984375,469,83,R,S,TCG,0
GCF_055379765.1,Actinomadura rugatobispora,gyrA_1_Actinomadura rugatobispora_GCF_055379765.1,1,2508,-1114.29833984375,469,83,S,S,TCG,3
GCF_055379765.1,Actinomadura rugatobispora,gyrA_1_Actinomadura rugatobispora_GCF_055379765.1,1,2508,-1114.29833984375,469,83,V,S,TCG,0
GCF_055379765.1,Actinomadura rugatobispora,gyrA_1_Actinomadura rugatobispora_GCF_055379765.1,1,2508,-1114.29833984375,469,83,W,S,TCG,1
GCF_055379765.1,Actinomadura rugatobispora,gyrA_1_Actinomadura rugatobispora_GCF_055379765.1,1,2508,-1114.29833984375,469,83,Y,S,TCG,0
GCF_055379765.1,Actinomadura rugatobispora,gyrA_1_Actinomadura rugatobispora_GCF_055379765.1,1,2508,-1114.29833984375,469,84,A,A,GCC,3
GCF_055379765.1,Actinomadura rugatobispora,gyrA_1_Actinomadura rugatobispora_GCF_055379765.1,1,2508,-1114.29833984375,469,84,P,A,GCC,1
GCF_055379765.1,Actinomadura rugatobispora,gyrA_1_Actinomadura rugatobispora_GCF_055379765.1,1,2508,-1114.29833984375,469,84,V,A,GCC,1
GCF_055379765.1,Actinomadura rugatobispora,gyrA_1_Actinomadura rugatobispora_GCF_055379765.1,1,2508,-1114.29833984375,469,86,N,Y,TAC,1
GCF_055379765.1,Actinomadura rugatobispora,gyrA_1_Actinomadura rugatobispora_GCF_055379765.1,1,2508,-1114.29833984375,469,86,Y,Y,TAC,1
GCF_055379765.1,Actinomadura rugatobispora,gyrA_1_Actinomadura rugatobispora_GCF_055379765.1,1,2508,-1114.29833984375,469,87,A,D,GAC,1
GCF_055379765.1,Actinomadura rugatobispora,gyrA_1_Actinomadura rugatobispora_GCF_055379765.1,1,2508,-1114.29833984375,469,87,G,D,GAC,1
GCF_055379765.1,Actinomadura rugatobispora,gyrA_1_Actinomadura rugatobispora_GCF_055379765.1,1,2508,-1114.29833984375,469,87,H,D,GAC,1
GCF_055379765.1,Actinomadura rugatobispora,gyrA_1_Actinomadura rugatobispora_GCF_055379765.1,1,2508,-1114.29833984375,469,87,K,D,GAC,0
GCF_055379765.1,Actinomadura rugatobispora,gyrA_1_Actinomadura rugatobispora_GCF_055379765.1,1,2508,-1114.29833984375,469,87,L,D,GAC,0
GCF_055379765.1,Actinomadura rugatobispora,gyrA_1_Actinomadura rugatobispora_GCF_055379765.1,1,2508,-1114.29833984375,469,87,N,D,GAC,1
GCF_055379765.1,Actinomadura rugatobispora,gyrA_1_Actinomadura rugatobispora_GCF_055379765.1,1,2508,-1114.29833984375,469,87,Q,D,GAC,0
GCF_055379765.1,Actinomadura rugatobispora,gyrA_1_Actinomadura rugatobispora_GCF_055379765.1,1,2508,-1114.29833984375,469,87,R,D,GAC,0
GCF_055379765.1,Actinomadura rugatobispora,gyrA_1_Actinomadura rugatobispora_GCF_055379765.1,1,2508,-1114.29833984375,469,87,T,D,GAC,0
GCF_055379765.1,Actinomadura rugatobispora,gyrA_1_Actinomadura rugatobispora_GCF_055379765.1,1,2508,-1114.29833984375,469,87,V,D,GAC,1
GCF_055379765.1,Actinomadura rugatobispora,gyrA_1_Actinomadura rugatobispora_GCF_055379765.1,1,2508,-1114.29833984375,469,87,Y,D,GAC,1
GCF_055379765.1,Actinomadura rugatobispora,gyrA_1_Actinomadura rugatobispora_GCF_055379765.1,1,2508,-1114.29833984375,469,101,S,P,CCG,1
GCF_055379765.1,Actinomadura rugatobispora,gyrA_1_Actinomadura rugatobispora_GCF_055379765.1,1,2508,-1114.29833984375,469,105,D,G,GGC,1
GCF_055379765.1,Actinomadura rugatobispora,gyrA_1_Actinomadura rugatobispora_GCF_055379765.1,1,2508,-1114.29833984375,469,106,H,N,AAC,1
GCF_055379765.1,Actinomadura rugatobispora,gyrA_1_Actinomadura rugatobispora_GCF_055379765.1,1,2508,-1114.29833984375,469,106,L,N,AAC,0
GCF_055379765.1,Actinomadura rugatobispora,gyrA_1_Actinomadura rugatobispora_GCF_055379765.1,1,2508,-1114.29833984375,469,106,R,N,AAC,0
GCF_055379765.1,Actinomadura rugatobispora,gyrA_1_Actinomadura rugatobispora_GCF_055379765.1,1,2508,-1114.29833984375,469,119,S,A,GCC,1
GCF_055379765.1,Actinomadura rugatobispora,gyrA_1_Actinomadura rugatobispora_GCF_055379765.1,1,2508,-1114.29833984375,469,119,T,A,GCC,1
GCF_055379765.1,Actinomadura rugatobispora,gyrA_1_Actinomadura rugatobispora_GCF_055379765.1,1,2508,-1114.29833984375,469,165,A,N,AAC,0
GCF_055379765.1,Actinomadura rugatobispora,gyrA_1_Actinomadura rugatobispora_GCF_055379765.1,1,2508,-1114.29833984375,469,196,E,W,TGG,0
GCF_055379765.1,Actinomadura rugatobispora,gyrA_1_Actinomadura rugatobispora_GCF_055379765.1,1,2508,-1114.29833984375,469,386,D,A,GCG,0
GCF_055379415.1,Leucogemmata humicola,gyrA_1_Leucogemmata humicola_GCF_055379415.1,1,2517,-1077.6060791015625,459,51,V,A,GCG,1
GCF_055379415.1,Leucogemmata humicola,gyrA_1_Leucogemmata humicola_GCF_055379415.1,1,2517,-1077.6060791015625,459,57,K,L,CTC,0
GCF_055379415.1,Leucogemmata humicola,gyrA_1_Leucogemmata humicola_GCF_055379415.1,1,2517,-1077.6060791015625,459,67,S,A,GCA,1
GCF_055379415.1,Leucogemmata humicola,gyrA_1_Leucogemmata humicola_GCF_055379415.1,1,2517,-1077.6060791015625,459,67,T,A,GCA,1
GCF_055379415.1,Leucogemmata humicola,gyrA_1_Leucogemmata humicola_GCF_055379415.1,1,2517,-1077.6060791015625,459,72,G,D,GAC,1
GCF_055379415.1,Leucogemmata humicola,gyrA_1_Leucogemmata humicola_GCF_055379415.1,1,2517,-1077.6060791015625,459,72,V,D,GAC,1
GCF_055379415.1,Leucogemmata humicola,gyrA_1_Leucogemmata humicola_GCF_055379415.1,1,2517,-1077.6060791015625,459,77,S,Y,TAC,1
GCF_055379415.1,Leucogemmata humicola,gyrA_1_Leucogemmata humicola_GCF_055379415.1,1,2517,-1077.6060791015625,459,80,P,H,CAC,1
GCF_055379415.1,Leucogemmata humicola,gyrA_1_Leucogemmata humicola_GCF_055379415.1,1,2517,-1077.6060791015625,459,80,R,H,CAC,1
GCF_055379415.1,Leucogemmata humicola,gyrA_1_Leucogemmata humicola_GCF_055379415.1,1,2517,-1077.6060791015625,459,81,C,G,GGT,1
GCF_055379415.1,Leucogemmata humicola,gyrA_1_Leucogemmata humicola_GCF_055379415.1,1,2517,-1077.6060791015625,459,81,D,G,GGT,1
GCF_055379415.1,Leucogemmata humicola,gyrA_1_Leucogemmata humicola_GCF_055379415.1,1,2517,-1077.6060791015625,459,82,G,D,GAC,1
GCF_055379415.1,Leucogemmata humicola,gyrA_1_Leucogemmata humicola_GCF_055379415.1,1,2517,-1077.6060791015625,459,82,N,D,GAC,1
GCF_055379415.1,Leucogemmata humicola,gyrA_1_Leucogemmata humicola_GCF_055379415.1,1,2517,-1077.6060791015625,459,82,Y,D,GAC,1
GCF_055379415.1,Leucogemmata humicola,gyrA_1_Leucogemmata humicola_GCF_055379415.1,1,2517,-1077.6060791015625,459,83,A,S,TCG,1
GCF_055379415.1,Leucogemmata humicola,gyrA_1_Leucogemmata humicola_GCF_055379415.1,1,2517,-1077.6060791015625,459,83,F,S,TCG,0
GCF_055379415.1,Leucogemmata humicola,gyrA_1_Leucogemmata humicola_GCF_055379415.1,1,2517,-1077.6060791015625,459,83,I,S,TCG,0
GCF_055379415.1,Leucogemmata humicola,gyrA_1_Leucogemmata humicola_GCF_055379415.1,1,2517,-1077.6060791015625,459,83,K,S,TCG,0
GCF_055379415.1,Leucogemmata humicola,gyrA_1_Leucogemmata humicola_GCF_055379415.1,1,2517,-1077.6060791015625,459,83,L,S,TCG,1
GCF_055379415.1,Leucogemmata humicola,gyrA_1_Leucogemmata humicola_GCF_055379415.1,1,2517,-1077.6060791015625,459,83,M,S,TCG,0
GCF_055379415.1,Leucogemmata humicola,gyrA_1_Leucogemmata humicola_GCF_055379415.1,1,2517,-1077.6060791015625,459,83,R,S,TCG,0
GCF_055379415.1,Leucogemmata humicola,gyrA_1_Leucogemmata humicola_GCF_055379415.1,1,2517,-1077.6060791015625,459,83,S,S,TCG,3
GCF_055379415.1,Leucogemmata humicola,gyrA_1_Leucogemmata humicola_GCF_055379415.1,1,2517,-1077.6060791015625,459,83,V,S,TCG,0
GCF_055379415.1,Leucogemmata humicola,gyrA_1_Leucogemmata humicola_GCF_055379415.1,1,2517,-1077.6060791015625,459,83,W,S,TCG,1
GCF_055379415.1,Leucogemmata humicola,gyrA_1_Leucogemmata humicola_GCF_055379415.1,1,2517,-1077.6060791015625,459,83,Y,S,TCG,0
GCF_055379415.1,Leucogemmata humicola,gyrA_1_Leucogemmata humicola_GCF_055379415.1,1,2517,-1077.6060791015625,459,84,A,S,TCG,1
GCF_055379415.1,Leucogemmata humicola,gyrA_1_Leucogemmata humicola_GCF_055379415.1,1,2517,-1077.6060791015625,459,84,P,S,TCG,1
GCF_055379415.1,Leucogemmata humicola,gyrA_1_Leucogemmata humicola_GCF_055379415.1,1,2517,-1077.6060791015625,459,84,V,S,TCG,0
GCF_055379415.1,Leucogemmata humicola,gyrA_1_Leucogemmata humicola_GCF_055379415.1,1,2517,-1077.6060791015625,459,86,N,Y,TAC,1
GCF_055379415.1,Leucogemmata humicola,gyrA_1_Leucogemmata humicola_GCF_055379415.1,1,2517,-1077.6060791015625,459,86,Y,Y,TAC,1
GCF_055379415.1,Leucogemmata humicola,gyrA_1_Leucogemmata humicola_GCF_055379415.1,1,2517,-1077.6060791015625,459,87,A,D,GAC,1
GCF_055379415.1,Leucogemmata humicola,gyrA_1_Leucogemmata humicola_GCF_055379415.1,1,2517,-1077.6060791015625,459,87,G,D,GAC,1
GCF_055379415.1,Leucogemmata humicola,gyrA_1_Leucogemmata humicola_GCF_055379415.1,1,2517,-1077.6060791015625,459,87,H,D,GAC,1
GCF_055379415.1,Leucogemmata humicola,gyrA_1_Leucogemmata humicola_GCF_055379415.1,1,2517,-1077.6060791015625,459,87,K,D,GAC,0
GCF_055379415.1,Leucogemmata humicola,gyrA_1_Leucogemmata humicola_GCF_055379415.1,1,2517,-1077.6060791015625,459,87,L,D,GAC,0
GCF_055379415.1,Leucogemmata humicola,gyrA_1_Leucogemmata humicola_GCF_055379415.1,1,2517,-1077.6060791015625,459,87,N,D,GAC,1
GCF_055379415.1,Leucogemmata humicola,gyrA_1_Leucogemmata humicola_GCF_055379415.1,1,2517,-1077.6060791015625,459,87,Q,D,GAC,0
GCF_055379415.1,Leucogemmata humicola,gyrA_1_Leucogemmata humicola_GCF_055379415.1,1,2517,-1077.6060791015625,459,87,R,D,GAC,0
GCF_055379415.1,Leucogemmata humicola,gyrA_1_Leucogemmata humicola_GCF_055379415.1,1,2517,-1077.6060791015625,459,87,T,D,GAC,0
GCF_055379415.1,Leucogemmata humicola,gyrA_1_Leucogemmata humicola_GCF_055379415.1,1,2517,-1077.6060791015625,459,87,V,D,GAC,1
GCF_055379415.1,Leucogemmata humicola,gyrA_1_Leucogemmata humicola_GCF_055379415.1,1,2517,-1077.6060791015625,459,87,Y,D,GAC,1
GCF_055379415.1,Leucogemmata humicola,gyrA_1_Leucogemmata humicola_GCF_055379415.1,1,2517,-1077.6060791015625,459,101,S,P,CCG,1
GCF_055379415.1,Leucogemmata humicola,gyrA_1_Leucogemmata humicola_GCF_055379415.1,1,2517,-1077.6060791015625,459,105,D,G,GGA,0
GCF_055379415.1,Leucogemmata humicola,gyrA_1_Leucogemmata humicola_GCF_055379415.1,1,2517,-1077.6060791015625,459,106,H,Q,CAA,2
GCF_055379415.1,Leucogemmata humicola,gyrA_1_Leucogemmata humicola_GCF_055379415.1,1,2517,-1077.6060791015625,459,106,L,Q,CAA,1
GCF_055379415.1,Leucogemmata humicola,gyrA_1_Leucogemmata humicola_GCF_055379415.1,1,2517,-1077.6060791015625,459,106,R,Q,CAA,1
GCF_055379415.1,Leucogemmata humicola,gyrA_1_Leucogemmata humicola_GCF_055379415.1,1,2517,-1077.6060791015625,459,119,S,A,GCG,1
GCF_055379415.1,Leucogemmata humicola,gyrA_1_Leucogemmata humicola_GCF_055379415.1,1,2517,-1077.6060791015625,459,119,T,A,GCG,1
GCF_055379415.1,Leucogemmata humicola,gyrA_1_Leucogemmata humicola_GCF_055379415.1,1,2517,-1077.6060791015625,459,165,A,N,AAT,0
GCF_055379415.1,Leucogemmata humicola,gyrA_1_Leucogemmata humicola_GCF_055379415.1,1,2517,-1077.6060791015625,459,196,E,Q,CAG,1
GCF_055379415.1,Leucogemmata humicola,gyrA_1_Leucogemmata humicola_GCF_055379415.1,1,2517,-1077.6060791015625,459,386,D,A,GCC,1
GCF_055378955.1,Desulfosporosinus nitroreducens,gyrA_1_Desulfosporosinus nitroreducens_GCF_055378955.1,1,2421,-1780.1865234375,525,51,V,S,TCC,0
GCF_055378955.1,Desulfosporosinus nitroreducens,gyrA_1_Desulfosporosinus nitroreducens_GCF_055378955.1,1,2421,-1780.1865234375,525,57,K,M,ATG,1
GCF_055378955.1,Desulfosporosinus nitroreducens,gyrA_1_Desulfosporosinus nitroreducens_GCF_055378955.1,1,2421,-1780.1865234375,525,67,S,A,GCC,1
GCF_055378955.1,Desulfosporosinus nitroreducens,gyrA_1_Desulfosporosinus nitroreducens_GCF_055378955.1,1,2421,-1780.1865234375,525,67,T,A,GCC,1
GCF_055378955.1,Desulfosporosinus nitroreducens,gyrA_1_Desulfosporosinus nitroreducens_GCF_055378955.1,1,2421,-1780.1865234375,525,72,G,D,GAC,1
GCF_055378955.1,Desulfosporosinus nitroreducens,gyrA_1_Desulfosporosinus nitroreducens_GCF_055378955.1,1,2421,-1780.1865234375,525,72,V,D,GAC,1
GCF_055378955.1,Desulfosporosinus nitroreducens,gyrA_1_Desulfosporosinus nitroreducens_GCF_055378955.1,1,2421,-1780.1865234375,525,77,S,Y,TAC,1
GCF_055378955.1,Desulfosporosinus nitroreducens,gyrA_1_Desulfosporosinus nitroreducens_GCF_055378955.1,1,2421,-1780.1865234375,525,80,P,H,CAT,1
GCF_055378955.1,Desulfosporosinus nitroreducens,gyrA_1_Desulfosporosinus nitroreducens_GCF_055378955.1,1,2421,-1780.1865234375,525,80,R,H,CAT,1
GCF_055378955.1,Desulfosporosinus nitroreducens,gyrA_1_Desulfosporosinus nitroreducens_GCF_055378955.1,1,2421,-1780.1865234375,525,81,C,G,GGT,1
GCF_055378955.1,Desulfosporosinus nitroreducens,gyrA_1_Desulfosporosinus nitroreducens_GCF_055378955.1,1,2421,-1780.1865234375,525,81,D,G,GGT,1
GCF_055378955.1,Desulfosporosinus nitroreducens,gyrA_1_Desulfosporosinus nitroreducens_GCF_055378955.1,1,2421,-1780.1865234375,525,82,G,D,GAC,1
GCF_055378955.1,Desulfosporosinus nitroreducens,gyrA_1_Desulfosporosinus nitroreducens_GCF_055378955.1,1,2421,-1780.1865234375,525,82,N,D,GAC,1
GCF_055378955.1,Desulfosporosinus nitroreducens,gyrA_1_Desulfosporosinus nitroreducens_GCF_055378955.1,1,2421,-1780.1865234375,525,82,Y,D,GAC,1
GCF_055378955.1,Desulfosporosinus nitroreducens,gyrA_1_Desulfosporosinus nitroreducens_GCF_055378955.1,1,2421,-1780.1865234375,525,83,A,S,TCG,1
GCF_055378955.1,Desulfosporosinus nitroreducens,gyrA_1_Desulfosporosinus nitroreducens_GCF_055378955.1,1,2421,-1780.1865234375,525,83,F,S,TCG,0
GCF_055378955.1,Desulfosporosinus nitroreducens,gyrA_1_Desulfosporosinus nitroreducens_GCF_055378955.1,1,2421,-1780.1865234375,525,83,I,S,TCG,0
GCF_055378955.1,Desulfosporosinus nitroreducens,gyrA_1_Desulfosporosinus nitroreducens_GCF_055378955.1,1,2421,-1780.1865234375,525,83,K,S,TCG,0
GCF_055378955.1,Desulfosporosinus nitroreducens,gyrA_1_Desulfosporosinus nitroreducens_GCF_055378955.1,1,2421,-1780.1865234375,525,83,L,S,TCG,1
GCF_055378955.1,Desulfosporosinus nitroreducens,gyrA_1_Desulfosporosinus nitroreducens_GCF_055378955.1,1,2421,-1780.1865234375,525,83,M,S,TCG,0
GCF_055378955.1,Desulfosporosinus nitroreducens,gyrA_1_Desulfosporosinus nitroreducens_GCF_055378955.1,1,2421,-1780.1865234375,525,83,R,S,TCG,0
GCF_055378955.1,Desulfosporosinus nitroreducens,gyrA_1_Desulfosporosinus nitroreducens_GCF_055378955.1,1,2421,-1780.1865234375,525,83,S,S,TCG,3
GCF_055378955.1,Desulfosporosinus nitroreducens,gyrA_1_Desulfosporosinus nitroreducens_GCF_055378955.1,1,2421,-1780.1865234375,525,83,V,S,TCG,0
GCF_055378955.1,Desulfosporosinus nitroreducens,gyrA_1_Desulfosporosinus nitroreducens_GCF_055378955.1,1,2421,-1780.1865234375,525,83,W,S,TCG,1
GCF_055378955.1,Desulfosporosinus nitroreducens,gyrA_1_Desulfosporosinus nitroreducens_GCF_055378955.1,1,2421,-1780.1865234375,525,83,Y,S,TCG,0
GCF_055378955.1,Desulfosporosinus nitroreducens,gyrA_1_Desulfosporosinus nitroreducens_GCF_055378955.1,1,2421,-1780.1865234375,525,84,A,S,TCA,1
GCF_055378955.1,Desulfosporosinus nitroreducens,gyrA_1_Desulfosporosinus nitroreducens_GCF_055378955.1,1,2421,-1780.1865234375,525,84,P,S,TCA,1
GCF_055378955.1,Desulfosporosinus nitroreducens,gyrA_1_Desulfosporosinus nitroreducens_GCF_055378955.1,1,2421,-1780.1865234375,525,84,V,S,TCA,0
GCF_055378955.1,Desulfosporosinus nitroreducens,gyrA_1_Desulfosporosinus nitroreducens_GCF_055378955.1,1,2421,-1780.1865234375,525,86,N,Y,TAT,1
GCF_055378955.1,Desulfosporosinus nitroreducens,gyrA_1_Desulfosporosinus nitroreducens_GCF_055378955.1,1,2421,-1780.1865234375,525,86,Y,Y,TAT,1
GCF_055378955.1,Desulfosporosinus nitroreducens,gyrA_1_Desulfosporosinus nitroreducens_GCF_055378955.1,1,2421,-1780.1865234375,525,87,A,E,GAA,1
GCF_055378955.1,Desulfosporosinus nitroreducens,gyrA_1_Desulfosporosinus nitroreducens_GCF_055378955.1,1,2421,-1780.1865234375,525,87,G,E,GAA,1
GCF_055378955.1,Desulfosporosinus nitroreducens,gyrA_1_Desulfosporosinus nitroreducens_GCF_055378955.1,1,2421,-1780.1865234375,525,87,H,E,GAA,0
GCF_055378955.1,Desulfosporosinus nitroreducens,gyrA_1_Desulfosporosinus nitroreducens_GCF_055378955.1,1,2421,-1780.1865234375,525,87,K,E,GAA,1
GCF_055378955.1,Desulfosporosinus nitroreducens,gyrA_1_Desulfosporosinus nitroreducens_GCF_055378955.1,1,2421,-1780.1865234375,525,87,L,E,GAA,0
GCF_055378955.1,Desulfosporosinus nitroreducens,gyrA_1_Desulfosporosinus nitroreducens_GCF_055378955.1,1,2421,-1780.1865234375,525,87,N,E,GAA,0
GCF_055378955.1,Desulfosporosinus nitroreducens,gyrA_1_Desulfosporosinus nitroreducens_GCF_055378955.1,1,2421,-1780.1865234375,525,87,Q,E,GAA,1
GCF_055378955.1,Desulfosporosinus nitroreducens,gyrA_1_Desulfosporosinus nitroreducens_GCF_055378955.1,1,2421,-1780.1865234375,525,87,R,E,GAA,0
GCF_055378955.1,Desulfosporosinus nitroreducens,gyrA_1_Desulfosporosinus nitroreducens_GCF_055378955.1,1,2421,-1780.1865234375,525,87,T,E,GAA,0
GCF_055378955.1,Desulfosporosinus nitroreducens,gyrA_1_Desulfosporosinus nitroreducens_GCF_055378955.1,1,2421,-1780.1865234375,525,87,V,E,GAA,1
GCF_055378955.1,Desulfosporosinus nitroreducens,gyrA_1_Desulfosporosinus nitroreducens_GCF_055378955.1,1,2421,-1780.1865234375,525,87,Y,E,GAA,0
GCF_055378955.1,Desulfosporosinus nitroreducens,gyrA_1_Desulfosporosinus nitroreducens_GCF_055378955.1,1,2421,-1780.1865234375,525,101,S,P,CCT,1
GCF_055378955.1,Desulfosporosinus nitroreducens,gyrA_1_Desulfosporosinus nitroreducens_GCF_055378955.1,1,2421,-1780.1865234375,525,105,D,G,GGT,1
GCF_055378955.1,Desulfosporosinus nitroreducens,gyrA_1_Desulfosporosinus nitroreducens_GCF_055378955.1,1,2421,-1780.1865234375,525,106,H,Q,CAG,2
GCF_055378955.1,Desulfosporosinus nitroreducens,gyrA_1_Desulfosporosinus nitroreducens_GCF_055378955.1,1,2421,-1780.1865234375,525,106,L,Q,CAG,1
GCF_055378955.1,Desulfosporosinus nitroreducens,gyrA_1_Desulfosporosinus nitroreducens_GCF_055378955.1,1,2421,-1780.1865234375,525,106,R,Q,CAG,1
GCF_055378955.1,Desulfosporosinus nitroreducens,gyrA_1_Desulfosporosinus nitroreducens_GCF_055378955.1,1,2421,-1780.1865234375,525,119,S,A,GCT,1
GCF_055378955.1,Desulfosporosinus nitroreducens,gyrA_1_Desulfosporosinus nitroreducens_GCF_055378955.1,1,2421,-1780.1865234375,525,119,T,A,GCT,1
GCF_055378955.1,Desulfosporosinus nitroreducens,gyrA_1_Desulfosporosinus nitroreducens_GCF_055378955.1,1,2421,-1780.1865234375,525,165,A,N,AAC,0
GCF_055378955.1,Desulfosporosinus nitroreducens,gyrA_1_Desulfosporosinus nitroreducens_GCF_055378955.1,1,2421,-1780.1865234375,525,196,E,H,CAT,0
GCF_055378955.1,Desulfosporosinus nitroreducens,gyrA_1_Desulfosporosinus nitroreducens_GCF_055378955.1,1,2421,-1780.1865234375,525,386,D,A,GCT,1
GCF_055378955.1,Desulfosporosinus nitroreducens,gyrA_2_Desulfosporosinus nitroreducens_GCF_055378955.1,2,2484,-948.6229248046875,445,51,V,T,ACT,0
GCF_055378955.1,Desulfosporosinus nitroreducens,gyrA_2_Desulfosporosinus nitroreducens_GCF_055378955.1,2,2484,-948.6229248046875,445,57,K,L,TTG,0
GCF_055378955.1,Desulfosporosinus nitroreducens,gyrA_2_Desulfosporosinus nitroreducens_GCF_055378955.1,2,2484,-948.6229248046875,445,67,S,A,GCA,1
GCF_055378955.1,Desulfosporosinus nitroreducens,gyrA_2_Desulfosporosinus nitroreducens_GCF_055378955.1,2,2484,-948.6229248046875,445,67,T,A,GCA,1
GCF_055378955.1,Desulfosporosinus nitroreducens,gyrA_2_Desulfosporosinus nitroreducens_GCF_055378955.1,2,2484,-948.6229248046875,445,72,G,D,GAT,1
GCF_055378955.1,Desulfosporosinus nitroreducens,gyrA_2_Desulfosporosinus nitroreducens_GCF_055378955.1,2,2484,-948.6229248046875,445,72,V,D,GAT,1
GCF_055378955.1,Desulfosporosinus nitroreducens,gyrA_2_Desulfosporosinus nitroreducens_GCF_055378955.1,2,2484,-948.6229248046875,445,77,S,F,TTC,1
GCF_055378955.1,Desulfosporosinus nitroreducens,gyrA_2_Desulfosporosinus nitroreducens_GCF_055378955.1,2,2484,-948.6229248046875,445,80,P,H,CAC,1
GCF_055378955.1,Desulfosporosinus nitroreducens,gyrA_2_Desulfosporosinus nitroreducens_GCF_055378955.1,2,2484,-948.6229248046875,445,80,R,H,CAC,1
GCF_055378955.1,Desulfosporosinus nitroreducens,gyrA_2_Desulfosporosinus nitroreducens_GCF_055378955.1,2,2484,-948.6229248046875,445,81,C,G,GGG,0
GCF_055378955.1,Desulfosporosinus nitroreducens,gyrA_2_Desulfosporosinus nitroreducens_GCF_055378955.1,2,2484,-948.6229248046875,445,81,D,G,GGG,0
GCF_055378955.1,Desulfosporosinus nitroreducens,gyrA_2_Desulfosporosinus nitroreducens_GCF_055378955.1,2,2484,-948.6229248046875,445,82,G,D,GAT,1
GCF_055378955.1,Desulfosporosinus nitroreducens,gyrA_2_Desulfosporosinus nitroreducens_GCF_055378955.1,2,2484,-948.6229248046875,445,82,N,D,GAT,1
GCF_055378955.1,Desulfosporosinus nitroreducens,gyrA_2_Desulfosporosinus nitroreducens_GCF_055378955.1,2,2484,-948.6229248046875,445,82,Y,D,GAT,1
GCF_055378955.1,Desulfosporosinus nitroreducens,gyrA_2_Desulfosporosinus nitroreducens_GCF_055378955.1,2,2484,-948.6229248046875,445,83,A,S,TCT,1
GCF_055378955.1,Desulfosporosinus nitroreducens,gyrA_2_Desulfosporosinus nitroreducens_GCF_055378955.1,2,2484,-948.6229248046875,445,83,F,S,TCT,1
GCF_055378955.1,Desulfosporosinus nitroreducens,gyrA_2_Desulfosporosinus nitroreducens_GCF_055378955.1,2,2484,-948.6229248046875,445,83,I,S,TCT,0
GCF_055378955.1,Desulfosporosinus nitroreducens,gyrA_2_Desulfosporosinus nitroreducens_GCF_055378955.1,2,2484,-948.6229248046875,445,83,K,S,TCT,0
GCF_055378955.1,Desulfosporosinus nitroreducens,gyrA_2_Desulfosporosinus nitroreducens_GCF_055378955.1,2,2484,-948.6229248046875,445,83,L,S,TCT,0
GCF_055378955.1,Desulfosporosinus nitroreducens,gyrA_2_Desulfosporosinus nitroreducens_GCF_055378955.1,2,2484,-948.6229248046875,445,83,M,S,TCT,0
GCF_055378955.1,Desulfosporosinus nitroreducens,gyrA_2_Desulfosporosinus nitroreducens_GCF_055378955.1,2,2484,-948.6229248046875,445,83,R,S,TCT,0
GCF_055378955.1,Desulfosporosinus nitroreducens,gyrA_2_Desulfosporosinus nitroreducens_GCF_055378955.1,2,2484,-948.6229248046875,445,83,S,S,TCT,3
GCF_055378955.1,Desulfosporosinus nitroreducens,gyrA_2_Desulfosporosinus nitroreducens_GCF_055378955.1,2,2484,-948.6229248046875,445,83,V,S,TCT,0
GCF_055378955.1,Desulfosporosinus nitroreducens,gyrA_2_Desulfosporosinus nitroreducens_GCF_055378955.1,2,2484,-948.6229248046875,445,83,W,S,TCT,0
GCF_055378955.1,Desulfosporosinus nitroreducens,gyrA_2_Desulfosporosinus nitroreducens_GCF_055378955.1,2,2484,-948.6229248046875,445,83,Y,S,TCT,1
GCF_055378955.1,Desulfosporosinus nitroreducens,gyrA_2_Desulfosporosinus nitroreducens_GCF_055378955.1,2,2484,-948.6229248046875,445,84,A,S,TCA,1
GCF_055378955.1,Desulfosporosinus nitroreducens,gyrA_2_Desulfosporosinus nitroreducens_GCF_055378955.1,2,2484,-948.6229248046875,445,84,P,S,TCA,1
GCF_055378955.1,Desulfosporosinus nitroreducens,gyrA_2_Desulfosporosinus nitroreducens_GCF_055378955.1,2,2484,-948.6229248046875,445,84,V,S,TCA,0
GCF_055378955.1,Desulfosporosinus nitroreducens,gyrA_2_Desulfosporosinus nitroreducens_GCF_055378955.1,2,2484,-948.6229248046875,445,86,N,Y,TAT,1
GCF_055378955.1,Desulfosporosinus nitroreducens,gyrA_2_Desulfosporosinus nitroreducens_GCF_055378955.1,2,2484,-948.6229248046875,445,86,Y,Y,TAT,1
GCF_055378955.1,Desulfosporosinus nitroreducens,gyrA_2_Desulfosporosinus nitroreducens_GCF_055378955.1,2,2484,-948.6229248046875,445,87,A,D,GAT,1
GCF_055378955.1,Desulfosporosinus nitroreducens,gyrA_2_Desulfosporosinus nitroreducens_GCF_055378955.1,2,2484,-948.6229248046875,445,87,G,D,GAT,1
GCF_055378955.1,Desulfosporosinus nitroreducens,gyrA_2_Desulfosporosinus nitroreducens_GCF_055378955.1,2,2484,-948.6229248046875,445,87,H,D,GAT,1
GCF_055378955.1,Desulfosporosinus nitroreducens,gyrA_2_Desulfosporosinus nitroreducens_GCF_055378955.1,2,2484,-948.6229248046875,445,87,K,D,GAT,0
GCF_055378955.1,Desulfosporosinus nitroreducens,gyrA_2_Desulfosporosinus nitroreducens_GCF_055378955.1,2,2484,-948.6229248046875,445,87,L,D,GAT,0
GCF_055378955.1,Desulfosporosinus nitroreducens,gyrA_2_Desulfosporosinus nitroreducens_GCF_055378955.1,2,2484,-948.6229248046875,445,87,N,D,GAT,1
GCF_055378955.1,Desulfosporosinus nitroreducens,gyrA_2_Desulfosporosinus nitroreducens_GCF_055378955.1,2,2484,-948.6229248046875,445,87,Q,D,GAT,0
GCF_055378955.1,Desulfosporosinus nitroreducens,gyrA_2_Desulfosporosinus nitroreducens_GCF_055378955.1,2,2484,-948.6229248046875,445,87,R,D,GAT,0
GCF_055378955.1,Desulfosporosinus nitroreducens,gyrA_2_Desulfosporosinus nitroreducens_GCF_055378955.1,2,2484,-948.6229248046875,445,87,T,D,GAT,0
GCF_055378955.1,Desulfosporosinus nitroreducens,gyrA_2_Desulfosporosinus nitroreducens_GCF_055378955.1,2,2484,-948.6229248046875,445,87,V,D,GAT,1
GCF_055378955.1,Desulfosporosinus nitroreducens,gyrA_2_Desulfosporosinus nitroreducens_GCF_055378955.1,2,2484,-948.6229248046875,445,87,Y,D,GAT,1
GCF_055378955.1,Desulfosporosinus nitroreducens,gyrA_2_Desulfosporosinus nitroreducens_GCF_055378955.1,2,2484,-948.6229248046875,445,101,S,P,CCG,1
GCF_055378955.1,Desulfosporosinus nitroreducens,gyrA_2_Desulfosporosinus nitroreducens_GCF_055378955.1,2,2484,-948.6229248046875,445,105,D,G,GGA,0
GCF_055378955.1,Desulfosporosinus nitroreducens,gyrA_2_Desulfosporosinus nitroreducens_GCF_055378955.1,2,2484,-948.6229248046875,445,106,H,H,CAC,1
GCF_055378955.1,Desulfosporosinus nitroreducens,gyrA_2_Desulfosporosinus nitroreducens_GCF_055378955.1,2,2484,-948.6229248046875,445,106,L,H,CAC,1
GCF_055378955.1,Desulfosporosinus nitroreducens,gyrA_2_Desulfosporosinus nitroreducens_GCF_055378955.1,2,2484,-948.6229248046875,445,106,R,H,CAC,1
GCF_055378955.1,Desulfosporosinus nitroreducens,gyrA_2_Desulfosporosinus nitroreducens_GCF_055378955.1,2,2484,-948.6229248046875,445,119,S,A,GCT,1
GCF_055378955.1,Desulfosporosinus nitroreducens,gyrA_2_Desulfosporosinus nitroreducens_GCF_055378955.1,2,2484,-948.6229248046875,445,119,T,A,GCT,1
GCF_055378955.1,Desulfosporosinus nitroreducens,gyrA_2_Desulfosporosinus nitroreducens_GCF_055378955.1,2,2484,-948.6229248046875,445,165,A,N,AAT,0
GCF_055378955.1,Desulfosporosinus nitroreducens,gyrA_2_Desulfosporosinus nitroreducens_GCF_055378955.1,2,2484,-948.6229248046875,445,196,E,A,GCT,0
GCF_055378955.1,Desulfosporosinus nitroreducens,gyrA_2_Desulfosporosinus nitroreducens_GCF_055378955.1,2,2484,-948.6229248046875,445,386,D,A,GCA,0
GCF_055378285.1,Desulfurispirillum alkaliphilum,gyrA_1_Desulfurispirillum alkaliphilum_GCF_055378285.1,1,2466,-698.1243896484375,424,51,V,A,GCC,1
GCF_055378285.1,Desulfurispirillum alkaliphilum,gyrA_1_Desulfurispirillum alkaliphilum_GCF_055378285.1,1,2466,-698.1243896484375,424,57,K,V,GTT,0
GCF_055378285.1,Desulfurispirillum alkaliphilum,gyrA_1_Desulfurispirillum alkaliphilum_GCF_055378285.1,1,2466,-698.1243896484375,424,67,S,A,GCC,1
GCF_055378285.1,Desulfurispirillum alkaliphilum,gyrA_1_Desulfurispirillum alkaliphilum_GCF_055378285.1,1,2466,-698.1243896484375,424,67,T,A,GCC,1
GCF_055378285.1,Desulfurispirillum alkaliphilum,gyrA_1_Desulfurispirillum alkaliphilum_GCF_055378285.1,1,2466,-698.1243896484375,424,72,G,D,GAC,1
GCF_055378285.1,Desulfurispirillum alkaliphilum,gyrA_1_Desulfurispirillum alkaliphilum_GCF_055378285.1,1,2466,-698.1243896484375,424,72,V,D,GAC,1
GCF_055378285.1,Desulfurispirillum alkaliphilum,gyrA_1_Desulfurispirillum alkaliphilum_GCF_055378285.1,1,2466,-698.1243896484375,424,77,S,Y,TAC,1
GCF_055378285.1,Desulfurispirillum alkaliphilum,gyrA_1_Desulfurispirillum alkaliphilum_GCF_055378285.1,1,2466,-698.1243896484375,424,80,P,H,CAC,1
GCF_055378285.1,Desulfurispirillum alkaliphilum,gyrA_1_Desulfurispirillum alkaliphilum_GCF_055378285.1,1,2466,-698.1243896484375,424,80,R,H,CAC,1
GCF_055378285.1,Desulfurispirillum alkaliphilum,gyrA_1_Desulfurispirillum alkaliphilum_GCF_055378285.1,1,2466,-698.1243896484375,424,81,C,G,GGC,1
GCF_055378285.1,Desulfurispirillum alkaliphilum,gyrA_1_Desulfurispirillum alkaliphilum_GCF_055378285.1,1,2466,-698.1243896484375,424,81,D,G,GGC,1
GCF_055378285.1,Desulfurispirillum alkaliphilum,gyrA_1_Desulfurispirillum alkaliphilum_GCF_055378285.1,1,2466,-698.1243896484375,424,82,G,D,GAC,1
GCF_055378285.1,Desulfurispirillum alkaliphilum,gyrA_1_Desulfurispirillum alkaliphilum_GCF_055378285.1,1,2466,-698.1243896484375,424,82,N,D,GAC,1
GCF_055378285.1,Desulfurispirillum alkaliphilum,gyrA_1_Desulfurispirillum alkaliphilum_GCF_055378285.1,1,2466,-698.1243896484375,424,82,Y,D,GAC,1
GCF_055378285.1,Desulfurispirillum alkaliphilum,gyrA_1_Desulfurispirillum alkaliphilum_GCF_055378285.1,1,2466,-698.1243896484375,424,83,A,S,AGC,0
GCF_055378285.1,Desulfurispirillum alkaliphilum,gyrA_1_Desulfurispirillum alkaliphilum_GCF_055378285.1,1,2466,-698.1243896484375,424,83,F,S,AGC,0
GCF_055378285.1,Desulfurispirillum alkaliphilum,gyrA_1_Desulfurispirillum alkaliphilum_GCF_055378285.1,1,2466,-698.1243896484375,424,83,I,S,AGC,1
GCF_055378285.1,Desulfurispirillum alkaliphilum,gyrA_1_Desulfurispirillum alkaliphilum_GCF_055378285.1,1,2466,-698.1243896484375,424,83,K,S,AGC,0
GCF_055378285.1,Desulfurispirillum alkaliphilum,gyrA_1_Desulfurispirillum alkaliphilum_GCF_055378285.1,1,2466,-698.1243896484375,424,83,L,S,AGC,0
GCF_055378285.1,Desulfurispirillum alkaliphilum,gyrA_1_Desulfurispirillum alkaliphilum_GCF_055378285.1,1,2466,-698.1243896484375,424,83,M,S,AGC,0
GCF_055378285.1,Desulfurispirillum alkaliphilum,gyrA_1_Desulfurispirillum alkaliphilum_GCF_055378285.1,1,2466,-698.1243896484375,424,83,R,S,AGC,3
GCF_055378285.1,Desulfurispirillum alkaliphilum,gyrA_1_Desulfurispirillum alkaliphilum_GCF_055378285.1,1,2466,-698.1243896484375,424,83,S,S,AGC,1
GCF_055378285.1,Desulfurispirillum alkaliphilum,gyrA_1_Desulfurispirillum alkaliphilum_GCF_055378285.1,1,2466,-698.1243896484375,424,83,V,S,AGC,0
GCF_055378285.1,Desulfurispirillum alkaliphilum,gyrA_1_Desulfurispirillum alkaliphilum_GCF_055378285.1,1,2466,-698.1243896484375,424,83,W,S,AGC,0
GCF_055378285.1,Desulfurispirillum alkaliphilum,gyrA_1_Desulfurispirillum alkaliphilum_GCF_055378285.1,1,2466,-698.1243896484375,424,83,Y,S,AGC,0
GCF_055378285.1,Desulfurispirillum alkaliphilum,gyrA_1_Desulfurispirillum alkaliphilum_GCF_055378285.1,1,2466,-698.1243896484375,424,84,A,A,GCG,3
GCF_055378285.1,Desulfurispirillum alkaliphilum,gyrA_1_Desulfurispirillum alkaliphilum_GCF_055378285.1,1,2466,-698.1243896484375,424,84,P,A,GCG,1
GCF_055378285.1,Desulfurispirillum alkaliphilum,gyrA_1_Desulfurispirillum alkaliphilum_GCF_055378285.1,1,2466,-698.1243896484375,424,84,V,A,GCG,1
GCF_055378285.1,Desulfurispirillum alkaliphilum,gyrA_1_Desulfurispirillum alkaliphilum_GCF_055378285.1,1,2466,-698.1243896484375,424,86,N,Y,TAT,1
GCF_055378285.1,Desulfurispirillum alkaliphilum,gyrA_1_Desulfurispirillum alkaliphilum_GCF_055378285.1,1,2466,-698.1243896484375,424,86,Y,Y,TAT,1
GCF_055378285.1,Desulfurispirillum alkaliphilum,gyrA_1_Desulfurispirillum alkaliphilum_GCF_055378285.1,1,2466,-698.1243896484375,424,87,A,D,GAC,1
GCF_055378285.1,Desulfurispirillum alkaliphilum,gyrA_1_Desulfurispirillum alkaliphilum_GCF_055378285.1,1,2466,-698.1243896484375,424,87,G,D,GAC,1
GCF_055378285.1,Desulfurispirillum alkaliphilum,gyrA_1_Desulfurispirillum alkaliphilum_GCF_055378285.1,1,2466,-698.1243896484375,424,87,H,D,GAC,1
GCF_055378285.1,Desulfurispirillum alkaliphilum,gyrA_1_Desulfurispirillum alkaliphilum_GCF_055378285.1,1,2466,-698.1243896484375,424,87,K,D,GAC,0
GCF_055378285.1,Desulfurispirillum alkaliphilum,gyrA_1_Desulfurispirillum alkaliphilum_GCF_055378285.1,1,2466,-698.1243896484375,424,87,L,D,GAC,0
GCF_055378285.1,Desulfurispirillum alkaliphilum,gyrA_1_Desulfurispirillum alkaliphilum_GCF_055378285.1,1,2466,-698.1243896484375,424,87,N,D,GAC,1
GCF_055378285.1,Desulfurispirillum alkaliphilum,gyrA_1_Desulfurispirillum alkaliphilum_GCF_055378285.1,1,2466,-698.1243896484375,424,87,Q,D,GAC,0
GCF_055378285.1,Desulfurispirillum alkaliphilum,gyrA_1_Desulfurispirillum alkaliphilum_GCF_055378285.1,1,2466,-698.1243896484375,424,87,R,D,GAC,0
GCF_055378285.1,Desulfurispirillum alkaliphilum,gyrA_1_Desulfurispirillum alkaliphilum_GCF_055378285.1,1,2466,-698.1243896484375,424,87,T,D,GAC,0
GCF_055378285.1,Desulfurispirillum alkaliphilum,gyrA_1_Desulfurispirillum alkaliphilum_GCF_055378285.1,1,2466,-698.1243896484375,424,87,V,D,GAC,1
GCF_055378285.1,Desulfurispirillum alkaliphilum,gyrA_1_Desulfurispirillum alkaliphilum_GCF_055378285.1,1,2466,-698.1243896484375,424,87,Y,D,GAC,1
GCF_055378285.1,Desulfurispirillum alkaliphilum,gyrA_1_Desulfurispirillum alkaliphilum_GCF_055378285.1,1,2466,-698.1243896484375,424,101,S,P,CCG,1
GCF_055378285.1,Desulfurispirillum alkaliphilum,gyrA_1_Desulfurispirillum alkaliphilum_GCF_055378285.1,1,2466,-698.1243896484375,424,105,D,G,GGA,0
GCF_055378285.1,Desulfurispirillum alkaliphilum,gyrA_1_Desulfurispirillum alkaliphilum_GCF_055378285.1,1,2466,-698.1243896484375,424,106,H,Q,CAG,2
GCF_055378285.1,Desulfurispirillum alkaliphilum,gyrA_1_Desulfurispirillum alkaliphilum_GCF_055378285.1,1,2466,-698.1243896484375,424,106,L,Q,CAG,1
GCF_055378285.1,Desulfurispirillum alkaliphilum,gyrA_1_Desulfurispirillum alkaliphilum_GCF_055378285.1,1,2466,-698.1243896484375,424,106,R,Q,CAG,1
GCF_055378285.1,Desulfurispirillum alkaliphilum,gyrA_1_Desulfurispirillum alkaliphilum_GCF_055378285.1,1,2466,-698.1243896484375,424,119,S,A,GCC,1
GCF_055378285.1,Desulfurispirillum alkaliphilum,gyrA_1_Desulfurispirillum alkaliphilum_GCF_055378285.1,1,2466,-698.1243896484375,424,119,T,A,GCC,1
GCF_055378285.1,Desulfurispirillum alkaliphilum,gyrA_1_Desulfurispirillum alkaliphilum_GCF_055378285.1,1,2466,-698.1243896484375,424,165,A,N,AAC,0
GCF_055378285.1,Desulfurispirillum alkaliphilum,gyrA_1_Desulfurispirillum alkaliphilum_GCF_055378285.1,1,2466,-698.1243896484375,424,196,E,L,CTG,0
GCF_055378285.1,Desulfurispirillum alkaliphilum,gyrA_1_Desulfurispirillum alkaliphilum_GCF_055378285.1,1,2466,-698.1243896484375,424,386,D,A,GCC,1
GCF_965286225.1,Acetobacter orientalis,gyrA_1_Acetobacter orientalis_GCF_965286225.1,1,2817,-1265.28955078125,502,51,V,A,GCC,1
GCF_965286225.1,Acetobacter orientalis,gyrA_1_Acetobacter orientalis_GCF_965286225.1,1,2817,-1265.28955078125,502,57,K,F,TTC,0
GCF_965286225.1,Acetobacter orientalis,gyrA_1_Acetobacter orientalis_GCF_965286225.1,1,2817,-1265.28955078125,502,67,S,A,GCC,1
GCF_965286225.1,Acetobacter orientalis,gyrA_1_Acetobacter orientalis_GCF_965286225.1,1,2817,-1265.28955078125,502,67,T,A,GCC,1
GCF_965286225.1,Acetobacter orientalis,gyrA_1_Acetobacter orientalis_GCF_965286225.1,1,2817,-1265.28955078125,502,72,G,E,GAA,1
GCF_965286225.1,Acetobacter orientalis,gyrA_1_Acetobacter orientalis_GCF_965286225.1,1,2817,-1265.28955078125,502,72,V,E,GAA,1
GCF_965286225.1,Acetobacter orientalis,gyrA_1_Acetobacter orientalis_GCF_965286225.1,1,2817,-1265.28955078125,502,77,S,Y,TAC,1
GCF_965286225.1,Acetobacter orientalis,gyrA_1_Acetobacter orientalis_GCF_965286225.1,1,2817,-1265.28955078125,502,80,P,H,CAC,1
GCF_965286225.1,Acetobacter orientalis,gyrA_1_Acetobacter orientalis_GCF_965286225.1,1,2817,-1265.28955078125,502,80,R,H,CAC,1
GCF_965286225.1,Acetobacter orientalis,gyrA_1_Acetobacter orientalis_GCF_965286225.1,1,2817,-1265.28955078125,502,81,C,G,GGT,1
GCF_965286225.1,Acetobacter orientalis,gyrA_1_Acetobacter orientalis_GCF_965286225.1,1,2817,-1265.28955078125,502,81,D,G,GGT,1
GCF_965286225.1,Acetobacter orientalis,gyrA_1_Acetobacter orientalis_GCF_965286225.1,1,2817,-1265.28955078125,502,82,G,D,GAC,1
GCF_965286225.1,Acetobacter orientalis,gyrA_1_Acetobacter orientalis_GCF_965286225.1,1,2817,-1265.28955078125,502,82,N,D,GAC,1
GCF_965286225.1,Acetobacter orientalis,gyrA_1_Acetobacter orientalis_GCF_965286225.1,1,2817,-1265.28955078125,502,82,Y,D,GAC,1
GCF_965286225.1,Acetobacter orientalis,gyrA_1_Acetobacter orientalis_GCF_965286225.1,1,2817,-1265.28955078125,502,83,A,S,TCC,1
GCF_965286225.1,Acetobacter orientalis,gyrA_1_Acetobacter orientalis_GCF_965286225.1,1,2817,-1265.28955078125,502,83,F,S,TCC,1
GCF_965286225.1,Acetobacter orientalis,gyrA_1_Acetobacter orientalis_GCF_965286225.1,1,2817,-1265.28955078125,502,83,I,S,TCC,0
GCF_965286225.1,Acetobacter orientalis,gyrA_1_Acetobacter orientalis_GCF_965286225.1,1,2817,-1265.28955078125,502,83,K,S,TCC,0
GCF_965286225.1,Acetobacter orientalis,gyrA_1_Acetobacter orientalis_GCF_965286225.1,1,2817,-1265.28955078125,502,83,L,S,TCC,0
GCF_965286225.1,Acetobacter orientalis,gyrA_1_Acetobacter orientalis_GCF_965286225.1,1,2817,-1265.28955078125,502,83,M,S,TCC,0
GCF_965286225.1,Acetobacter orientalis,gyrA_1_Acetobacter orientalis_GCF_965286225.1,1,2817,-1265.28955078125,502,83,R,S,TCC,0
GCF_965286225.1,Acetobacter orientalis,gyrA_1_Acetobacter orientalis_GCF_965286225.1,1,2817,-1265.28955078125,502,83,S,S,TCC,3
GCF_965286225.1,Acetobacter orientalis,gyrA_1_Acetobacter orientalis_GCF_965286225.1,1,2817,-1265.28955078125,502,83,V,S,TCC,0
GCF_965286225.1,Acetobacter orientalis,gyrA_1_Acetobacter orientalis_GCF_965286225.1,1,2817,-1265.28955078125,502,83,W,S,TCC,0
GCF_965286225.1,Acetobacter orientalis,gyrA_1_Acetobacter orientalis_GCF_965286225.1,1,2817,-1265.28955078125,502,83,Y,S,TCC,1
GCF_965286225.1,Acetobacter orientalis,gyrA_1_Acetobacter orientalis_GCF_965286225.1,1,2817,-1265.28955078125,502,84,A,S,TCT,1
GCF_965286225.1,Acetobacter orientalis,gyrA_1_Acetobacter orientalis_GCF_965286225.1,1,2817,-1265.28955078125,502,84,P,S,TCT,1
GCF_965286225.1,Acetobacter orientalis,gyrA_1_Acetobacter orientalis_GCF_965286225.1,1,2817,-1265.28955078125,502,84,V,S,TCT,0
GCF_965286225.1,Acetobacter orientalis,gyrA_1_Acetobacter orientalis_GCF_965286225.1,1,2817,-1265.28955078125,502,86,N,Y,TAC,1
GCF_965286225.1,Acetobacter orientalis,gyrA_1_Acetobacter orientalis_GCF_965286225.1,1,2817,-1265.28955078125,502,86,Y,Y,TAC,1
GCF_965286225.1,Acetobacter orientalis,gyrA_1_Acetobacter orientalis_GCF_965286225.1,1,2817,-1265.28955078125,502,87,A,D,GAT,1
GCF_965286225.1,Acetobacter orientalis,gyrA_1_Acetobacter orientalis_GCF_965286225.1,1,2817,-1265.28955078125,502,87,G,D,GAT,1
GCF_965286225.1,Acetobacter orientalis,gyrA_1_Acetobacter orientalis_GCF_965286225.1,1,2817,-1265.28955078125,502,87,H,D,GAT,1
GCF_965286225.1,Acetobacter orientalis,gyrA_1_Acetobacter orientalis_GCF_965286225.1,1,2817,-1265.28955078125,502,87,K,D,GAT,0
GCF_965286225.1,Acetobacter orientalis,gyrA_1_Acetobacter orientalis_GCF_965286225.1,1,2817,-1265.28955078125,502,87,L,D,GAT,0
GCF_965286225.1,Acetobacter orientalis,gyrA_1_Acetobacter orientalis_GCF_965286225.1,1,2817,-1265.28955078125,502,87,N,D,GAT,1
GCF_965286225.1,Acetobacter orientalis,gyrA_1_Acetobacter orientalis_GCF_965286225.1,1,2817,-1265.28955078125,502,87,Q,D,GAT,0
GCF_965286225.1,Acetobacter orientalis,gyrA_1_Acetobacter orientalis_GCF_965286225.1,1,2817,-1265.28955078125,502,87,R,D,GAT,0
GCF_965286225.1,Acetobacter orientalis,gyrA_1_Acetobacter orientalis_GCF_965286225.1,1,2817,-1265.28955078125,502,87,T,D,GAT,0
GCF_965286225.1,Acetobacter orientalis,gyrA_1_Acetobacter orientalis_GCF_965286225.1,1,2817,-1265.28955078125,502,87,V,D,GAT,1
GCF_965286225.1,Acetobacter orientalis,gyrA_1_Acetobacter orientalis_GCF_965286225.1,1,2817,-1265.28955078125,502,87,Y,D,GAT,1
GCF_965286225.1,Acetobacter orientalis,gyrA_1_Acetobacter orientalis_GCF_965286225.1,1,2817,-1265.28955078125,502,101,S,K,AAA,0
GCF_965286225.1,Acetobacter orientalis,gyrA_1_Acetobacter orientalis_GCF_965286225.1,1,2817,-1265.28955078125,502,105,D,G,GGG,0
GCF_965286225.1,Acetobacter orientalis,gyrA_1_Acetobacter orientalis_GCF_965286225.1,1,2817,-1265.28955078125,502,106,H,Q,CAG,2
GCF_965286225.1,Acetobacter orientalis,gyrA_1_Acetobacter orientalis_GCF_965286225.1,1,2817,-1265.28955078125,502,106,L,Q,CAG,1
GCF_965286225.1,Acetobacter orientalis,gyrA_1_Acetobacter orientalis_GCF_965286225.1,1,2817,-1265.28955078125,502,106,R,Q,CAG,1
GCF_965286225.1,Acetobacter orientalis,gyrA_1_Acetobacter orientalis_GCF_965286225.1,1,2817,-1265.28955078125,502,119,S,A,GCC,1
GCF_965286225.1,Acetobacter orientalis,gyrA_1_Acetobacter orientalis_GCF_965286225.1,1,2817,-1265.28955078125,502,119,T,A,GCC,1
GCF_965286225.1,Acetobacter orientalis,gyrA_1_Acetobacter orientalis_GCF_965286225.1,1,2817,-1265.28955078125,502,165,A,N,AAC,0
GCF_965286225.1,Acetobacter orientalis,gyrA_1_Acetobacter orientalis_GCF_965286225.1,1,2817,-1265.28955078125,502,196,E,A,GCT,0
GCF_965286225.1,Acetobacter orientalis,gyrA_1_Acetobacter orientalis_GCF_965286225.1,1,2817,-1265.28955078125,502,386,D,A,GCC,1
GCF_011405655.2,Adlercreutzia hattorii,gyrA_1_Adlercreutzia hattorii_GCF_011405655.2,1,2604,-1135.1748046875,471,51,V,A,GCC,1
GCF_011405655.2,Adlercreutzia hattorii,gyrA_1_Adlercreutzia hattorii_GCF_011405655.2,1,2604,-1135.1748046875,471,57,K,Y,TAC,0
GCF_011405655.2,Adlercreutzia hattorii,gyrA_1_Adlercreutzia hattorii_GCF_011405655.2,1,2604,-1135.1748046875,471,67,S,A,GCC,1
GCF_011405655.2,Adlercreutzia hattorii,gyrA_1_Adlercreutzia hattorii_GCF_011405655.2,1,2604,-1135.1748046875,471,67,T,A,GCC,1
GCF_011405655.2,Adlercreutzia hattorii,gyrA_1_Adlercreutzia hattorii_GCF_011405655.2,1,2604,-1135.1748046875,471,72,G,D,GAC,1
GCF_011405655.2,Adlercreutzia hattorii,gyrA_1_Adlercreutzia hattorii_GCF_011405655.2,1,2604,-1135.1748046875,471,72,V,D,GAC,1
GCF_011405655.2,Adlercreutzia hattorii,gyrA_1_Adlercreutzia hattorii_GCF_011405655.2,1,2604,-1135.1748046875,471,77,S,Y,TAC,1
GCF_011405655.2,Adlercreutzia hattorii,gyrA_1_Adlercreutzia hattorii_GCF_011405655.2,1,2604,-1135.1748046875,471,80,P,H,CAT,1
GCF_011405655.2,Adlercreutzia hattorii,gyrA_1_Adlercreutzia hattorii_GCF_011405655.2,1,2604,-1135.1748046875,471,80,R,H,CAT,1
GCF_011405655.2,Adlercreutzia hattorii,gyrA_1_Adlercreutzia hattorii_GCF_011405655.2,1,2604,-1135.1748046875,471,81,C,G,GGC,1
GCF_011405655.2,Adlercreutzia hattorii,gyrA_1_Adlercreutzia hattorii_GCF_011405655.2,1,2604,-1135.1748046875,471,81,D,G,GGC,1
GCF_011405655.2,Adlercreutzia hattorii,gyrA_1_Adlercreutzia hattorii_GCF_011405655.2,1,2604,-1135.1748046875,471,82,G,D,GAC,1
GCF_011405655.2,Adlercreutzia hattorii,gyrA_1_Adlercreutzia hattorii_GCF_011405655.2,1,2604,-1135.1748046875,471,82,N,D,GAC,1
GCF_011405655.2,Adlercreutzia hattorii,gyrA_1_Adlercreutzia hattorii_GCF_011405655.2,1,2604,-1135.1748046875,471,82,Y,D,GAC,1
GCF_011405655.2,Adlercreutzia hattorii,gyrA_1_Adlercreutzia hattorii_GCF_011405655.2,1,2604,-1135.1748046875,471,83,A,S,TCC,1
GCF_011405655.2,Adlercreutzia hattorii,gyrA_1_Adlercreutzia hattorii_GCF_011405655.2,1,2604,-1135.1748046875,471,83,F,S,TCC,1
GCF_011405655.2,Adlercreutzia hattorii,gyrA_1_Adlercreutzia hattorii_GCF_011405655.2,1,2604,-1135.1748046875,471,83,I,S,TCC,0
GCF_011405655.2,Adlercreutzia hattorii,gyrA_1_Adlercreutzia hattorii_GCF_011405655.2,1,2604,-1135.1748046875,471,83,K,S,TCC,0
GCF_011405655.2,Adlercreutzia hattorii,gyrA_1_Adlercreutzia hattorii_GCF_011405655.2,1,2604,-1135.1748046875,471,83,L,S,TCC,0
GCF_011405655.2,Adlercreutzia hattorii,gyrA_1_Adlercreutzia hattorii_GCF_011405655.2,1,2604,-1135.1748046875,471,83,M,S,TCC,0
GCF_011405655.2,Adlercreutzia hattorii,gyrA_1_Adlercreutzia hattorii_GCF_011405655.2,1,2604,-1135.1748046875,471,83,R,S,TCC,0
GCF_011405655.2,Adlercreutzia hattorii,gyrA_1_Adlercreutzia hattorii_GCF_011405655.2,1,2604,-1135.1748046875,471,83,S,S,TCC,3
GCF_011405655.2,Adlercreutzia hattorii,gyrA_1_Adlercreutzia hattorii_GCF_011405655.2,1,2604,-1135.1748046875,471,83,V,S,TCC,0
GCF_011405655.2,Adlercreutzia hattorii,gyrA_1_Adlercreutzia hattorii_GCF_011405655.2,1,2604,-1135.1748046875,471,83,W,S,TCC,0
GCF_011405655.2,Adlercreutzia hattorii,gyrA_1_Adlercreutzia hattorii_GCF_011405655.2,1,2604,-1135.1748046875,471,83,Y,S,TCC,1
GCF_011405655.2,Adlercreutzia hattorii,gyrA_1_Adlercreutzia hattorii_GCF_011405655.2,1,2604,-1135.1748046875,471,84,A,A,GCC,3
GCF_011405655.2,Adlercreutzia hattorii,gyrA_1_Adlercreutzia hattorii_GCF_011405655.2,1,2604,-1135.1748046875,471,84,P,A,GCC,1
GCF_011405655.2,Adlercreutzia hattorii,gyrA_1_Adlercreutzia hattorii_GCF_011405655.2,1,2604,-1135.1748046875,471,84,V,A,GCC,1
GCF_011405655.2,Adlercreutzia hattorii,gyrA_1_Adlercreutzia hattorii_GCF_011405655.2,1,2604,-1135.1748046875,471,86,N,Y,TAC,1
GCF_011405655.2,Adlercreutzia hattorii,gyrA_1_Adlercreutzia hattorii_GCF_011405655.2,1,2604,-1135.1748046875,471,86,Y,Y,TAC,1
GCF_011405655.2,Adlercreutzia hattorii,gyrA_1_Adlercreutzia hattorii_GCF_011405655.2,1,2604,-1135.1748046875,471,87,A,D,GAC,1
GCF_011405655.2,Adlercreutzia hattorii,gyrA_1_Adlercreutzia hattorii_GCF_011405655.2,1,2604,-1135.1748046875,471,87,G,D,GAC,1
GCF_011405655.2,Adlercreutzia hattorii,gyrA_1_Adlercreutzia hattorii_GCF_011405655.2,1,2604,-1135.1748046875,471,87,H,D,GAC,1
GCF_011405655.2,Adlercreutzia hattorii,gyrA_1_Adlercreutzia hattorii_GCF_011405655.2,1,2604,-1135.1748046875,471,87,K,D,GAC,0
GCF_011405655.2,Adlercreutzia hattorii,gyrA_1_Adlercreutzia hattorii_GCF_011405655.2,1,2604,-1135.1748046875,471,87,L,D,GAC,0
GCF_011405655.2,Adlercreutzia hattorii,gyrA_1_Adlercreutzia hattorii_GCF_011405655.2,1,2604,-1135.1748046875,471,87,N,D,GAC,1
GCF_011405655.2,Adlercreutzia hattorii,gyrA_1_Adlercreutzia hattorii_GCF_011405655.2,1,2604,-1135.1748046875,471,87,Q,D,GAC,0
GCF_011405655.2,Adlercreutzia hattorii,gyrA_1_Adlercreutzia hattorii_GCF_011405655.2,1,2604,-1135.1748046875,471,87,R,D,GAC,0
GCF_011405655.2,Adlercreutzia hattorii,gyrA_1_Adlercreutzia hattorii_GCF_011405655.2,1,2604,-1135.1748046875,471,87,T,D,GAC,0
GCF_011405655.2,Adlercreutzia hattorii,gyrA_1_Adlercreutzia hattorii_GCF_011405655.2,1,2604,-1135.1748046875,471,87,V,D,GAC,1
GCF_011405655.2,Adlercreutzia hattorii,gyrA_1_Adlercreutzia hattorii_GCF_011405655.2,1,2604,-1135.1748046875,471,87,Y,D,GAC,1
GCF_011405655.2,Adlercreutzia hattorii,gyrA_1_Adlercreutzia hattorii_GCF_011405655.2,1,2604,-1135.1748046875,471,101,S,P,CCT,1
GCF_011405655.2,Adlercreutzia hattorii,gyrA_1_Adlercreutzia hattorii_GCF_011405655.2,1,2604,-1135.1748046875,471,105,D,G,GGC,1
GCF_011405655.2,Adlercreutzia hattorii,gyrA_1_Adlercreutzia hattorii_GCF_011405655.2,1,2604,-1135.1748046875,471,106,H,H,CAC,1
GCF_011405655.2,Adlercreutzia hattorii,gyrA_1_Adlercreutzia hattorii_GCF_011405655.2,1,2604,-1135.1748046875,471,106,L,H,CAC,1
GCF_011405655.2,Adlercreutzia hattorii,gyrA_1_Adlercreutzia hattorii_GCF_011405655.2,1,2604,-1135.1748046875,471,106,R,H,CAC,1
GCF_011405655.2,Adlercreutzia hattorii,gyrA_1_Adlercreutzia hattorii_GCF_011405655.2,1,2604,-1135.1748046875,471,119,S,A,GCC,1
GCF_011405655.2,Adlercreutzia hattorii,gyrA_1_Adlercreutzia hattorii_GCF_011405655.2,1,2604,-1135.1748046875,471,119,T,A,GCC,1
GCF_011405655.2,Adlercreutzia hattorii,gyrA_1_Adlercreutzia hattorii_GCF_011405655.2,1,2604,-1135.1748046875,471,165,A,N,AAC,0
GCF_011405655.2,Adlercreutzia hattorii,gyrA_1_Adlercreutzia hattorii_GCF_011405655.2,1,2604,-1135.1748046875,471,196,E,L,CTC,0
GCF_011405655.2,Adlercreutzia hattorii,gyrA_1_Adlercreutzia hattorii_GCF_011405655.2,1,2604,-1135.1748046875,471,386,D,A,GCG,0
GCF_053903035.1,Pseudomonas iridis,gyrA_1_Pseudomonas iridis_GCF_053903035.1,1,2775,437.71417236328125,335,51,V,A,GCG,1
GCF_053903035.1,Pseudomonas iridis,gyrA_1_Pseudomonas iridis_GCF_053903035.1,1,2775,437.71417236328125,335,57,K,N,AAC,2
GCF_053903035.1,Pseudomonas iridis,gyrA_1_Pseudomonas iridis_GCF_053903035.1,1,2775,437.71417236328125,335,67,S,A,GCC,1
GCF_053903035.1,Pseudomonas iridis,gyrA_1_Pseudomonas iridis_GCF_053903035.1,1,2775,437.71417236328125,335,67,T,A,GCC,1
GCF_053903035.1,Pseudomonas iridis,gyrA_1_Pseudomonas iridis_GCF_053903035.1,1,2775,437.71417236328125,335,72,G,D,GAC,1
GCF_053903035.1,Pseudomonas iridis,gyrA_1_Pseudomonas iridis_GCF_053903035.1,1,2775,437.71417236328125,335,72,V,D,GAC,1
GCF_053903035.1,Pseudomonas iridis,gyrA_1_Pseudomonas iridis_GCF_053903035.1,1,2775,437.71417236328125,335,77,S,Y,TAT,1
GCF_053903035.1,Pseudomonas iridis,gyrA_1_Pseudomonas iridis_GCF_053903035.1,1,2775,437.71417236328125,335,80,P,H,CAC,1
GCF_053903035.1,Pseudomonas iridis,gyrA_1_Pseudomonas iridis_GCF_053903035.1,1,2775,437.71417236328125,335,80,R,H,CAC,1
GCF_053903035.1,Pseudomonas iridis,gyrA_1_Pseudomonas iridis_GCF_053903035.1,1,2775,437.71417236328125,335,81,C,G,GGT,1
GCF_053903035.1,Pseudomonas iridis,gyrA_1_Pseudomonas iridis_GCF_053903035.1,1,2775,437.71417236328125,335,81,D,G,GGT,1
GCF_053903035.1,Pseudomonas iridis,gyrA_1_Pseudomonas iridis_GCF_053903035.1,1,2775,437.71417236328125,335,82,G,D,GAT,1
GCF_053903035.1,Pseudomonas iridis,gyrA_1_Pseudomonas iridis_GCF_053903035.1,1,2775,437.71417236328125,335,82,N,D,GAT,1
GCF_053903035.1,Pseudomonas iridis,gyrA_1_Pseudomonas iridis_GCF_053903035.1,1,2775,437.71417236328125,335,82,Y,D,GAT,1
GCF_053903035.1,Pseudomonas iridis,gyrA_1_Pseudomonas iridis_GCF_053903035.1,1,2775,437.71417236328125,335,83,A,T,ACT,1
GCF_053903035.1,Pseudomonas iridis,gyrA_1_Pseudomonas iridis_GCF_053903035.1,1,2775,437.71417236328125,335,83,F,T,ACT,0
GCF_053903035.1,Pseudomonas iridis,gyrA_1_Pseudomonas iridis_GCF_053903035.1,1,2775,437.71417236328125,335,83,I,T,ACT,1
GCF_053903035.1,Pseudomonas iridis,gyrA_1_Pseudomonas iridis_GCF_053903035.1,1,2775,437.71417236328125,335,83,K,T,ACT,0
GCF_053903035.1,Pseudomonas iridis,gyrA_1_Pseudomonas iridis_GCF_053903035.1,1,2775,437.71417236328125,335,83,L,T,ACT,0
GCF_053903035.1,Pseudomonas iridis,gyrA_1_Pseudomonas iridis_GCF_053903035.1,1,2775,437.71417236328125,335,83,M,T,ACT,0
GCF_053903035.1,Pseudomonas iridis,gyrA_1_Pseudomonas iridis_GCF_053903035.1,1,2775,437.71417236328125,335,83,R,T,ACT,0
GCF_053903035.1,Pseudomonas iridis,gyrA_1_Pseudomonas iridis_GCF_053903035.1,1,2775,437.71417236328125,335,83,S,T,ACT,2
GCF_053903035.1,Pseudomonas iridis,gyrA_1_Pseudomonas iridis_GCF_053903035.1,1,2775,437.71417236328125,335,83,V,T,ACT,0
GCF_053903035.1,Pseudomonas iridis,gyrA_1_Pseudomonas iridis_GCF_053903035.1,1,2775,437.71417236328125,335,83,W,T,ACT,0
GCF_053903035.1,Pseudomonas iridis,gyrA_1_Pseudomonas iridis_GCF_053903035.1,1,2775,437.71417236328125,335,83,Y,T,ACT,0
GCF_053903035.1,Pseudomonas iridis,gyrA_1_Pseudomonas iridis_GCF_053903035.1,1,2775,437.71417236328125,335,84,A,A,GCG,3
GCF_053903035.1,Pseudomonas iridis,gyrA_1_Pseudomonas iridis_GCF_053903035.1,1,2775,437.71417236328125,335,84,P,A,GCG,1
GCF_053903035.1,Pseudomonas iridis,gyrA_1_Pseudomonas iridis_GCF_053903035.1,1,2775,437.71417236328125,335,84,V,A,GCG,1
GCF_053903035.1,Pseudomonas iridis,gyrA_1_Pseudomonas iridis_GCF_053903035.1,1,2775,437.71417236328125,335,86,N,Y,TAC,1
GCF_053903035.1,Pseudomonas iridis,gyrA_1_Pseudomonas iridis_GCF_053903035.1,1,2775,437.71417236328125,335,86,Y,Y,TAC,1
GCF_053903035.1,Pseudomonas iridis,gyrA_1_Pseudomonas iridis_GCF_053903035.1,1,2775,437.71417236328125,335,87,A,D,GAC,1
GCF_053903035.1,Pseudomonas iridis,gyrA_1_Pseudomonas iridis_GCF_053903035.1,1,2775,437.71417236328125,335,87,G,D,GAC,1
GCF_053903035.1,Pseudomonas iridis,gyrA_1_Pseudomonas iridis_GCF_053903035.1,1,2775,437.71417236328125,335,87,H,D,GAC,1
GCF_053903035.1,Pseudomonas iridis,gyrA_1_Pseudomonas iridis_GCF_053903035.1,1,2775,437.71417236328125,335,87,K,D,GAC,0
GCF_053903035.1,Pseudomonas iridis,gyrA_1_Pseudomonas iridis_GCF_053903035.1,1,2775,437.71417236328125,335,87,L,D,GAC,0
GCF_053903035.1,Pseudomonas iridis,gyrA_1_Pseudomonas iridis_GCF_053903035.1,1,2775,437.71417236328125,335,87,N,D,GAC,1
GCF_053903035.1,Pseudomonas iridis,gyrA_1_Pseudomonas iridis_GCF_053903035.1,1,2775,437.71417236328125,335,87,Q,D,GAC,0
GCF_053903035.1,Pseudomonas iridis,gyrA_1_Pseudomonas iridis_GCF_053903035.1,1,2775,437.71417236328125,335,87,R,D,GAC,0
GCF_053903035.1,Pseudomonas iridis,gyrA_1_Pseudomonas iridis_GCF_053903035.1,1,2775,437.71417236328125,335,87,T,D,GAC,0
GCF_053903035.1,Pseudomonas iridis,gyrA_1_Pseudomonas iridis_GCF_053903035.1,1,2775,437.71417236328125,335,87,V,D,GAC,1
GCF_053903035.1,Pseudomonas iridis,gyrA_1_Pseudomonas iridis_GCF_053903035.1,1,2775,437.71417236328125,335,87,Y,D,GAC,1
GCF_053903035.1,Pseudomonas iridis,gyrA_1_Pseudomonas iridis_GCF_053903035.1,1,2775,437.71417236328125,335,101,S,L,CTG,0
GCF_053903035.1,Pseudomonas iridis,gyrA_1_Pseudomonas iridis_GCF_053903035.1,1,2775,437.71417236328125,335,105,D,G,GGT,1
GCF_053903035.1,Pseudomonas iridis,gyrA_1_Pseudomonas iridis_GCF_053903035.1,1,2775,437.71417236328125,335,106,H,Q,CAG,2
GCF_053903035.1,Pseudomonas iridis,gyrA_1_Pseudomonas iridis_GCF_053903035.1,1,2775,437.71417236328125,335,106,L,Q,CAG,1
GCF_053903035.1,Pseudomonas iridis,gyrA_1_Pseudomonas iridis_GCF_053903035.1,1,2775,437.71417236328125,335,106,R,Q,CAG,1
GCF_053903035.1,Pseudomonas iridis,gyrA_1_Pseudomonas iridis_GCF_053903035.1,1,2775,437.71417236328125,335,119,S,A,GCC,1
GCF_053903035.1,Pseudomonas iridis,gyrA_1_Pseudomonas iridis_GCF_053903035.1,1,2775,437.71417236328125,335,119,T,A,GCC,1
GCF_053903035.1,Pseudomonas iridis,gyrA_1_Pseudomonas iridis_GCF_053903035.1,1,2775,437.71417236328125,335,165,A,N,AAC,0
GCF_053903035.1,Pseudomonas iridis,gyrA_1_Pseudomonas iridis_GCF_053903035.1,1,2775,437.71417236328125,335,196,E,A,GCG,1
GCF_053903035.1,Pseudomonas iridis,gyrA_1_Pseudomonas iridis_GCF_053903035.1,1,2775,437.71417236328125,335,386,D,A,GCC,1
GCF_053514885.1,Mucilaginibacter aureus,gyrA_1_Mucilaginibacter aureus_GCF_053514885.1,1,2574,-1111.9635009765625,464,51,V,G,GGC,1
GCF_053514885.1,Mucilaginibacter aureus,gyrA_1_Mucilaginibacter aureus_GCF_053514885.1,1,2574,-1111.9635009765625,464,57,K,L,TTA,0
GCF_053514885.1,Mucilaginibacter aureus,gyrA_1_Mucilaginibacter aureus_GCF_053514885.1,1,2574,-1111.9635009765625,464,67,S,A,GCA,1
GCF_053514885.1,Mucilaginibacter aureus,gyrA_1_Mucilaginibacter aureus_GCF_053514885.1,1,2574,-1111.9635009765625,464,67,T,A,GCA,1
GCF_053514885.1,Mucilaginibacter aureus,gyrA_1_Mucilaginibacter aureus_GCF_053514885.1,1,2574,-1111.9635009765625,464,72,G,E,GAG,1
GCF_053514885.1,Mucilaginibacter aureus,gyrA_1_Mucilaginibacter aureus_GCF_053514885.1,1,2574,-1111.9635009765625,464,72,V,E,GAG,1
GCF_053514885.1,Mucilaginibacter aureus,gyrA_1_Mucilaginibacter aureus_GCF_053514885.1,1,2574,-1111.9635009765625,464,77,S,Y,TAC,1
GCF_053514885.1,Mucilaginibacter aureus,gyrA_1_Mucilaginibacter aureus_GCF_053514885.1,1,2574,-1111.9635009765625,464,80,P,H,CAC,1
GCF_053514885.1,Mucilaginibacter aureus,gyrA_1_Mucilaginibacter aureus_GCF_053514885.1,1,2574,-1111.9635009765625,464,80,R,H,CAC,1
GCF_053514885.1,Mucilaginibacter aureus,gyrA_1_Mucilaginibacter aureus_GCF_053514885.1,1,2574,-1111.9635009765625,464,81,C,G,GGC,1
GCF_053514885.1,Mucilaginibacter aureus,gyrA_1_Mucilaginibacter aureus_GCF_053514885.1,1,2574,-1111.9635009765625,464,81,D,G,GGC,1
GCF_053514885.1,Mucilaginibacter aureus,gyrA_1_Mucilaginibacter aureus_GCF_053514885.1,1,2574,-1111.9635009765625,464,82,G,D,GAC,1
GCF_053514885.1,Mucilaginibacter aureus,gyrA_1_Mucilaginibacter aureus_GCF_053514885.1,1,2574,-1111.9635009765625,464,82,N,D,GAC,1
GCF_053514885.1,Mucilaginibacter aureus,gyrA_1_Mucilaginibacter aureus_GCF_053514885.1,1,2574,-1111.9635009765625,464,82,Y,D,GAC,1
GCF_053514885.1,Mucilaginibacter aureus,gyrA_1_Mucilaginibacter aureus_GCF_053514885.1,1,2574,-1111.9635009765625,464,83,A,S,TCT,1
GCF_053514885.1,Mucilaginibacter aureus,gyrA_1_Mucilaginibacter aureus_GCF_053514885.1,1,2574,-1111.9635009765625,464,83,F,S,TCT,1
GCF_053514885.1,Mucilaginibacter aureus,gyrA_1_Mucilaginibacter aureus_GCF_053514885.1,1,2574,-1111.9635009765625,464,83,I,S,TCT,0
GCF_053514885.1,Mucilaginibacter aureus,gyrA_1_Mucilaginibacter aureus_GCF_053514885.1,1,2574,-1111.9635009765625,464,83,K,S,TCT,0
GCF_053514885.1,Mucilaginibacter aureus,gyrA_1_Mucilaginibacter aureus_GCF_053514885.1,1,2574,-1111.9635009765625,464,83,L,S,TCT,0
GCF_053514885.1,Mucilaginibacter aureus,gyrA_1_Mucilaginibacter aureus_GCF_053514885.1,1,2574,-1111.9635009765625,464,83,M,S,TCT,0
GCF_053514885.1,Mucilaginibacter aureus,gyrA_1_Mucilaginibacter aureus_GCF_053514885.1,1,2574,-1111.9635009765625,464,83,R,S,TCT,0
GCF_053514885.1,Mucilaginibacter aureus,gyrA_1_Mucilaginibacter aureus_GCF_053514885.1,1,2574,-1111.9635009765625,464,83,S,S,TCT,3
GCF_053514885.1,Mucilaginibacter aureus,gyrA_1_Mucilaginibacter aureus_GCF_053514885.1,1,2574,-1111.9635009765625,464,83,V,S,TCT,0
GCF_053514885.1,Mucilaginibacter aureus,gyrA_1_Mucilaginibacter aureus_GCF_053514885.1,1,2574,-1111.9635009765625,464,83,W,S,TCT,0
GCF_053514885.1,Mucilaginibacter aureus,gyrA_1_Mucilaginibacter aureus_GCF_053514885.1,1,2574,-1111.9635009765625,464,83,Y,S,TCT,1
GCF_053514885.1,Mucilaginibacter aureus,gyrA_1_Mucilaginibacter aureus_GCF_053514885.1,1,2574,-1111.9635009765625,464,84,A,S,TCT,1
GCF_053514885.1,Mucilaginibacter aureus,gyrA_1_Mucilaginibacter aureus_GCF_053514885.1,1,2574,-1111.9635009765625,464,84,P,S,TCT,1
GCF_053514885.1,Mucilaginibacter aureus,gyrA_1_Mucilaginibacter aureus_GCF_053514885.1,1,2574,-1111.9635009765625,464,84,V,S,TCT,0
GCF_053514885.1,Mucilaginibacter aureus,gyrA_1_Mucilaginibacter aureus_GCF_053514885.1,1,2574,-1111.9635009765625,464,86,N,Y,TAC,1
GCF_053514885.1,Mucilaginibacter aureus,gyrA_1_Mucilaginibacter aureus_GCF_053514885.1,1,2574,-1111.9635009765625,464,86,Y,Y,TAC,1
GCF_053514885.1,Mucilaginibacter aureus,gyrA_1_Mucilaginibacter aureus_GCF_053514885.1,1,2574,-1111.9635009765625,464,87,A,G,GGC,1
GCF_053514885.1,Mucilaginibacter aureus,gyrA_1_Mucilaginibacter aureus_GCF_053514885.1,1,2574,-1111.9635009765625,464,87,G,G,GGC,3
GCF_053514885.1,Mucilaginibacter aureus,gyrA_1_Mucilaginibacter aureus_GCF_053514885.1,1,2574,-1111.9635009765625,464,87,H,G,GGC,0
GCF_053514885.1,Mucilaginibacter aureus,gyrA_1_Mucilaginibacter aureus_GCF_053514885.1,1,2574,-1111.9635009765625,464,87,K,G,GGC,0
GCF_053514885.1,Mucilaginibacter aureus,gyrA_1_Mucilaginibacter aureus_GCF_053514885.1,1,2574,-1111.9635009765625,464,87,L,G,GGC,0
GCF_053514885.1,Mucilaginibacter aureus,gyrA_1_Mucilaginibacter aureus_GCF_053514885.1,1,2574,-1111.9635009765625,464,87,N,G,GGC,0
GCF_053514885.1,Mucilaginibacter aureus,gyrA_1_Mucilaginibacter aureus_GCF_053514885.1,1,2574,-1111.9635009765625,464,87,Q,G,GGC,0
GCF_053514885.1,Mucilaginibacter aureus,gyrA_1_Mucilaginibacter aureus_GCF_053514885.1,1,2574,-1111.9635009765625,464,87,R,G,GGC,1
GCF_053514885.1,Mucilaginibacter aureus,gyrA_1_Mucilaginibacter aureus_GCF_053514885.1,1,2574,-1111.9635009765625,464,87,T,G,GGC,0
GCF_053514885.1,Mucilaginibacter aureus,gyrA_1_Mucilaginibacter aureus_GCF_053514885.1,1,2574,-1111.9635009765625,464,87,V,G,GGC,1
GCF_053514885.1,Mucilaginibacter aureus,gyrA_1_Mucilaginibacter aureus_GCF_053514885.1,1,2574,-1111.9635009765625,464,87,Y,G,GGC,0
GCF_053514885.1,Mucilaginibacter aureus,gyrA_1_Mucilaginibacter aureus_GCF_053514885.1,1,2574,-1111.9635009765625,464,101,S,P,CCG,1
GCF_053514885.1,Mucilaginibacter aureus,gyrA_1_Mucilaginibacter aureus_GCF_053514885.1,1,2574,-1111.9635009765625,464,105,D,G,GGC,1
GCF_053514885.1,Mucilaginibacter aureus,gyrA_1_Mucilaginibacter aureus_GCF_053514885.1,1,2574,-1111.9635009765625,464,106,H,Q,CAG,2
GCF_053514885.1,Mucilaginibacter aureus,gyrA_1_Mucilaginibacter aureus_GCF_053514885.1,1,2574,-1111.9635009765625,464,106,L,Q,CAG,1
GCF_053514885.1,Mucilaginibacter aureus,gyrA_1_Mucilaginibacter aureus_GCF_053514885.1,1,2574,-1111.9635009765625,464,106,R,Q,CAG,1
GCF_053514885.1,Mucilaginibacter aureus,gyrA_1_Mucilaginibacter aureus_GCF_053514885.1,1,2574,-1111.9635009765625,464,119,S,A,GCA,1
GCF_053514885.1,Mucilaginibacter aureus,gyrA_1_Mucilaginibacter aureus_GCF_053514885.1,1,2574,-1111.9635009765625,464,119,T,A,GCA,1
GCF_053514885.1,Mucilaginibacter aureus,gyrA_1_Mucilaginibacter aureus_GCF_053514885.1,1,2574,-1111.9635009765625,464,165,A,N,AAC,0
GCF_053514885.1,Mucilaginibacter aureus,gyrA_1_Mucilaginibacter aureus_GCF_053514885.1,1,2574,-1111.9635009765625,464,196,E,A,GCT,0
GCF_053514885.1,Mucilaginibacter aureus,gyrA_1_Mucilaginibacter aureus_GCF_053514885.1,1,2574,-1111.9635009765625,464,386,D,A,GCC,1
GCF_977007095.1,Stenotrophomonas sepilia,gyrA_1_Stenotrophomonas sepilia_GCF_977007095.1,1,2715,231.95321655273438,349,51,V,A,GCG,1
GCF_977007095.1,Stenotrophomonas sepilia,gyrA_1_Stenotrophomonas sepilia_GCF_977007095.1,1,2715,231.95321655273438,349,57,K,A,GCG,0
GCF_977007095.1,Stenotrophomonas sepilia,gyrA_1_Stenotrophomonas sepilia_GCF_977007095.1,1,2715,231.95321655273438,349,67,S,A,GCG,1
GCF_977007095.1,Stenotrophomonas sepilia,gyrA_1_Stenotrophomonas sepilia_GCF_977007095.1,1,2715,231.95321655273438,349,67,T,A,GCG,1
GCF_977007095.1,Stenotrophomonas sepilia,gyrA_1_Stenotrophomonas sepilia_GCF_977007095.1,1,2715,231.95321655273438,349,72,G,D,GAC,1
GCF_977007095.1,Stenotrophomonas sepilia,gyrA_1_Stenotrophomonas sepilia_GCF_977007095.1,1,2715,231.95321655273438,349,72,V,D,GAC,1
GCF_977007095.1,Stenotrophomonas sepilia,gyrA_1_Stenotrophomonas sepilia_GCF_977007095.1,1,2715,231.95321655273438,349,77,S,Y,TAC,1
GCF_977007095.1,Stenotrophomonas sepilia,gyrA_1_Stenotrophomonas sepilia_GCF_977007095.1,1,2715,231.95321655273438,349,80,P,H,CAT,1
GCF_977007095.1,Stenotrophomonas sepilia,gyrA_1_Stenotrophomonas sepilia_GCF_977007095.1,1,2715,231.95321655273438,349,80,R,H,CAT,1
GCF_977007095.1,Stenotrophomonas sepilia,gyrA_1_Stenotrophomonas sepilia_GCF_977007095.1,1,2715,231.95321655273438,349,81,C,G,GGC,1
GCF_977007095.1,Stenotrophomonas sepilia,gyrA_1_Stenotrophomonas sepilia_GCF_977007095.1,1,2715,231.95321655273438,349,81,D,G,GGC,1
GCF_977007095.1,Stenotrophomonas sepilia,gyrA_1_Stenotrophomonas sepilia_GCF_977007095.1,1,2715,231.95321655273438,349,82,G,D,GAT,1
GCF_977007095.1,Stenotrophomonas sepilia,gyrA_1_Stenotrophomonas sepilia_GCF_977007095.1,1,2715,231.95321655273438,349,82,N,D,GAT,1
GCF_977007095.1,Stenotrophomonas sepilia,gyrA_1_Stenotrophomonas sepilia_GCF_977007095.1,1,2715,231.95321655273438,349,82,Y,D,GAT,1
GCF_977007095.1,Stenotrophomonas sepilia,gyrA_1_Stenotrophomonas sepilia_GCF_977007095.1,1,2715,231.95321655273438,349,83,A,Q,CAG,0
GCF_977007095.1,Stenotrophomonas sepilia,gyrA_1_Stenotrophomonas sepilia_GCF_977007095.1,1,2715,231.95321655273438,349,83,F,Q,CAG,0
GCF_977007095.1,Stenotrophomonas sepilia,gyrA_1_Stenotrophomonas sepilia_GCF_977007095.1,1,2715,231.95321655273438,349,83,I,Q,CAG,0
GCF_977007095.1,Stenotrophomonas sepilia,gyrA_1_Stenotrophomonas sepilia_GCF_977007095.1,1,2715,231.95321655273438,349,83,K,Q,CAG,1
GCF_977007095.1,Stenotrophomonas sepilia,gyrA_1_Stenotrophomonas sepilia_GCF_977007095.1,1,2715,231.95321655273438,349,83,L,Q,CAG,1
GCF_977007095.1,Stenotrophomonas sepilia,gyrA_1_Stenotrophomonas sepilia_GCF_977007095.1,1,2715,231.95321655273438,349,83,M,Q,CAG,0
GCF_977007095.1,Stenotrophomonas sepilia,gyrA_1_Stenotrophomonas sepilia_GCF_977007095.1,1,2715,231.95321655273438,349,83,R,Q,CAG,1
GCF_977007095.1,Stenotrophomonas sepilia,gyrA_1_Stenotrophomonas sepilia_GCF_977007095.1,1,2715,231.95321655273438,349,83,S,Q,CAG,0
GCF_977007095.1,Stenotrophomonas sepilia,gyrA_1_Stenotrophomonas sepilia_GCF_977007095.1,1,2715,231.95321655273438,349,83,V,Q,CAG,0
GCF_977007095.1,Stenotrophomonas sepilia,gyrA_1_Stenotrophomonas sepilia_GCF_977007095.1,1,2715,231.95321655273438,349,83,W,Q,CAG,0
GCF_977007095.1,Stenotrophomonas sepilia,gyrA_1_Stenotrophomonas sepilia_GCF_977007095.1,1,2715,231.95321655273438,349,83,Y,Q,CAG,0
GCF_977007095.1,Stenotrophomonas sepilia,gyrA_1_Stenotrophomonas sepilia_GCF_977007095.1,1,2715,231.95321655273438,349,84,A,S,TCA,1
GCF_977007095.1,Stenotrophomonas sepilia,gyrA_1_Stenotrophomonas sepilia_GCF_977007095.1,1,2715,231.95321655273438,349,84,P,S,TCA,1
GCF_977007095.1,Stenotrophomonas sepilia,gyrA_1_Stenotrophomonas sepilia_GCF_977007095.1,1,2715,231.95321655273438,349,84,V,S,TCA,0
GCF_977007095.1,Stenotrophomonas sepilia,gyrA_1_Stenotrophomonas sepilia_GCF_977007095.1,1,2715,231.95321655273438,349,86,N,Y,TAT,1
GCF_977007095.1,Stenotrophomonas sepilia,gyrA_1_Stenotrophomonas sepilia_GCF_977007095.1,1,2715,231.95321655273438,349,86,Y,Y,TAT,1
GCF_977007095.1,Stenotrophomonas sepilia,gyrA_1_Stenotrophomonas sepilia_GCF_977007095.1,1,2715,231.95321655273438,349,87,A,D,GAC,1
GCF_977007095.1,Stenotrophomonas sepilia,gyrA_1_Stenotrophomonas sepilia_GCF_977007095.1,1,2715,231.95321655273438,349,87,G,D,GAC,1
GCF_977007095.1,Stenotrophomonas sepilia,gyrA_1_Stenotrophomonas sepilia_GCF_977007095.1,1,2715,231.95321655273438,349,87,H,D,GAC,1
GCF_977007095.1,Stenotrophomonas sepilia,gyrA_1_Stenotrophomonas sepilia_GCF_977007095.1,1,2715,231.95321655273438,349,87,K,D,GAC,0
GCF_977007095.1,Stenotrophomonas sepilia,gyrA_1_Stenotrophomonas sepilia_GCF_977007095.1,1,2715,231.95321655273438,349,87,L,D,GAC,0
GCF_977007095.1,Stenotrophomonas sepilia,gyrA_1_Stenotrophomonas sepilia_GCF_977007095.1,1,2715,231.95321655273438,349,87,N,D,GAC,1
GCF_977007095.1,Stenotrophomonas sepilia,gyrA_1_Stenotrophomonas sepilia_GCF_977007095.1,1,2715,231.95321655273438,349,87,Q,D,GAC,0
GCF_977007095.1,Stenotrophomonas sepilia,gyrA_1_Stenotrophomonas sepilia_GCF_977007095.1,1,2715,231.95321655273438,349,87,R,D,GAC,0
GCF_977007095.1,Stenotrophomonas sepilia,gyrA_1_Stenotrophomonas sepilia_GCF_977007095.1,1,2715,231.95321655273438,349,87,T,D,GAC,0
GCF_977007095.1,Stenotrophomonas sepilia,gyrA_1_Stenotrophomonas sepilia_GCF_977007095.1,1,2715,231.95321655273438,349,87,V,D,GAC,1
GCF_977007095.1,Stenotrophomonas sepilia,gyrA_1_Stenotrophomonas sepilia_GCF_977007095.1,1,2715,231.95321655273438,349,87,Y,D,GAC,1
GCF_977007095.1,Stenotrophomonas sepilia,gyrA_1_Stenotrophomonas sepilia_GCF_977007095.1,1,2715,231.95321655273438,349,101,S,M,ATG,0
GCF_977007095.1,Stenotrophomonas sepilia,gyrA_1_Stenotrophomonas sepilia_GCF_977007095.1,1,2715,231.95321655273438,349,105,D,G,GGC,1
GCF_977007095.1,Stenotrophomonas sepilia,gyrA_1_Stenotrophomonas sepilia_GCF_977007095.1,1,2715,231.95321655273438,349,106,H,Q,CAG,2
GCF_977007095.1,Stenotrophomonas sepilia,gyrA_1_Stenotrophomonas sepilia_GCF_977007095.1,1,2715,231.95321655273438,349,106,L,Q,CAG,1
GCF_977007095.1,Stenotrophomonas sepilia,gyrA_1_Stenotrophomonas sepilia_GCF_977007095.1,1,2715,231.95321655273438,349,106,R,Q,CAG,1
GCF_977007095.1,Stenotrophomonas sepilia,gyrA_1_Stenotrophomonas sepilia_GCF_977007095.1,1,2715,231.95321655273438,349,119,S,A,GCC,1
GCF_977007095.1,Stenotrophomonas sepilia,gyrA_1_Stenotrophomonas sepilia_GCF_977007095.1,1,2715,231.95321655273438,349,119,T,A,GCC,1
GCF_977007095.1,Stenotrophomonas sepilia,gyrA_1_Stenotrophomonas sepilia_GCF_977007095.1,1,2715,231.95321655273438,349,165,A,N,AAC,0
GCF_977007095.1,Stenotrophomonas sepilia,gyrA_1_Stenotrophomonas sepilia_GCF_977007095.1,1,2715,231.95321655273438,349,196,E,A,GCG,1
GCF_977007095.1,Stenotrophomonas sepilia,gyrA_1_Stenotrophomonas sepilia_GCF_977007095.1,1,2715,231.95321655273438,349,386,D,A,GCG,0
GCF_976997495.1,Sphingobacterium faecium,gyrA_1_Sphingobacterium faecium_GCF_976997495.1,1,2598,-1154.7598876953125,466,51,V,G,GGC,1
GCF_976997495.1,Sphingobacterium faecium,gyrA_1_Sphingobacterium faecium_GCF_976997495.1,1,2598,-1154.7598876953125,466,57,K,V,GTT,0
GCF_976997495.1,Sphingobacterium faecium,gyrA_1_Sphingobacterium faecium_GCF_976997495.1,1,2598,-1154.7598876953125,466,67,S,A,GCA,1
GCF_976997495.1,Sphingobacterium faecium,gyrA_1_Sphingobacterium faecium_GCF_976997495.1,1,2598,-1154.7598876953125,466,67,T,A,GCA,1
GCF_976997495.1,Sphingobacterium faecium,gyrA_1_Sphingobacterium faecium_GCF_976997495.1,1,2598,-1154.7598876953125,466,72,G,D,GAC,1
GCF_976997495.1,Sphingobacterium faecium,gyrA_1_Sphingobacterium faecium_GCF_976997495.1,1,2598,-1154.7598876953125,466,72,V,D,GAC,1
GCF_976997495.1,Sphingobacterium faecium,gyrA_1_Sphingobacterium faecium_GCF_976997495.1,1,2598,-1154.7598876953125,466,77,S,Y,TAC,1
GCF_976997495.1,Sphingobacterium faecium,gyrA_1_Sphingobacterium faecium_GCF_976997495.1,1,2598,-1154.7598876953125,466,80,P,H,CAT,1
GCF_976997495.1,Sphingobacterium faecium,gyrA_1_Sphingobacterium faecium_GCF_976997495.1,1,2598,-1154.7598876953125,466,80,R,H,CAT,1
GCF_976997495.1,Sphingobacterium faecium,gyrA_1_Sphingobacterium faecium_GCF_976997495.1,1,2598,-1154.7598876953125,466,81,C,G,GGG,0
GCF_976997495.1,Sphingobacterium faecium,gyrA_1_Sphingobacterium faecium_GCF_976997495.1,1,2598,-1154.7598876953125,466,81,D,G,GGG,0
GCF_976997495.1,Sphingobacterium faecium,gyrA_1_Sphingobacterium faecium_GCF_976997495.1,1,2598,-1154.7598876953125,466,82,G,D,GAT,1
GCF_976997495.1,Sphingobacterium faecium,gyrA_1_Sphingobacterium faecium_GCF_976997495.1,1,2598,-1154.7598876953125,466,82,N,D,GAT,1
GCF_976997495.1,Sphingobacterium faecium,gyrA_1_Sphingobacterium faecium_GCF_976997495.1,1,2598,-1154.7598876953125,466,82,Y,D,GAT,1
GCF_976997495.1,Sphingobacterium faecium,gyrA_1_Sphingobacterium faecium_GCF_976997495.1,1,2598,-1154.7598876953125,466,83,A,T,ACT,1
GCF_976997495.1,Sphingobacterium faecium,gyrA_1_Sphingobacterium faecium_GCF_976997495.1,1,2598,-1154.7598876953125,466,83,F,T,ACT,0
GCF_976997495.1,Sphingobacterium faecium,gyrA_1_Sphingobacterium faecium_GCF_976997495.1,1,2598,-1154.7598876953125,466,83,I,T,ACT,1
GCF_976997495.1,Sphingobacterium faecium,gyrA_1_Sphingobacterium faecium_GCF_976997495.1,1,2598,-1154.7598876953125,466,83,K,T,ACT,0
GCF_976997495.1,Sphingobacterium faecium,gyrA_1_Sphingobacterium faecium_GCF_976997495.1,1,2598,-1154.7598876953125,466,83,L,T,ACT,0
GCF_976997495.1,Sphingobacterium faecium,gyrA_1_Sphingobacterium faecium_GCF_976997495.1,1,2598,-1154.7598876953125,466,83,M,T,ACT,0
GCF_976997495.1,Sphingobacterium faecium,gyrA_1_Sphingobacterium faecium_GCF_976997495.1,1,2598,-1154.7598876953125,466,83,R,T,ACT,0
GCF_976997495.1,Sphingobacterium faecium,gyrA_1_Sphingobacterium faecium_GCF_976997495.1,1,2598,-1154.7598876953125,466,83,S,T,ACT,2
GCF_976997495.1,Sphingobacterium faecium,gyrA_1_Sphingobacterium faecium_GCF_976997495.1,1,2598,-1154.7598876953125,466,83,V,T,ACT,0
GCF_976997495.1,Sphingobacterium faecium,gyrA_1_Sphingobacterium faecium_GCF_976997495.1,1,2598,-1154.7598876953125,466,83,W,T,ACT,0
GCF_976997495.1,Sphingobacterium faecium,gyrA_1_Sphingobacterium faecium_GCF_976997495.1,1,2598,-1154.7598876953125,466,83,Y,T,ACT,0
GCF_976997495.1,Sphingobacterium faecium,gyrA_1_Sphingobacterium faecium_GCF_976997495.1,1,2598,-1154.7598876953125,466,84,A,S,TCC,1
GCF_976997495.1,Sphingobacterium faecium,gyrA_1_Sphingobacterium faecium_GCF_976997495.1,1,2598,-1154.7598876953125,466,84,P,S,TCC,1
GCF_976997495.1,Sphingobacterium faecium,gyrA_1_Sphingobacterium faecium_GCF_976997495.1,1,2598,-1154.7598876953125,466,84,V,S,TCC,0
GCF_976997495.1,Sphingobacterium faecium,gyrA_1_Sphingobacterium faecium_GCF_976997495.1,1,2598,-1154.7598876953125,466,86,N,Y,TAC,1
GCF_976997495.1,Sphingobacterium faecium,gyrA_1_Sphingobacterium faecium_GCF_976997495.1,1,2598,-1154.7598876953125,466,86,Y,Y,TAC,1
GCF_976997495.1,Sphingobacterium faecium,gyrA_1_Sphingobacterium faecium_GCF_976997495.1,1,2598,-1154.7598876953125,466,87,A,D,GAT,1
GCF_976997495.1,Sphingobacterium faecium,gyrA_1_Sphingobacterium faecium_GCF_976997495.1,1,2598,-1154.7598876953125,466,87,G,D,GAT,1
GCF_976997495.1,Sphingobacterium faecium,gyrA_1_Sphingobacterium faecium_GCF_976997495.1,1,2598,-1154.7598876953125,466,87,H,D,GAT,1
GCF_976997495.1,Sphingobacterium faecium,gyrA_1_Sphingobacterium faecium_GCF_976997495.1,1,2598,-1154.7598876953125,466,87,K,D,GAT,0
GCF_976997495.1,Sphingobacterium faecium,gyrA_1_Sphingobacterium faecium_GCF_976997495.1,1,2598,-1154.7598876953125,466,87,L,D,GAT,0
GCF_976997495.1,Sphingobacterium faecium,gyrA_1_Sphingobacterium faecium_GCF_976997495.1,1,2598,-1154.7598876953125,466,87,N,D,GAT,1
GCF_976997495.1,Sphingobacterium faecium,gyrA_1_Sphingobacterium faecium_GCF_976997495.1,1,2598,-1154.7598876953125,466,87,Q,D,GAT,0
GCF_976997495.1,Sphingobacterium faecium,gyrA_1_Sphingobacterium faecium_GCF_976997495.1,1,2598,-1154.7598876953125,466,87,R,D,GAT,0
GCF_976997495.1,Sphingobacterium faecium,gyrA_1_Sphingobacterium faecium_GCF_976997495.1,1,2598,-1154.7598876953125,466,87,T,D,GAT,0
GCF_976997495.1,Sphingobacterium faecium,gyrA_1_Sphingobacterium faecium_GCF_976997495.1,1,2598,-1154.7598876953125,466,87,V,D,GAT,1
GCF_976997495.1,Sphingobacterium faecium,gyrA_1_Sphingobacterium faecium_GCF_976997495.1,1,2598,-1154.7598876953125,466,87,Y,D,GAT,1
GCF_976997495.1,Sphingobacterium faecium,gyrA_1_Sphingobacterium faecium_GCF_976997495.1,1,2598,-1154.7598876953125,466,101,S,P,CCT,1
GCF_976997495.1,Sphingobacterium faecium,gyrA_1_Sphingobacterium faecium_GCF_976997495.1,1,2598,-1154.7598876953125,466,105,D,G,GGG,0
GCF_976997495.1,Sphingobacterium faecium,gyrA_1_Sphingobacterium faecium_GCF_976997495.1,1,2598,-1154.7598876953125,466,106,H,Q,CAG,2
GCF_976997495.1,Sphingobacterium faecium,gyrA_1_Sphingobacterium faecium_GCF_976997495.1,1,2598,-1154.7598876953125,466,106,L,Q,CAG,1
GCF_976997495.1,Sphingobacterium faecium,gyrA_1_Sphingobacterium faecium_GCF_976997495.1,1,2598,-1154.7598876953125,466,106,R,Q,CAG,1
GCF_976997495.1,Sphingobacterium faecium,gyrA_1_Sphingobacterium faecium_GCF_976997495.1,1,2598,-1154.7598876953125,466,119,S,A,GCG,1
GCF_976997495.1,Sphingobacterium faecium,gyrA_1_Sphingobacterium faecium_GCF_976997495.1,1,2598,-1154.7598876953125,466,119,T,A,GCG,1
GCF_976997495.1,Sphingobacterium faecium,gyrA_1_Sphingobacterium faecium_GCF_976997495.1,1,2598,-1154.7598876953125,466,165,A,N,AAT,0
GCF_976997495.1,Sphingobacterium faecium,gyrA_1_Sphingobacterium faecium_GCF_976997495.1,1,2598,-1154.7598876953125,466,196,E,A,GCC,0
GCF_976997495.1,Sphingobacterium faecium,gyrA_1_Sphingobacterium faecium_GCF_976997495.1,1,2598,-1154.7598876953125,466,386,D,A,GCT,1
GCF_052936015.1,Streptomyces rosealbus,gyrA_1_Streptomyces rosealbus_GCF_052936015.1,1,2601,-1286.3583984375,491,51,V,A,GCG,1
GCF_052936015.1,Streptomyces rosealbus,gyrA_1_Streptomyces rosealbus_GCF_052936015.1,1,2601,-1286.3583984375,491,57,K,Y,TAC,0
GCF_052936015.1,Streptomyces rosealbus,gyrA_1_Streptomyces rosealbus_GCF_052936015.1,1,2601,-1286.3583984375,491,67,S,A,GCC,1
GCF_052936015.1,Streptomyces rosealbus,gyrA_1_Streptomyces rosealbus_GCF_052936015.1,1,2601,-1286.3583984375,491,67,T,A,GCC,1
GCF_052936015.1,Streptomyces rosealbus,gyrA_1_Streptomyces rosealbus_GCF_052936015.1,1,2601,-1286.3583984375,491,72,G,D,GAC,1
GCF_052936015.1,Streptomyces rosealbus,gyrA_1_Streptomyces rosealbus_GCF_052936015.1,1,2601,-1286.3583984375,491,72,V,D,GAC,1
GCF_052936015.1,Streptomyces rosealbus,gyrA_1_Streptomyces rosealbus_GCF_052936015.1,1,2601,-1286.3583984375,491,77,S,Y,TAC,1
GCF_052936015.1,Streptomyces rosealbus,gyrA_1_Streptomyces rosealbus_GCF_052936015.1,1,2601,-1286.3583984375,491,80,P,H,CAC,1
GCF_052936015.1,Streptomyces rosealbus,gyrA_1_Streptomyces rosealbus_GCF_052936015.1,1,2601,-1286.3583984375,491,80,R,H,CAC,1
GCF_052936015.1,Streptomyces rosealbus,gyrA_1_Streptomyces rosealbus_GCF_052936015.1,1,2601,-1286.3583984375,491,81,C,G,GGC,1
GCF_052936015.1,Streptomyces rosealbus,gyrA_1_Streptomyces rosealbus_GCF_052936015.1,1,2601,-1286.3583984375,491,81,D,G,GGC,1
GCF_052936015.1,Streptomyces rosealbus,gyrA_1_Streptomyces rosealbus_GCF_052936015.1,1,2601,-1286.3583984375,491,82,G,D,GAC,1
GCF_052936015.1,Streptomyces rosealbus,gyrA_1_Streptomyces rosealbus_GCF_052936015.1,1,2601,-1286.3583984375,491,82,N,D,GAC,1
GCF_052936015.1,Streptomyces rosealbus,gyrA_1_Streptomyces rosealbus_GCF_052936015.1,1,2601,-1286.3583984375,491,82,Y,D,GAC,1
GCF_052936015.1,Streptomyces rosealbus,gyrA_1_Streptomyces rosealbus_GCF_052936015.1,1,2601,-1286.3583984375,491,83,A,S,TCC,1
GCF_052936015.1,Streptomyces rosealbus,gyrA_1_Streptomyces rosealbus_GCF_052936015.1,1,2601,-1286.3583984375,491,83,F,S,TCC,1
GCF_052936015.1,Streptomyces rosealbus,gyrA_1_Streptomyces rosealbus_GCF_052936015.1,1,2601,-1286.3583984375,491,83,I,S,TCC,0
GCF_052936015.1,Streptomyces rosealbus,gyrA_1_Streptomyces rosealbus_GCF_052936015.1,1,2601,-1286.3583984375,491,83,K,S,TCC,0
GCF_052936015.1,Streptomyces rosealbus,gyrA_1_Streptomyces rosealbus_GCF_052936015.1,1,2601,-1286.3583984375,491,83,L,S,TCC,0
GCF_052936015.1,Streptomyces rosealbus,gyrA_1_Streptomyces rosealbus_GCF_052936015.1,1,2601,-1286.3583984375,491,83,M,S,TCC,0
GCF_052936015.1,Streptomyces rosealbus,gyrA_1_Streptomyces rosealbus_GCF_052936015.1,1,2601,-1286.3583984375,491,83,R,S,TCC,0
GCF_052936015.1,Streptomyces rosealbus,gyrA_1_Streptomyces rosealbus_GCF_052936015.1,1,2601,-1286.3583984375,491,83,S,S,TCC,3
GCF_052936015.1,Streptomyces rosealbus,gyrA_1_Streptomyces rosealbus_GCF_052936015.1,1,2601,-1286.3583984375,491,83,V,S,TCC,0
GCF_052936015.1,Streptomyces rosealbus,gyrA_1_Streptomyces rosealbus_GCF_052936015.1,1,2601,-1286.3583984375,491,83,W,S,TCC,0
GCF_052936015.1,Streptomyces rosealbus,gyrA_1_Streptomyces rosealbus_GCF_052936015.1,1,2601,-1286.3583984375,491,83,Y,S,TCC,1
GCF_052936015.1,Streptomyces rosealbus,gyrA_1_Streptomyces rosealbus_GCF_052936015.1,1,2601,-1286.3583984375,491,84,A,S,TCC,1
GCF_052936015.1,Streptomyces rosealbus,gyrA_1_Streptomyces rosealbus_GCF_052936015.1,1,2601,-1286.3583984375,491,84,P,S,TCC,1
GCF_052936015.1,Streptomyces rosealbus,gyrA_1_Streptomyces rosealbus_GCF_052936015.1,1,2601,-1286.3583984375,491,84,V,S,TCC,0
GCF_052936015.1,Streptomyces rosealbus,gyrA_1_Streptomyces rosealbus_GCF_052936015.1,1,2601,-1286.3583984375,491,86,N,Y,TAC,1
GCF_052936015.1,Streptomyces rosealbus,gyrA_1_Streptomyces rosealbus_GCF_052936015.1,1,2601,-1286.3583984375,491,86,Y,Y,TAC,1
GCF_052936015.1,Streptomyces rosealbus,gyrA_1_Streptomyces rosealbus_GCF_052936015.1,1,2601,-1286.3583984375,491,87,A,D,GAC,1
GCF_052936015.1,Streptomyces rosealbus,gyrA_1_Streptomyces rosealbus_GCF_052936015.1,1,2601,-1286.3583984375,491,87,G,D,GAC,1
GCF_052936015.1,Streptomyces rosealbus,gyrA_1_Streptomyces rosealbus_GCF_052936015.1,1,2601,-1286.3583984375,491,87,H,D,GAC,1
GCF_052936015.1,Streptomyces rosealbus,gyrA_1_Streptomyces rosealbus_GCF_052936015.1,1,2601,-1286.3583984375,491,87,K,D,GAC,0
GCF_052936015.1,Streptomyces rosealbus,gyrA_1_Streptomyces rosealbus_GCF_052936015.1,1,2601,-1286.3583984375,491,87,L,D,GAC,0
GCF_052936015.1,Streptomyces rosealbus,gyrA_1_Streptomyces rosealbus_GCF_052936015.1,1,2601,-1286.3583984375,491,87,N,D,GAC,1
GCF_052936015.1,Streptomyces rosealbus,gyrA_1_Streptomyces rosealbus_GCF_052936015.1,1,2601,-1286.3583984375,491,87,Q,D,GAC,0
GCF_052936015.1,Streptomyces rosealbus,gyrA_1_Streptomyces rosealbus_GCF_052936015.1,1,2601,-1286.3583984375,491,87,R,D,GAC,0
GCF_052936015.1,Streptomyces rosealbus,gyrA_1_Streptomyces rosealbus_GCF_052936015.1,1,2601,-1286.3583984375,491,87,T,D,GAC,0
GCF_052936015.1,Streptomyces rosealbus,gyrA_1_Streptomyces rosealbus_GCF_052936015.1,1,2601,-1286.3583984375,491,87,V,D,GAC,1
GCF_052936015.1,Streptomyces rosealbus,gyrA_1_Streptomyces rosealbus_GCF_052936015.1,1,2601,-1286.3583984375,491,87,Y,D,GAC,1
GCF_052936015.1,Streptomyces rosealbus,gyrA_1_Streptomyces rosealbus_GCF_052936015.1,1,2601,-1286.3583984375,491,101,S,P,CCC,1
GCF_052936015.1,Streptomyces rosealbus,gyrA_1_Streptomyces rosealbus_GCF_052936015.1,1,2601,-1286.3583984375,491,105,D,S,TCC,0
GCF_052936015.1,Streptomyces rosealbus,gyrA_1_Streptomyces rosealbus_GCF_052936015.1,1,2601,-1286.3583984375,491,106,H,N,AAC,1
GCF_052936015.1,Streptomyces rosealbus,gyrA_1_Streptomyces rosealbus_GCF_052936015.1,1,2601,-1286.3583984375,491,106,L,N,AAC,0
GCF_052936015.1,Streptomyces rosealbus,gyrA_1_Streptomyces rosealbus_GCF_052936015.1,1,2601,-1286.3583984375,491,106,R,N,AAC,0
GCF_052936015.1,Streptomyces rosealbus,gyrA_1_Streptomyces rosealbus_GCF_052936015.1,1,2601,-1286.3583984375,491,119,S,A,GCC,1
GCF_052936015.1,Streptomyces rosealbus,gyrA_1_Streptomyces rosealbus_GCF_052936015.1,1,2601,-1286.3583984375,491,119,T,A,GCC,1
GCF_052936015.1,Streptomyces rosealbus,gyrA_1_Streptomyces rosealbus_GCF_052936015.1,1,2601,-1286.3583984375,491,165,A,N,AAC,0
GCF_052936015.1,Streptomyces rosealbus,gyrA_1_Streptomyces rosealbus_GCF_052936015.1,1,2601,-1286.3583984375,491,196,E,W,TGG,0
GCF_052936015.1,Streptomyces rosealbus,gyrA_1_Streptomyces rosealbus_GCF_052936015.1,1,2601,-1286.3583984375,491,386,D,A,GCC,1
GCF_052654495.1,Clavibacter rahimiani,gyrA_1_Clavibacter rahimiani_GCF_052654495.1,1,2688,-1755.1622314453125,554,51,V,A,GCC,1
GCF_052654495.1,Clavibacter rahimiani,gyrA_1_Clavibacter rahimiani_GCF_052654495.1,1,2688,-1755.1622314453125,554,57,K,Y,TAC,0
GCF_052654495.1,Clavibacter rahimiani,gyrA_1_Clavibacter rahimiani_GCF_052654495.1,1,2688,-1755.1622314453125,554,67,S,A,GCC,1
GCF_052654495.1,Clavibacter rahimiani,gyrA_1_Clavibacter rahimiani_GCF_052654495.1,1,2688,-1755.1622314453125,554,67,T,A,GCC,1
GCF_052654495.1,Clavibacter rahimiani,gyrA_1_Clavibacter rahimiani_GCF_052654495.1,1,2688,-1755.1622314453125,554,72,G,E,GAG,1
GCF_052654495.1,Clavibacter rahimiani,gyrA_1_Clavibacter rahimiani_GCF_052654495.1,1,2688,-1755.1622314453125,554,72,V,E,GAG,1
GCF_052654495.1,Clavibacter rahimiani,gyrA_1_Clavibacter rahimiani_GCF_052654495.1,1,2688,-1755.1622314453125,554,77,S,F,TTC,1
GCF_052654495.1,Clavibacter rahimiani,gyrA_1_Clavibacter rahimiani_GCF_052654495.1,1,2688,-1755.1622314453125,554,80,P,H,CAC,1
GCF_052654495.1,Clavibacter rahimiani,gyrA_1_Clavibacter rahimiani_GCF_052654495.1,1,2688,-1755.1622314453125,554,80,R,H,CAC,1
GCF_052654495.1,Clavibacter rahimiani,gyrA_1_Clavibacter rahimiani_GCF_052654495.1,1,2688,-1755.1622314453125,554,81,C,G,GGC,1
GCF_052654495.1,Clavibacter rahimiani,gyrA_1_Clavibacter rahimiani_GCF_052654495.1,1,2688,-1755.1622314453125,554,81,D,G,GGC,1
GCF_052654495.1,Clavibacter rahimiani,gyrA_1_Clavibacter rahimiani_GCF_052654495.1,1,2688,-1755.1622314453125,554,82,G,D,GAC,1
GCF_052654495.1,Clavibacter rahimiani,gyrA_1_Clavibacter rahimiani_GCF_052654495.1,1,2688,-1755.1622314453125,554,82,N,D,GAC,1
GCF_052654495.1,Clavibacter rahimiani,gyrA_1_Clavibacter rahimiani_GCF_052654495.1,1,2688,-1755.1622314453125,554,82,Y,D,GAC,1
GCF_052654495.1,Clavibacter rahimiani,gyrA_1_Clavibacter rahimiani_GCF_052654495.1,1,2688,-1755.1622314453125,554,83,A,S,TCG,1
GCF_052654495.1,Clavibacter rahimiani,gyrA_1_Clavibacter rahimiani_GCF_052654495.1,1,2688,-1755.1622314453125,554,83,F,S,TCG,0
GCF_052654495.1,Clavibacter rahimiani,gyrA_1_Clavibacter rahimiani_GCF_052654495.1,1,2688,-1755.1622314453125,554,83,I,S,TCG,0
GCF_052654495.1,Clavibacter rahimiani,gyrA_1_Clavibacter rahimiani_GCF_052654495.1,1,2688,-1755.1622314453125,554,83,K,S,TCG,0
GCF_052654495.1,Clavibacter rahimiani,gyrA_1_Clavibacter rahimiani_GCF_052654495.1,1,2688,-1755.1622314453125,554,83,L,S,TCG,1
GCF_052654495.1,Clavibacter rahimiani,gyrA_1_Clavibacter rahimiani_GCF_052654495.1,1,2688,-1755.1622314453125,554,83,M,S,TCG,0
GCF_052654495.1,Clavibacter rahimiani,gyrA_1_Clavibacter rahimiani_GCF_052654495.1,1,2688,-1755.1622314453125,554,83,R,S,TCG,0
GCF_052654495.1,Clavibacter rahimiani,gyrA_1_Clavibacter rahimiani_GCF_052654495.1,1,2688,-1755.1622314453125,554,83,S,S,TCG,3
GCF_052654495.1,Clavibacter rahimiani,gyrA_1_Clavibacter rahimiani_GCF_052654495.1,1,2688,-1755.1622314453125,554,83,V,S,TCG,0
GCF_052654495.1,Clavibacter rahimiani,gyrA_1_Clavibacter rahimiani_GCF_052654495.1,1,2688,-1755.1622314453125,554,83,W,S,TCG,1
GCF_052654495.1,Clavibacter rahimiani,gyrA_1_Clavibacter rahimiani_GCF_052654495.1,1,2688,-1755.1622314453125,554,83,Y,S,TCG,0
GCF_052654495.1,Clavibacter rahimiani,gyrA_1_Clavibacter rahimiani_GCF_052654495.1,1,2688,-1755.1622314453125,554,84,A,S,TCC,1
GCF_052654495.1,Clavibacter rahimiani,gyrA_1_Clavibacter rahimiani_GCF_052654495.1,1,2688,-1755.1622314453125,554,84,P,S,TCC,1
GCF_052654495.1,Clavibacter rahimiani,gyrA_1_Clavibacter rahimiani_GCF_052654495.1,1,2688,-1755.1622314453125,554,84,V,S,TCC,0
GCF_052654495.1,Clavibacter rahimiani,gyrA_1_Clavibacter rahimiani_GCF_052654495.1,1,2688,-1755.1622314453125,554,86,N,Y,TAC,1
GCF_052654495.1,Clavibacter rahimiani,gyrA_1_Clavibacter rahimiani_GCF_052654495.1,1,2688,-1755.1622314453125,554,86,Y,Y,TAC,1
GCF_052654495.1,Clavibacter rahimiani,gyrA_1_Clavibacter rahimiani_GCF_052654495.1,1,2688,-1755.1622314453125,554,87,A,D,GAC,1
GCF_052654495.1,Clavibacter rahimiani,gyrA_1_Clavibacter rahimiani_GCF_052654495.1,1,2688,-1755.1622314453125,554,87,G,D,GAC,1
GCF_052654495.1,Clavibacter rahimiani,gyrA_1_Clavibacter rahimiani_GCF_052654495.1,1,2688,-1755.1622314453125,554,87,H,D,GAC,1
GCF_052654495.1,Clavibacter rahimiani,gyrA_1_Clavibacter rahimiani_GCF_052654495.1,1,2688,-1755.1622314453125,554,87,K,D,GAC,0
GCF_052654495.1,Clavibacter rahimiani,gyrA_1_Clavibacter rahimiani_GCF_052654495.1,1,2688,-1755.1622314453125,554,87,L,D,GAC,0
GCF_052654495.1,Clavibacter rahimiani,gyrA_1_Clavibacter rahimiani_GCF_052654495.1,1,2688,-1755.1622314453125,554,87,N,D,GAC,1
GCF_052654495.1,Clavibacter rahimiani,gyrA_1_Clavibacter rahimiani_GCF_052654495.1,1,2688,-1755.1622314453125,554,87,Q,D,GAC,0
GCF_052654495.1,Clavibacter rahimiani,gyrA_1_Clavibacter rahimiani_GCF_052654495.1,1,2688,-1755.1622314453125,554,87,R,D,GAC,0
GCF_052654495.1,Clavibacter rahimiani,gyrA_1_Clavibacter rahimiani_GCF_052654495.1,1,2688,-1755.1622314453125,554,87,T,D,GAC,0
GCF_052654495.1,Clavibacter rahimiani,gyrA_1_Clavibacter rahimiani_GCF_052654495.1,1,2688,-1755.1622314453125,554,87,V,D,GAC,1
GCF_052654495.1,Clavibacter rahimiani,gyrA_1_Clavibacter rahimiani_GCF_052654495.1,1,2688,-1755.1622314453125,554,87,Y,D,GAC,1
GCF_052654495.1,Clavibacter rahimiani,gyrA_1_Clavibacter rahimiani_GCF_052654495.1,1,2688,-1755.1622314453125,554,101,S,P,CCG,1
GCF_052654495.1,Clavibacter rahimiani,gyrA_1_Clavibacter rahimiani_GCF_052654495.1,1,2688,-1755.1622314453125,554,105,D,G,GGC,1
GCF_052654495.1,Clavibacter rahimiani,gyrA_1_Clavibacter rahimiani_GCF_052654495.1,1,2688,-1755.1622314453125,554,106,H,Q,CAG,2
GCF_052654495.1,Clavibacter rahimiani,gyrA_1_Clavibacter rahimiani_GCF_052654495.1,1,2688,-1755.1622314453125,554,106,L,Q,CAG,1
GCF_052654495.1,Clavibacter rahimiani,gyrA_1_Clavibacter rahimiani_GCF_052654495.1,1,2688,-1755.1622314453125,554,106,R,Q,CAG,1
GCF_052654495.1,Clavibacter rahimiani,gyrA_1_Clavibacter rahimiani_GCF_052654495.1,1,2688,-1755.1622314453125,554,119,S,A,GCC,1
GCF_052654495.1,Clavibacter rahimiani,gyrA_1_Clavibacter rahimiani_GCF_052654495.1,1,2688,-1755.1622314453125,554,119,T,A,GCC,1
GCF_052654495.1,Clavibacter rahimiani,gyrA_1_Clavibacter rahimiani_GCF_052654495.1,1,2688,-1755.1622314453125,554,165,A,N,AAC,0
GCF_052654495.1,Clavibacter rahimiani,gyrA_1_Clavibacter rahimiani_GCF_052654495.1,1,2688,-1755.1622314453125,554,196,E,A,GCC,0
GCF_052654495.1,Clavibacter rahimiani,gyrA_1_Clavibacter rahimiani_GCF_052654495.1,1,2688,-1755.1622314453125,554,386,D,A,GCG,0
GCF_052495765.1,Aliikangiella litoralis,gyrA_1_Aliikangiella litoralis_GCF_052495765.1,1,2661,607.541015625,302,51,V,A,GCG,1
GCF_052495765.1,Aliikangiella litoralis,gyrA_1_Aliikangiella litoralis_GCF_052495765.1,1,2661,607.541015625,302,57,K,N,AAT,2
GCF_052495765.1,Aliikangiella litoralis,gyrA_1_Aliikangiella litoralis_GCF_052495765.1,1,2661,607.541015625,302,67,S,A,GCT,1
GCF_052495765.1,Aliikangiella litoralis,gyrA_1_Aliikangiella litoralis_GCF_052495765.1,1,2661,607.541015625,302,67,T,A,GCT,1
GCF_052495765.1,Aliikangiella litoralis,gyrA_1_Aliikangiella litoralis_GCF_052495765.1,1,2661,607.541015625,302,72,G,D,GAC,1
GCF_052495765.1,Aliikangiella litoralis,gyrA_1_Aliikangiella litoralis_GCF_052495765.1,1,2661,607.541015625,302,72,V,D,GAC,1
GCF_052495765.1,Aliikangiella litoralis,gyrA_1_Aliikangiella litoralis_GCF_052495765.1,1,2661,607.541015625,302,77,S,Y,TAC,1
GCF_052495765.1,Aliikangiella litoralis,gyrA_1_Aliikangiella litoralis_GCF_052495765.1,1,2661,607.541015625,302,80,P,H,CAT,1
GCF_052495765.1,Aliikangiella litoralis,gyrA_1_Aliikangiella litoralis_GCF_052495765.1,1,2661,607.541015625,302,80,R,H,CAT,1
GCF_052495765.1,Aliikangiella litoralis,gyrA_1_Aliikangiella litoralis_GCF_052495765.1,1,2661,607.541015625,302,81,C,G,GGT,1
GCF_052495765.1,Aliikangiella litoralis,gyrA_1_Aliikangiella litoralis_GCF_052495765.1,1,2661,607.541015625,302,81,D,G,GGT,1
GCF_052495765.1,Aliikangiella litoralis,gyrA_1_Aliikangiella litoralis_GCF_052495765.1,1,2661,607.541015625,302,82,G,D,GAT,1
GCF_052495765.1,Aliikangiella litoralis,gyrA_1_Aliikangiella litoralis_GCF_052495765.1,1,2661,607.541015625,302,82,N,D,GAT,1
GCF_052495765.1,Aliikangiella litoralis,gyrA_1_Aliikangiella litoralis_GCF_052495765.1,1,2661,607.541015625,302,82,Y,D,GAT,1
GCF_052495765.1,Aliikangiella litoralis,gyrA_1_Aliikangiella litoralis_GCF_052495765.1,1,2661,607.541015625,302,83,A,T,ACT,1
GCF_052495765.1,Aliikangiella litoralis,gyrA_1_Aliikangiella litoralis_GCF_052495765.1,1,2661,607.541015625,302,83,F,T,ACT,0
GCF_052495765.1,Aliikangiella litoralis,gyrA_1_Aliikangiella litoralis_GCF_052495765.1,1,2661,607.541015625,302,83,I,T,ACT,1
GCF_052495765.1,Aliikangiella litoralis,gyrA_1_Aliikangiella litoralis_GCF_052495765.1,1,2661,607.541015625,302,83,K,T,ACT,0
GCF_052495765.1,Aliikangiella litoralis,gyrA_1_Aliikangiella litoralis_GCF_052495765.1,1,2661,607.541015625,302,83,L,T,ACT,0
GCF_052495765.1,Aliikangiella litoralis,gyrA_1_Aliikangiella litoralis_GCF_052495765.1,1,2661,607.541015625,302,83,M,T,ACT,0
GCF_052495765.1,Aliikangiella litoralis,gyrA_1_Aliikangiella litoralis_GCF_052495765.1,1,2661,607.541015625,302,83,R,T,ACT,0
GCF_052495765.1,Aliikangiella litoralis,gyrA_1_Aliikangiella litoralis_GCF_052495765.1,1,2661,607.541015625,302,83,S,T,ACT,2
GCF_052495765.1,Aliikangiella litoralis,gyrA_1_Aliikangiella litoralis_GCF_052495765.1,1,2661,607.541015625,302,83,V,T,ACT,0
GCF_052495765.1,Aliikangiella litoralis,gyrA_1_Aliikangiella litoralis_GCF_052495765.1,1,2661,607.541015625,302,83,W,T,ACT,0
GCF_052495765.1,Aliikangiella litoralis,gyrA_1_Aliikangiella litoralis_GCF_052495765.1,1,2661,607.541015625,302,83,Y,T,ACT,0
GCF_052495765.1,Aliikangiella litoralis,gyrA_1_Aliikangiella litoralis_GCF_052495765.1,1,2661,607.541015625,302,84,A,A,GCT,3
GCF_052495765.1,Aliikangiella litoralis,gyrA_1_Aliikangiella litoralis_GCF_052495765.1,1,2661,607.541015625,302,84,P,A,GCT,1
GCF_052495765.1,Aliikangiella litoralis,gyrA_1_Aliikangiella litoralis_GCF_052495765.1,1,2661,607.541015625,302,84,V,A,GCT,1
GCF_052495765.1,Aliikangiella litoralis,gyrA_1_Aliikangiella litoralis_GCF_052495765.1,1,2661,607.541015625,302,86,N,Y,TAC,1
GCF_052495765.1,Aliikangiella litoralis,gyrA_1_Aliikangiella litoralis_GCF_052495765.1,1,2661,607.541015625,302,86,Y,Y,TAC,1
GCF_052495765.1,Aliikangiella litoralis,gyrA_1_Aliikangiella litoralis_GCF_052495765.1,1,2661,607.541015625,302,87,A,D,GAT,1
GCF_052495765.1,Aliikangiella litoralis,gyrA_1_Aliikangiella litoralis_GCF_052495765.1,1,2661,607.541015625,302,87,G,D,GAT,1
GCF_052495765.1,Aliikangiella litoralis,gyrA_1_Aliikangiella litoralis_GCF_052495765.1,1,2661,607.541015625,302,87,H,D,GAT,1
GCF_052495765.1,Aliikangiella litoralis,gyrA_1_Aliikangiella litoralis_GCF_052495765.1,1,2661,607.541015625,302,87,K,D,GAT,0
GCF_052495765.1,Aliikangiella litoralis,gyrA_1_Aliikangiella litoralis_GCF_052495765.1,1,2661,607.541015625,302,87,L,D,GAT,0
GCF_052495765.1,Aliikangiella litoralis,gyrA_1_Aliikangiella litoralis_GCF_052495765.1,1,2661,607.541015625,302,87,N,D,GAT,1
GCF_052495765.1,Aliikangiella litoralis,gyrA_1_Aliikangiella litoralis_GCF_052495765.1,1,2661,607.541015625,302,87,Q,D,GAT,0
GCF_052495765.1,Aliikangiella litoralis,gyrA_1_Aliikangiella litoralis_GCF_052495765.1,1,2661,607.541015625,302,87,R,D,GAT,0
GCF_052495765.1,Aliikangiella litoralis,gyrA_1_Aliikangiella litoralis_GCF_052495765.1,1,2661,607.541015625,302,87,T,D,GAT,0
GCF_052495765.1,Aliikangiella litoralis,gyrA_1_Aliikangiella litoralis_GCF_052495765.1,1,2661,607.541015625,302,87,V,D,GAT,1
GCF_052495765.1,Aliikangiella litoralis,gyrA_1_Aliikangiella litoralis_GCF_052495765.1,1,2661,607.541015625,302,87,Y,D,GAT,1
GCF_052495765.1,Aliikangiella litoralis,gyrA_1_Aliikangiella litoralis_GCF_052495765.1,1,2661,607.541015625,302,101,S,M,ATG,0
GCF_052495765.1,Aliikangiella litoralis,gyrA_1_Aliikangiella litoralis_GCF_052495765.1,1,2661,607.541015625,302,105,D,G,GGG,0
GCF_052495765.1,Aliikangiella litoralis,gyrA_1_Aliikangiella litoralis_GCF_052495765.1,1,2661,607.541015625,302,106,H,Q,CAA,2
GCF_052495765.1,Aliikangiella litoralis,gyrA_1_Aliikangiella litoralis_GCF_052495765.1,1,2661,607.541015625,302,106,L,Q,CAA,1
GCF_052495765.1,Aliikangiella litoralis,gyrA_1_Aliikangiella litoralis_GCF_052495765.1,1,2661,607.541015625,302,106,R,Q,CAA,1
GCF_052495765.1,Aliikangiella litoralis,gyrA_1_Aliikangiella litoralis_GCF_052495765.1,1,2661,607.541015625,302,119,S,A,GCT,1
GCF_052495765.1,Aliikangiella litoralis,gyrA_1_Aliikangiella litoralis_GCF_052495765.1,1,2661,607.541015625,302,119,T,A,GCT,1
GCF_052495765.1,Aliikangiella litoralis,gyrA_1_Aliikangiella litoralis_GCF_052495765.1,1,2661,607.541015625,302,165,A,N,AAC,0
GCF_052495765.1,Aliikangiella litoralis,gyrA_1_Aliikangiella litoralis_GCF_052495765.1,1,2661,607.541015625,302,196,E,A,GCC,0
GCF_052495765.1,Aliikangiella litoralis,gyrA_1_Aliikangiella litoralis_GCF_052495765.1,1,2661,607.541015625,302,386,D,A,GCT,1
GCF_052343045.1,Pedobacter terrestris,gyrA_1_Pedobacter terrestris_GCF_052343045.1,1,2580,-1042.510498046875,454,51,V,G,GGA,1
GCF_052343045.1,Pedobacter terrestris,gyrA_1_Pedobacter terrestris_GCF_052343045.1,1,2580,-1042.510498046875,454,57,K,V,GTA,0
GCF_052343045.1,Pedobacter terrestris,gyrA_1_Pedobacter terrestris_GCF_052343045.1,1,2580,-1042.510498046875,454,67,S,A,GCC,1
GCF_052343045.1,Pedobacter terrestris,gyrA_1_Pedobacter terrestris_GCF_052343045.1,1,2580,-1042.510498046875,454,67,T,A,GCC,1
GCF_052343045.1,Pedobacter terrestris,gyrA_1_Pedobacter terrestris_GCF_052343045.1,1,2580,-1042.510498046875,454,72,G,E,GAG,1
GCF_052343045.1,Pedobacter terrestris,gyrA_1_Pedobacter terrestris_GCF_052343045.1,1,2580,-1042.510498046875,454,72,V,E,GAG,1
GCF_052343045.1,Pedobacter terrestris,gyrA_1_Pedobacter terrestris_GCF_052343045.1,1,2580,-1042.510498046875,454,77,S,Y,TAT,1
GCF_052343045.1,Pedobacter terrestris,gyrA_1_Pedobacter terrestris_GCF_052343045.1,1,2580,-1042.510498046875,454,80,P,H,CAT,1
GCF_052343045.1,Pedobacter terrestris,gyrA_1_Pedobacter terrestris_GCF_052343045.1,1,2580,-1042.510498046875,454,80,R,H,CAT,1
GCF_052343045.1,Pedobacter terrestris,gyrA_1_Pedobacter terrestris_GCF_052343045.1,1,2580,-1042.510498046875,454,81,C,G,GGT,1
GCF_052343045.1,Pedobacter terrestris,gyrA_1_Pedobacter terrestris_GCF_052343045.1,1,2580,-1042.510498046875,454,81,D,G,GGT,1
GCF_052343045.1,Pedobacter terrestris,gyrA_1_Pedobacter terrestris_GCF_052343045.1,1,2580,-1042.510498046875,454,82,G,D,GAT,1
GCF_052343045.1,Pedobacter terrestris,gyrA_1_Pedobacter terrestris_GCF_052343045.1,1,2580,-1042.510498046875,454,82,N,D,GAT,1
GCF_052343045.1,Pedobacter terrestris,gyrA_1_Pedobacter terrestris_GCF_052343045.1,1,2580,-1042.510498046875,454,82,Y,D,GAT,1
GCF_052343045.1,Pedobacter terrestris,gyrA_1_Pedobacter terrestris_GCF_052343045.1,1,2580,-1042.510498046875,454,83,A,S,TCT,1
GCF_052343045.1,Pedobacter terrestris,gyrA_1_Pedobacter terrestris_GCF_052343045.1,1,2580,-1042.510498046875,454,83,F,S,TCT,1
GCF_052343045.1,Pedobacter terrestris,gyrA_1_Pedobacter terrestris_GCF_052343045.1,1,2580,-1042.510498046875,454,83,I,S,TCT,0
GCF_052343045.1,Pedobacter terrestris,gyrA_1_Pedobacter terrestris_GCF_052343045.1,1,2580,-1042.510498046875,454,83,K,S,TCT,0
GCF_052343045.1,Pedobacter terrestris,gyrA_1_Pedobacter terrestris_GCF_052343045.1,1,2580,-1042.510498046875,454,83,L,S,TCT,0
GCF_052343045.1,Pedobacter terrestris,gyrA_1_Pedobacter terrestris_GCF_052343045.1,1,2580,-1042.510498046875,454,83,M,S,TCT,0
GCF_052343045.1,Pedobacter terrestris,gyrA_1_Pedobacter terrestris_GCF_052343045.1,1,2580,-1042.510498046875,454,83,R,S,TCT,0
GCF_052343045.1,Pedobacter terrestris,gyrA_1_Pedobacter terrestris_GCF_052343045.1,1,2580,-1042.510498046875,454,83,S,S,TCT,3
GCF_052343045.1,Pedobacter terrestris,gyrA_1_Pedobacter terrestris_GCF_052343045.1,1,2580,-1042.510498046875,454,83,V,S,TCT,0
GCF_052343045.1,Pedobacter terrestris,gyrA_1_Pedobacter terrestris_GCF_052343045.1,1,2580,-1042.510498046875,454,83,W,S,TCT,0
GCF_052343045.1,Pedobacter terrestris,gyrA_1_Pedobacter terrestris_GCF_052343045.1,1,2580,-1042.510498046875,454,83,Y,S,TCT,1
GCF_052343045.1,Pedobacter terrestris,gyrA_1_Pedobacter terrestris_GCF_052343045.1,1,2580,-1042.510498046875,454,84,A,S,TCT,1
GCF_052343045.1,Pedobacter terrestris,gyrA_1_Pedobacter terrestris_GCF_052343045.1,1,2580,-1042.510498046875,454,84,P,S,TCT,1
GCF_052343045.1,Pedobacter terrestris,gyrA_1_Pedobacter terrestris_GCF_052343045.1,1,2580,-1042.510498046875,454,84,V,S,TCT,0
GCF_052343045.1,Pedobacter terrestris,gyrA_1_Pedobacter terrestris_GCF_052343045.1,1,2580,-1042.510498046875,454,86,N,Y,TAT,1
GCF_052343045.1,Pedobacter terrestris,gyrA_1_Pedobacter terrestris_GCF_052343045.1,1,2580,-1042.510498046875,454,86,Y,Y,TAT,1
GCF_052343045.1,Pedobacter terrestris,gyrA_1_Pedobacter terrestris_GCF_052343045.1,1,2580,-1042.510498046875,454,87,A,F,TTC,0
GCF_052343045.1,Pedobacter terrestris,gyrA_1_Pedobacter terrestris_GCF_052343045.1,1,2580,-1042.510498046875,454,87,G,F,TTC,0
GCF_052343045.1,Pedobacter terrestris,gyrA_1_Pedobacter terrestris_GCF_052343045.1,1,2580,-1042.510498046875,454,87,H,F,TTC,0
GCF_052343045.1,Pedobacter terrestris,gyrA_1_Pedobacter terrestris_GCF_052343045.1,1,2580,-1042.510498046875,454,87,K,F,TTC,0
GCF_052343045.1,Pedobacter terrestris,gyrA_1_Pedobacter terrestris_GCF_052343045.1,1,2580,-1042.510498046875,454,87,L,F,TTC,3
GCF_052343045.1,Pedobacter terrestris,gyrA_1_Pedobacter terrestris_GCF_052343045.1,1,2580,-1042.510498046875,454,87,N,F,TTC,0
GCF_052343045.1,Pedobacter terrestris,gyrA_1_Pedobacter terrestris_GCF_052343045.1,1,2580,-1042.510498046875,454,87,Q,F,TTC,0
GCF_052343045.1,Pedobacter terrestris,gyrA_1_Pedobacter terrestris_GCF_052343045.1,1,2580,-1042.510498046875,454,87,R,F,TTC,0
GCF_052343045.1,Pedobacter terrestris,gyrA_1_Pedobacter terrestris_GCF_052343045.1,1,2580,-1042.510498046875,454,87,T,F,TTC,0
GCF_052343045.1,Pedobacter terrestris,gyrA_1_Pedobacter terrestris_GCF_052343045.1,1,2580,-1042.510498046875,454,87,V,F,TTC,1
GCF_052343045.1,Pedobacter terrestris,gyrA_1_Pedobacter terrestris_GCF_052343045.1,1,2580,-1042.510498046875,454,87,Y,F,TTC,1
GCF_052343045.1,Pedobacter terrestris,gyrA_1_Pedobacter terrestris_GCF_052343045.1,1,2580,-1042.510498046875,454,101,S,P,CCA,1
GCF_052343045.1,Pedobacter terrestris,gyrA_1_Pedobacter terrestris_GCF_052343045.1,1,2580,-1042.510498046875,454,105,D,G,GGA,0
GCF_052343045.1,Pedobacter terrestris,gyrA_1_Pedobacter terrestris_GCF_052343045.1,1,2580,-1042.510498046875,454,106,H,Q,CAA,2
GCF_052343045.1,Pedobacter terrestris,gyrA_1_Pedobacter terrestris_GCF_052343045.1,1,2580,-1042.510498046875,454,106,L,Q,CAA,1
GCF_052343045.1,Pedobacter terrestris,gyrA_1_Pedobacter terrestris_GCF_052343045.1,1,2580,-1042.510498046875,454,106,R,Q,CAA,1
GCF_052343045.1,Pedobacter terrestris,gyrA_1_Pedobacter terrestris_GCF_052343045.1,1,2580,-1042.510498046875,454,119,S,A,GCA,1
GCF_052343045.1,Pedobacter terrestris,gyrA_1_Pedobacter terrestris_GCF_052343045.1,1,2580,-1042.510498046875,454,119,T,A,GCA,1
GCF_052343045.1,Pedobacter terrestris,gyrA_1_Pedobacter terrestris_GCF_052343045.1,1,2580,-1042.510498046875,454,165,A,N,AAT,0
GCF_052343045.1,Pedobacter terrestris,gyrA_1_Pedobacter terrestris_GCF_052343045.1,1,2580,-1042.510498046875,454,196,E,S,AGC,0
GCF_052343045.1,Pedobacter terrestris,gyrA_1_Pedobacter terrestris_GCF_052343045.1,1,2580,-1042.510498046875,454,386,D,A,GCG,0
GCF_052161655.1,Novipirellula methanifontis,gyrA_1_Novipirellula methanifontis_GCF_052161655.1,1,2763,-1598.1611328125,542,51,V,A,GCG,1
GCF_052161655.1,Novipirellula methanifontis,gyrA_1_Novipirellula methanifontis_GCF_052161655.1,1,2763,-1598.1611328125,542,57,K,L,CTC,0
GCF_052161655.1,Novipirellula methanifontis,gyrA_1_Novipirellula methanifontis_GCF_052161655.1,1,2763,-1598.1611328125,542,67,S,A,GCA,1
GCF_052161655.1,Novipirellula methanifontis,gyrA_1_Novipirellula methanifontis_GCF_052161655.1,1,2763,-1598.1611328125,542,67,T,A,GCA,1
GCF_052161655.1,Novipirellula methanifontis,gyrA_1_Novipirellula methanifontis_GCF_052161655.1,1,2763,-1598.1611328125,542,72,G,D,GAT,1
GCF_052161655.1,Novipirellula methanifontis,gyrA_1_Novipirellula methanifontis_GCF_052161655.1,1,2763,-1598.1611328125,542,72,V,D,GAT,1
GCF_052161655.1,Novipirellula methanifontis,gyrA_1_Novipirellula methanifontis_GCF_052161655.1,1,2763,-1598.1611328125,542,77,S,Y,TAT,1
GCF_052161655.1,Novipirellula methanifontis,gyrA_1_Novipirellula methanifontis_GCF_052161655.1,1,2763,-1598.1611328125,542,80,P,H,CAC,1
GCF_052161655.1,Novipirellula methanifontis,gyrA_1_Novipirellula methanifontis_GCF_052161655.1,1,2763,-1598.1611328125,542,80,R,H,CAC,1
GCF_052161655.1,Novipirellula methanifontis,gyrA_1_Novipirellula methanifontis_GCF_052161655.1,1,2763,-1598.1611328125,542,81,C,G,GGT,1
GCF_052161655.1,Novipirellula methanifontis,gyrA_1_Novipirellula methanifontis_GCF_052161655.1,1,2763,-1598.1611328125,542,81,D,G,GGT,1
GCF_052161655.1,Novipirellula methanifontis,gyrA_1_Novipirellula methanifontis_GCF_052161655.1,1,2763,-1598.1611328125,542,82,G,E,GAA,1
GCF_052161655.1,Novipirellula methanifontis,gyrA_1_Novipirellula methanifontis_GCF_052161655.1,1,2763,-1598.1611328125,542,82,N,E,GAA,0
GCF_052161655.1,Novipirellula methanifontis,gyrA_1_Novipirellula methanifontis_GCF_052161655.1,1,2763,-1598.1611328125,542,82,Y,E,GAA,0
GCF_052161655.1,Novipirellula methanifontis,gyrA_1_Novipirellula methanifontis_GCF_052161655.1,1,2763,-1598.1611328125,542,83,A,S,AGT,0
GCF_052161655.1,Novipirellula methanifontis,gyrA_1_Novipirellula methanifontis_GCF_052161655.1,1,2763,-1598.1611328125,542,83,F,S,AGT,0
GCF_052161655.1,Novipirellula methanifontis,gyrA_1_Novipirellula methanifontis_GCF_052161655.1,1,2763,-1598.1611328125,542,83,I,S,AGT,1
GCF_052161655.1,Novipirellula methanifontis,gyrA_1_Novipirellula methanifontis_GCF_052161655.1,1,2763,-1598.1611328125,542,83,K,S,AGT,0
GCF_052161655.1,Novipirellula methanifontis,gyrA_1_Novipirellula methanifontis_GCF_052161655.1,1,2763,-1598.1611328125,542,83,L,S,AGT,0
GCF_052161655.1,Novipirellula methanifontis,gyrA_1_Novipirellula methanifontis_GCF_052161655.1,1,2763,-1598.1611328125,542,83,M,S,AGT,0
GCF_052161655.1,Novipirellula methanifontis,gyrA_1_Novipirellula methanifontis_GCF_052161655.1,1,2763,-1598.1611328125,542,83,R,S,AGT,3
GCF_052161655.1,Novipirellula methanifontis,gyrA_1_Novipirellula methanifontis_GCF_052161655.1,1,2763,-1598.1611328125,542,83,S,S,AGT,1
GCF_052161655.1,Novipirellula methanifontis,gyrA_1_Novipirellula methanifontis_GCF_052161655.1,1,2763,-1598.1611328125,542,83,V,S,AGT,0
GCF_052161655.1,Novipirellula methanifontis,gyrA_1_Novipirellula methanifontis_GCF_052161655.1,1,2763,-1598.1611328125,542,83,W,S,AGT,0
GCF_052161655.1,Novipirellula methanifontis,gyrA_1_Novipirellula methanifontis_GCF_052161655.1,1,2763,-1598.1611328125,542,83,Y,S,AGT,0
GCF_052161655.1,Novipirellula methanifontis,gyrA_1_Novipirellula methanifontis_GCF_052161655.1,1,2763,-1598.1611328125,542,84,A,V,GTG,1
GCF_052161655.1,Novipirellula methanifontis,gyrA_1_Novipirellula methanifontis_GCF_052161655.1,1,2763,-1598.1611328125,542,84,P,V,GTG,0
GCF_052161655.1,Novipirellula methanifontis,gyrA_1_Novipirellula methanifontis_GCF_052161655.1,1,2763,-1598.1611328125,542,84,V,V,GTG,3
GCF_052161655.1,Novipirellula methanifontis,gyrA_1_Novipirellula methanifontis_GCF_052161655.1,1,2763,-1598.1611328125,542,86,N,Y,TAT,1
GCF_052161655.1,Novipirellula methanifontis,gyrA_1_Novipirellula methanifontis_GCF_052161655.1,1,2763,-1598.1611328125,542,86,Y,Y,TAT,1
GCF_052161655.1,Novipirellula methanifontis,gyrA_1_Novipirellula methanifontis_GCF_052161655.1,1,2763,-1598.1611328125,542,87,A,P,CCG,1
GCF_052161655.1,Novipirellula methanifontis,gyrA_1_Novipirellula methanifontis_GCF_052161655.1,1,2763,-1598.1611328125,542,87,G,P,CCG,0
GCF_052161655.1,Novipirellula methanifontis,gyrA_1_Novipirellula methanifontis_GCF_052161655.1,1,2763,-1598.1611328125,542,87,H,P,CCG,0
GCF_052161655.1,Novipirellula methanifontis,gyrA_1_Novipirellula methanifontis_GCF_052161655.1,1,2763,-1598.1611328125,542,87,K,P,CCG,0
GCF_052161655.1,Novipirellula methanifontis,gyrA_1_Novipirellula methanifontis_GCF_052161655.1,1,2763,-1598.1611328125,542,87,L,P,CCG,1
GCF_052161655.1,Novipirellula methanifontis,gyrA_1_Novipirellula methanifontis_GCF_052161655.1,1,2763,-1598.1611328125,542,87,N,P,CCG,0
GCF_052161655.1,Novipirellula methanifontis,gyrA_1_Novipirellula methanifontis_GCF_052161655.1,1,2763,-1598.1611328125,542,87,Q,P,CCG,1
GCF_052161655.1,Novipirellula methanifontis,gyrA_1_Novipirellula methanifontis_GCF_052161655.1,1,2763,-1598.1611328125,542,87,R,P,CCG,1
GCF_052161655.1,Novipirellula methanifontis,gyrA_1_Novipirellula methanifontis_GCF_052161655.1,1,2763,-1598.1611328125,542,87,T,P,CCG,1
GCF_052161655.1,Novipirellula methanifontis,gyrA_1_Novipirellula methanifontis_GCF_052161655.1,1,2763,-1598.1611328125,542,87,V,P,CCG,0
GCF_052161655.1,Novipirellula methanifontis,gyrA_1_Novipirellula methanifontis_GCF_052161655.1,1,2763,-1598.1611328125,542,87,Y,P,CCG,0
GCF_052161655.1,Novipirellula methanifontis,gyrA_1_Novipirellula methanifontis_GCF_052161655.1,1,2763,-1598.1611328125,542,101,S,L,CTG,0
GCF_052161655.1,Novipirellula methanifontis,gyrA_1_Novipirellula methanifontis_GCF_052161655.1,1,2763,-1598.1611328125,542,105,D,K,AAG,0
GCF_052161655.1,Novipirellula methanifontis,gyrA_1_Novipirellula methanifontis_GCF_052161655.1,1,2763,-1598.1611328125,542,106,H,Q,CAG,2
GCF_052161655.1,Novipirellula methanifontis,gyrA_1_Novipirellula methanifontis_GCF_052161655.1,1,2763,-1598.1611328125,542,106,L,Q,CAG,1
GCF_052161655.1,Novipirellula methanifontis,gyrA_1_Novipirellula methanifontis_GCF_052161655.1,1,2763,-1598.1611328125,542,106,R,Q,CAG,1
GCF_052161655.1,Novipirellula methanifontis,gyrA_1_Novipirellula methanifontis_GCF_052161655.1,1,2763,-1598.1611328125,542,119,S,A,GCG,1
GCF_052161655.1,Novipirellula methanifontis,gyrA_1_Novipirellula methanifontis_GCF_052161655.1,1,2763,-1598.1611328125,542,119,T,A,GCG,1
GCF_052161655.1,Novipirellula methanifontis,gyrA_1_Novipirellula methanifontis_GCF_052161655.1,1,2763,-1598.1611328125,542,165,A,N,AAC,0
GCF_052161655.1,Novipirellula methanifontis,gyrA_1_Novipirellula methanifontis_GCF_052161655.1,1,2763,-1598.1611328125,542,196,E,A,GCG,1
GCF_052161655.1,Novipirellula methanifontis,gyrA_1_Novipirellula methanifontis_GCF_052161655.1,1,2763,-1598.1611328125,542,386,D,A,GCG,0
GCF_052056765.1,Sphingomonas pseudosanguinis,gyrA_1_Sphingomonas pseudosanguinis_GCF_052056765.1,1,2751,-1154.29150390625,482,51,V,S,TCC,0
GCF_052056765.1,Sphingomonas pseudosanguinis,gyrA_1_Sphingomonas pseudosanguinis_GCF_052056765.1,1,2751,-1154.29150390625,482,57,K,F,TTC,0
GCF_052056765.1,Sphingomonas pseudosanguinis,gyrA_1_Sphingomonas pseudosanguinis_GCF_052056765.1,1,2751,-1154.29150390625,482,67,S,A,GCG,1
GCF_052056765.1,Sphingomonas pseudosanguinis,gyrA_1_Sphingomonas pseudosanguinis_GCF_052056765.1,1,2751,-1154.29150390625,482,67,T,A,GCG,1
GCF_052056765.1,Sphingomonas pseudosanguinis,gyrA_1_Sphingomonas pseudosanguinis_GCF_052056765.1,1,2751,-1154.29150390625,482,72,G,D,GAC,1
GCF_052056765.1,Sphingomonas pseudosanguinis,gyrA_1_Sphingomonas pseudosanguinis_GCF_052056765.1,1,2751,-1154.29150390625,482,72,V,D,GAC,1
GCF_052056765.1,Sphingomonas pseudosanguinis,gyrA_1_Sphingomonas pseudosanguinis_GCF_052056765.1,1,2751,-1154.29150390625,482,77,S,Y,TAC,1
GCF_052056765.1,Sphingomonas pseudosanguinis,gyrA_1_Sphingomonas pseudosanguinis_GCF_052056765.1,1,2751,-1154.29150390625,482,80,P,H,CAC,1
GCF_052056765.1,Sphingomonas pseudosanguinis,gyrA_1_Sphingomonas pseudosanguinis_GCF_052056765.1,1,2751,-1154.29150390625,482,80,R,H,CAC,1
GCF_052056765.1,Sphingomonas pseudosanguinis,gyrA_1_Sphingomonas pseudosanguinis_GCF_052056765.1,1,2751,-1154.29150390625,482,81,C,G,GGC,1
GCF_052056765.1,Sphingomonas pseudosanguinis,gyrA_1_Sphingomonas pseudosanguinis_GCF_052056765.1,1,2751,-1154.29150390625,482,81,D,G,GGC,1
GCF_052056765.1,Sphingomonas pseudosanguinis,gyrA_1_Sphingomonas pseudosanguinis_GCF_052056765.1,1,2751,-1154.29150390625,482,82,G,D,GAC,1
GCF_052056765.1,Sphingomonas pseudosanguinis,gyrA_1_Sphingomonas pseudosanguinis_GCF_052056765.1,1,2751,-1154.29150390625,482,82,N,D,GAC,1
GCF_052056765.1,Sphingomonas pseudosanguinis,gyrA_1_Sphingomonas pseudosanguinis_GCF_052056765.1,1,2751,-1154.29150390625,482,82,Y,D,GAC,1
GCF_052056765.1,Sphingomonas pseudosanguinis,gyrA_1_Sphingomonas pseudosanguinis_GCF_052056765.1,1,2751,-1154.29150390625,482,83,A,S,AGC,0
GCF_052056765.1,Sphingomonas pseudosanguinis,gyrA_1_Sphingomonas pseudosanguinis_GCF_052056765.1,1,2751,-1154.29150390625,482,83,F,S,AGC,0
GCF_052056765.1,Sphingomonas pseudosanguinis,gyrA_1_Sphingomonas pseudosanguinis_GCF_052056765.1,1,2751,-1154.29150390625,482,83,I,S,AGC,1
GCF_052056765.1,Sphingomonas pseudosanguinis,gyrA_1_Sphingomonas pseudosanguinis_GCF_052056765.1,1,2751,-1154.29150390625,482,83,K,S,AGC,0
GCF_052056765.1,Sphingomonas pseudosanguinis,gyrA_1_Sphingomonas pseudosanguinis_GCF_052056765.1,1,2751,-1154.29150390625,482,83,L,S,AGC,0
GCF_052056765.1,Sphingomonas pseudosanguinis,gyrA_1_Sphingomonas pseudosanguinis_GCF_052056765.1,1,2751,-1154.29150390625,482,83,M,S,AGC,0
GCF_052056765.1,Sphingomonas pseudosanguinis,gyrA_1_Sphingomonas pseudosanguinis_GCF_052056765.1,1,2751,-1154.29150390625,482,83,R,S,AGC,3
GCF_052056765.1,Sphingomonas pseudosanguinis,gyrA_1_Sphingomonas pseudosanguinis_GCF_052056765.1,1,2751,-1154.29150390625,482,83,S,S,AGC,1
GCF_052056765.1,Sphingomonas pseudosanguinis,gyrA_1_Sphingomonas pseudosanguinis_GCF_052056765.1,1,2751,-1154.29150390625,482,83,V,S,AGC,0
GCF_052056765.1,Sphingomonas pseudosanguinis,gyrA_1_Sphingomonas pseudosanguinis_GCF_052056765.1,1,2751,-1154.29150390625,482,83,W,S,AGC,0
GCF_052056765.1,Sphingomonas pseudosanguinis,gyrA_1_Sphingomonas pseudosanguinis_GCF_052056765.1,1,2751,-1154.29150390625,482,83,Y,S,AGC,0
GCF_052056765.1,Sphingomonas pseudosanguinis,gyrA_1_Sphingomonas pseudosanguinis_GCF_052056765.1,1,2751,-1154.29150390625,482,84,A,A,GCG,3
GCF_052056765.1,Sphingomonas pseudosanguinis,gyrA_1_Sphingomonas pseudosanguinis_GCF_052056765.1,1,2751,-1154.29150390625,482,84,P,A,GCG,1
GCF_052056765.1,Sphingomonas pseudosanguinis,gyrA_1_Sphingomonas pseudosanguinis_GCF_052056765.1,1,2751,-1154.29150390625,482,84,V,A,GCG,1
GCF_052056765.1,Sphingomonas pseudosanguinis,gyrA_1_Sphingomonas pseudosanguinis_GCF_052056765.1,1,2751,-1154.29150390625,482,86,N,Y,TAT,1
GCF_052056765.1,Sphingomonas pseudosanguinis,gyrA_1_Sphingomonas pseudosanguinis_GCF_052056765.1,1,2751,-1154.29150390625,482,86,Y,Y,TAT,1
GCF_052056765.1,Sphingomonas pseudosanguinis,gyrA_1_Sphingomonas pseudosanguinis_GCF_052056765.1,1,2751,-1154.29150390625,482,87,A,D,GAC,1
GCF_052056765.1,Sphingomonas pseudosanguinis,gyrA_1_Sphingomonas pseudosanguinis_GCF_052056765.1,1,2751,-1154.29150390625,482,87,G,D,GAC,1
GCF_052056765.1,Sphingomonas pseudosanguinis,gyrA_1_Sphingomonas pseudosanguinis_GCF_052056765.1,1,2751,-1154.29150390625,482,87,H,D,GAC,1
GCF_052056765.1,Sphingomonas pseudosanguinis,gyrA_1_Sphingomonas pseudosanguinis_GCF_052056765.1,1,2751,-1154.29150390625,482,87,K,D,GAC,0
GCF_052056765.1,Sphingomonas pseudosanguinis,gyrA_1_Sphingomonas pseudosanguinis_GCF_052056765.1,1,2751,-1154.29150390625,482,87,L,D,GAC,0
GCF_052056765.1,Sphingomonas pseudosanguinis,gyrA_1_Sphingomonas pseudosanguinis_GCF_052056765.1,1,2751,-1154.29150390625,482,87,N,D,GAC,1
GCF_052056765.1,Sphingomonas pseudosanguinis,gyrA_1_Sphingomonas pseudosanguinis_GCF_052056765.1,1,2751,-1154.29150390625,482,87,Q,D,GAC,0
GCF_052056765.1,Sphingomonas pseudosanguinis,gyrA_1_Sphingomonas pseudosanguinis_GCF_052056765.1,1,2751,-1154.29150390625,482,87,R,D,GAC,0
GCF_052056765.1,Sphingomonas pseudosanguinis,gyrA_1_Sphingomonas pseudosanguinis_GCF_052056765.1,1,2751,-1154.29150390625,482,87,T,D,GAC,0
GCF_052056765.1,Sphingomonas pseudosanguinis,gyrA_1_Sphingomonas pseudosanguinis_GCF_052056765.1,1,2751,-1154.29150390625,482,87,V,D,GAC,1
GCF_052056765.1,Sphingomonas pseudosanguinis,gyrA_1_Sphingomonas pseudosanguinis_GCF_052056765.1,1,2751,-1154.29150390625,482,87,Y,D,GAC,1
GCF_052056765.1,Sphingomonas pseudosanguinis,gyrA_1_Sphingomonas pseudosanguinis_GCF_052056765.1,1,2751,-1154.29150390625,482,101,S,P,CCG,1
GCF_052056765.1,Sphingomonas pseudosanguinis,gyrA_1_Sphingomonas pseudosanguinis_GCF_052056765.1,1,2751,-1154.29150390625,482,105,D,G,GGT,1
GCF_052056765.1,Sphingomonas pseudosanguinis,gyrA_1_Sphingomonas pseudosanguinis_GCF_052056765.1,1,2751,-1154.29150390625,482,106,H,Q,CAG,2
GCF_052056765.1,Sphingomonas pseudosanguinis,gyrA_1_Sphingomonas pseudosanguinis_GCF_052056765.1,1,2751,-1154.29150390625,482,106,L,Q,CAG,1
GCF_052056765.1,Sphingomonas pseudosanguinis,gyrA_1_Sphingomonas pseudosanguinis_GCF_052056765.1,1,2751,-1154.29150390625,482,106,R,Q,CAG,1
GCF_052056765.1,Sphingomonas pseudosanguinis,gyrA_1_Sphingomonas pseudosanguinis_GCF_052056765.1,1,2751,-1154.29150390625,482,119,S,A,GCG,1
GCF_052056765.1,Sphingomonas pseudosanguinis,gyrA_1_Sphingomonas pseudosanguinis_GCF_052056765.1,1,2751,-1154.29150390625,482,119,T,A,GCG,1
GCF_052056765.1,Sphingomonas pseudosanguinis,gyrA_1_Sphingomonas pseudosanguinis_GCF_052056765.1,1,2751,-1154.29150390625,482,165,A,N,AAC,0
GCF_052056765.1,Sphingomonas pseudosanguinis,gyrA_1_Sphingomonas pseudosanguinis_GCF_052056765.1,1,2751,-1154.29150390625,482,196,E,A,GCC,0
GCF_052056765.1,Sphingomonas pseudosanguinis,gyrA_1_Sphingomonas pseudosanguinis_GCF_052056765.1,1,2751,-1154.29150390625,482,386,D,A,GCG,0
GCF_051903075.1,Embleya australiensis,gyrA_1_Embleya australiensis_GCF_051903075.1,1,2625,-1262.5325927734375,492,51,V,A,GCG,1
GCF_051903075.1,Embleya australiensis,gyrA_1_Embleya australiensis_GCF_051903075.1,1,2625,-1262.5325927734375,492,57,K,Y,TAC,0
GCF_051903075.1,Embleya australiensis,gyrA_1_Embleya australiensis_GCF_051903075.1,1,2625,-1262.5325927734375,492,67,S,A,GCC,1
GCF_051903075.1,Embleya australiensis,gyrA_1_Embleya australiensis_GCF_051903075.1,1,2625,-1262.5325927734375,492,67,T,A,GCC,1
GCF_051903075.1,Embleya australiensis,gyrA_1_Embleya australiensis_GCF_051903075.1,1,2625,-1262.5325927734375,492,72,G,D,GAC,1
GCF_051903075.1,Embleya australiensis,gyrA_1_Embleya australiensis_GCF_051903075.1,1,2625,-1262.5325927734375,492,72,V,D,GAC,1
GCF_051903075.1,Embleya australiensis,gyrA_1_Embleya australiensis_GCF_051903075.1,1,2625,-1262.5325927734375,492,77,S,Y,TAC,1
GCF_051903075.1,Embleya australiensis,gyrA_1_Embleya australiensis_GCF_051903075.1,1,2625,-1262.5325927734375,492,80,P,H,CAC,1
GCF_051903075.1,Embleya australiensis,gyrA_1_Embleya australiensis_GCF_051903075.1,1,2625,-1262.5325927734375,492,80,R,H,CAC,1
GCF_051903075.1,Embleya australiensis,gyrA_1_Embleya australiensis_GCF_051903075.1,1,2625,-1262.5325927734375,492,81,C,G,GGC,1
GCF_051903075.1,Embleya australiensis,gyrA_1_Embleya australiensis_GCF_051903075.1,1,2625,-1262.5325927734375,492,81,D,G,GGC,1
GCF_051903075.1,Embleya australiensis,gyrA_1_Embleya australiensis_GCF_051903075.1,1,2625,-1262.5325927734375,492,82,G,D,GAC,1
GCF_051903075.1,Embleya australiensis,gyrA_1_Embleya australiensis_GCF_051903075.1,1,2625,-1262.5325927734375,492,82,N,D,GAC,1
GCF_051903075.1,Embleya australiensis,gyrA_1_Embleya australiensis_GCF_051903075.1,1,2625,-1262.5325927734375,492,82,Y,D,GAC,1
GCF_051903075.1,Embleya australiensis,gyrA_1_Embleya australiensis_GCF_051903075.1,1,2625,-1262.5325927734375,492,83,A,T,ACC,1
GCF_051903075.1,Embleya australiensis,gyrA_1_Embleya australiensis_GCF_051903075.1,1,2625,-1262.5325927734375,492,83,F,T,ACC,0
GCF_051903075.1,Embleya australiensis,gyrA_1_Embleya australiensis_GCF_051903075.1,1,2625,-1262.5325927734375,492,83,I,T,ACC,1
GCF_051903075.1,Embleya australiensis,gyrA_1_Embleya australiensis_GCF_051903075.1,1,2625,-1262.5325927734375,492,83,K,T,ACC,0
GCF_051903075.1,Embleya australiensis,gyrA_1_Embleya australiensis_GCF_051903075.1,1,2625,-1262.5325927734375,492,83,L,T,ACC,0
GCF_051903075.1,Embleya australiensis,gyrA_1_Embleya australiensis_GCF_051903075.1,1,2625,-1262.5325927734375,492,83,M,T,ACC,0
GCF_051903075.1,Embleya australiensis,gyrA_1_Embleya australiensis_GCF_051903075.1,1,2625,-1262.5325927734375,492,83,R,T,ACC,0
GCF_051903075.1,Embleya australiensis,gyrA_1_Embleya australiensis_GCF_051903075.1,1,2625,-1262.5325927734375,492,83,S,T,ACC,2
GCF_051903075.1,Embleya australiensis,gyrA_1_Embleya australiensis_GCF_051903075.1,1,2625,-1262.5325927734375,492,83,V,T,ACC,0
GCF_051903075.1,Embleya australiensis,gyrA_1_Embleya australiensis_GCF_051903075.1,1,2625,-1262.5325927734375,492,83,W,T,ACC,0
GCF_051903075.1,Embleya australiensis,gyrA_1_Embleya australiensis_GCF_051903075.1,1,2625,-1262.5325927734375,492,83,Y,T,ACC,0
GCF_051903075.1,Embleya australiensis,gyrA_1_Embleya australiensis_GCF_051903075.1,1,2625,-1262.5325927734375,492,84,A,S,TCC,1
GCF_051903075.1,Embleya australiensis,gyrA_1_Embleya australiensis_GCF_051903075.1,1,2625,-1262.5325927734375,492,84,P,S,TCC,1
GCF_051903075.1,Embleya australiensis,gyrA_1_Embleya australiensis_GCF_051903075.1,1,2625,-1262.5325927734375,492,84,V,S,TCC,0
GCF_051903075.1,Embleya australiensis,gyrA_1_Embleya australiensis_GCF_051903075.1,1,2625,-1262.5325927734375,492,86,N,Y,TAC,1
GCF_051903075.1,Embleya australiensis,gyrA_1_Embleya australiensis_GCF_051903075.1,1,2625,-1262.5325927734375,492,86,Y,Y,TAC,1
GCF_051903075.1,Embleya australiensis,gyrA_1_Embleya australiensis_GCF_051903075.1,1,2625,-1262.5325927734375,492,87,A,D,GAC,1
GCF_051903075.1,Embleya australiensis,gyrA_1_Embleya australiensis_GCF_051903075.1,1,2625,-1262.5325927734375,492,87,G,D,GAC,1
GCF_051903075.1,Embleya australiensis,gyrA_1_Embleya australiensis_GCF_051903075.1,1,2625,-1262.5325927734375,492,87,H,D,GAC,1
GCF_051903075.1,Embleya australiensis,gyrA_1_Embleya australiensis_GCF_051903075.1,1,2625,-1262.5325927734375,492,87,K,D,GAC,0
GCF_051903075.1,Embleya australiensis,gyrA_1_Embleya australiensis_GCF_051903075.1,1,2625,-1262.5325927734375,492,87,L,D,GAC,0
GCF_051903075.1,Embleya australiensis,gyrA_1_Embleya australiensis_GCF_051903075.1,1,2625,-1262.5325927734375,492,87,N,D,GAC,1
GCF_051903075.1,Embleya australiensis,gyrA_1_Embleya australiensis_GCF_051903075.1,1,2625,-1262.5325927734375,492,87,Q,D,GAC,0
GCF_051903075.1,Embleya australiensis,gyrA_1_Embleya australiensis_GCF_051903075.1,1,2625,-1262.5325927734375,492,87,R,D,GAC,0
GCF_051903075.1,Embleya australiensis,gyrA_1_Embleya australiensis_GCF_051903075.1,1,2625,-1262.5325927734375,492,87,T,D,GAC,0
GCF_051903075.1,Embleya australiensis,gyrA_1_Embleya australiensis_GCF_051903075.1,1,2625,-1262.5325927734375,492,87,V,D,GAC,1
GCF_051903075.1,Embleya australiensis,gyrA_1_Embleya australiensis_GCF_051903075.1,1,2625,-1262.5325927734375,492,87,Y,D,GAC,1
GCF_051903075.1,Embleya australiensis,gyrA_1_Embleya australiensis_GCF_051903075.1,1,2625,-1262.5325927734375,492,101,S,P,CCG,1
GCF_051903075.1,Embleya australiensis,gyrA_1_Embleya australiensis_GCF_051903075.1,1,2625,-1262.5325927734375,492,105,D,S,AGC,0
GCF_051903075.1,Embleya australiensis,gyrA_1_Embleya australiensis_GCF_051903075.1,1,2625,-1262.5325927734375,492,106,H,N,AAC,1
GCF_051903075.1,Embleya australiensis,gyrA_1_Embleya australiensis_GCF_051903075.1,1,2625,-1262.5325927734375,492,106,L,N,AAC,0
GCF_051903075.1,Embleya australiensis,gyrA_1_Embleya australiensis_GCF_051903075.1,1,2625,-1262.5325927734375,492,106,R,N,AAC,0
GCF_051903075.1,Embleya australiensis,gyrA_1_Embleya australiensis_GCF_051903075.1,1,2625,-1262.5325927734375,492,119,S,A,GCC,1
GCF_051903075.1,Embleya australiensis,gyrA_1_Embleya australiensis_GCF_051903075.1,1,2625,-1262.5325927734375,492,119,T,A,GCC,1
GCF_051903075.1,Embleya australiensis,gyrA_1_Embleya australiensis_GCF_051903075.1,1,2625,-1262.5325927734375,492,165,A,N,AAC,0
GCF_051903075.1,Embleya australiensis,gyrA_1_Embleya australiensis_GCF_051903075.1,1,2625,-1262.5325927734375,492,196,E,W,TGG,0
GCF_051903075.1,Embleya australiensis,gyrA_1_Embleya australiensis_GCF_051903075.1,1,2625,-1262.5325927734375,492,386,D,A,GCC,1
GCF_051627225.1,Aquimarina macrocephali,gyrA_1_Aquimarina macrocephali_GCF_051627225.1,1,2544,-1097.90966796875,460,51,V,G,GGT,1
GCF_051627225.1,Aquimarina macrocephali,gyrA_1_Aquimarina macrocephali_GCF_051627225.1,1,2544,-1097.90966796875,460,57,K,V,GTT,0
GCF_051627225.1,Aquimarina macrocephali,gyrA_1_Aquimarina macrocephali_GCF_051627225.1,1,2544,-1097.90966796875,460,67,S,A,GCA,1
GCF_051627225.1,Aquimarina macrocephali,gyrA_1_Aquimarina macrocephali_GCF_051627225.1,1,2544,-1097.90966796875,460,67,T,A,GCA,1
GCF_051627225.1,Aquimarina macrocephali,gyrA_1_Aquimarina macrocephali_GCF_051627225.1,1,2544,-1097.90966796875,460,72,G,E,GAG,1
GCF_051627225.1,Aquimarina macrocephali,gyrA_1_Aquimarina macrocephali_GCF_051627225.1,1,2544,-1097.90966796875,460,72,V,E,GAG,1
GCF_051627225.1,Aquimarina macrocephali,gyrA_1_Aquimarina macrocephali_GCF_051627225.1,1,2544,-1097.90966796875,460,77,S,Y,TAT,1
GCF_051627225.1,Aquimarina macrocephali,gyrA_1_Aquimarina macrocephali_GCF_051627225.1,1,2544,-1097.90966796875,460,80,P,H,CAT,1
GCF_051627225.1,Aquimarina macrocephali,gyrA_1_Aquimarina macrocephali_GCF_051627225.1,1,2544,-1097.90966796875,460,80,R,H,CAT,1
GCF_051627225.1,Aquimarina macrocephali,gyrA_1_Aquimarina macrocephali_GCF_051627225.1,1,2544,-1097.90966796875,460,81,C,G,GGT,1
GCF_051627225.1,Aquimarina macrocephali,gyrA_1_Aquimarina macrocephali_GCF_051627225.1,1,2544,-1097.90966796875,460,81,D,G,GGT,1
GCF_051627225.1,Aquimarina macrocephali,gyrA_1_Aquimarina macrocephali_GCF_051627225.1,1,2544,-1097.90966796875,460,82,G,D,GAT,1
GCF_051627225.1,Aquimarina macrocephali,gyrA_1_Aquimarina macrocephali_GCF_051627225.1,1,2544,-1097.90966796875,460,82,N,D,GAT,1
GCF_051627225.1,Aquimarina macrocephali,gyrA_1_Aquimarina macrocephali_GCF_051627225.1,1,2544,-1097.90966796875,460,82,Y,D,GAT,1
GCF_051627225.1,Aquimarina macrocephali,gyrA_1_Aquimarina macrocephali_GCF_051627225.1,1,2544,-1097.90966796875,460,83,A,T,ACG,1
GCF_051627225.1,Aquimarina macrocephali,gyrA_1_Aquimarina macrocephali_GCF_051627225.1,1,2544,-1097.90966796875,460,83,F,T,ACG,0
GCF_051627225.1,Aquimarina macrocephali,gyrA_1_Aquimarina macrocephali_GCF_051627225.1,1,2544,-1097.90966796875,460,83,I,T,ACG,0
GCF_051627225.1,Aquimarina macrocephali,gyrA_1_Aquimarina macrocephali_GCF_051627225.1,1,2544,-1097.90966796875,460,83,K,T,ACG,1
GCF_051627225.1,Aquimarina macrocephali,gyrA_1_Aquimarina macrocephali_GCF_051627225.1,1,2544,-1097.90966796875,460,83,L,T,ACG,0
GCF_051627225.1,Aquimarina macrocephali,gyrA_1_Aquimarina macrocephali_GCF_051627225.1,1,2544,-1097.90966796875,460,83,M,T,ACG,1
GCF_051627225.1,Aquimarina macrocephali,gyrA_1_Aquimarina macrocephali_GCF_051627225.1,1,2544,-1097.90966796875,460,83,R,T,ACG,1
GCF_051627225.1,Aquimarina macrocephali,gyrA_1_Aquimarina macrocephali_GCF_051627225.1,1,2544,-1097.90966796875,460,83,S,T,ACG,1
GCF_051627225.1,Aquimarina macrocephali,gyrA_1_Aquimarina macrocephali_GCF_051627225.1,1,2544,-1097.90966796875,460,83,V,T,ACG,0
GCF_051627225.1,Aquimarina macrocephali,gyrA_1_Aquimarina macrocephali_GCF_051627225.1,1,2544,-1097.90966796875,460,83,W,T,ACG,0
GCF_051627225.1,Aquimarina macrocephali,gyrA_1_Aquimarina macrocephali_GCF_051627225.1,1,2544,-1097.90966796875,460,83,Y,T,ACG,0
GCF_051627225.1,Aquimarina macrocephali,gyrA_1_Aquimarina macrocephali_GCF_051627225.1,1,2544,-1097.90966796875,460,84,A,S,TCT,1
GCF_051627225.1,Aquimarina macrocephali,gyrA_1_Aquimarina macrocephali_GCF_051627225.1,1,2544,-1097.90966796875,460,84,P,S,TCT,1
GCF_051627225.1,Aquimarina macrocephali,gyrA_1_Aquimarina macrocephali_GCF_051627225.1,1,2544,-1097.90966796875,460,84,V,S,TCT,0
GCF_051627225.1,Aquimarina macrocephali,gyrA_1_Aquimarina macrocephali_GCF_051627225.1,1,2544,-1097.90966796875,460,86,N,Y,TAT,1
GCF_051627225.1,Aquimarina macrocephali,gyrA_1_Aquimarina macrocephali_GCF_051627225.1,1,2544,-1097.90966796875,460,86,Y,Y,TAT,1
GCF_051627225.1,Aquimarina macrocephali,gyrA_1_Aquimarina macrocephali_GCF_051627225.1,1,2544,-1097.90966796875,460,87,A,D,GAT,1
GCF_051627225.1,Aquimarina macrocephali,gyrA_1_Aquimarina macrocephali_GCF_051627225.1,1,2544,-1097.90966796875,460,87,G,D,GAT,1
GCF_051627225.1,Aquimarina macrocephali,gyrA_1_Aquimarina macrocephali_GCF_051627225.1,1,2544,-1097.90966796875,460,87,H,D,GAT,1
GCF_051627225.1,Aquimarina macrocephali,gyrA_1_Aquimarina macrocephali_GCF_051627225.1,1,2544,-1097.90966796875,460,87,K,D,GAT,0
GCF_051627225.1,Aquimarina macrocephali,gyrA_1_Aquimarina macrocephali_GCF_051627225.1,1,2544,-1097.90966796875,460,87,L,D,GAT,0
GCF_051627225.1,Aquimarina macrocephali,gyrA_1_Aquimarina macrocephali_GCF_051627225.1,1,2544,-1097.90966796875,460,87,N,D,GAT,1
GCF_051627225.1,Aquimarina macrocephali,gyrA_1_Aquimarina macrocephali_GCF_051627225.1,1,2544,-1097.90966796875,460,87,Q,D,GAT,0
GCF_051627225.1,Aquimarina macrocephali,gyrA_1_Aquimarina macrocephali_GCF_051627225.1,1,2544,-1097.90966796875,460,87,R,D,GAT,0
GCF_051627225.1,Aquimarina macrocephali,gyrA_1_Aquimarina macrocephali_GCF_051627225.1,1,2544,-1097.90966796875,460,87,T,D,GAT,0
GCF_051627225.1,Aquimarina macrocephali,gyrA_1_Aquimarina macrocephali_GCF_051627225.1,1,2544,-1097.90966796875,460,87,V,D,GAT,1
GCF_051627225.1,Aquimarina macrocephali,gyrA_1_Aquimarina macrocephali_GCF_051627225.1,1,2544,-1097.90966796875,460,87,Y,D,GAT,1
GCF_051627225.1,Aquimarina macrocephali,gyrA_1_Aquimarina macrocephali_GCF_051627225.1,1,2544,-1097.90966796875,460,101,S,M,ATG,0
GCF_051627225.1,Aquimarina macrocephali,gyrA_1_Aquimarina macrocephali_GCF_051627225.1,1,2544,-1097.90966796875,460,105,D,G,GGC,1
GCF_051627225.1,Aquimarina macrocephali,gyrA_1_Aquimarina macrocephali_GCF_051627225.1,1,2544,-1097.90966796875,460,106,H,Q,CAG,2
GCF_051627225.1,Aquimarina macrocephali,gyrA_1_Aquimarina macrocephali_GCF_051627225.1,1,2544,-1097.90966796875,460,106,L,Q,CAG,1
GCF_051627225.1,Aquimarina macrocephali,gyrA_1_Aquimarina macrocephali_GCF_051627225.1,1,2544,-1097.90966796875,460,106,R,Q,CAG,1
GCF_051627225.1,Aquimarina macrocephali,gyrA_1_Aquimarina macrocephali_GCF_051627225.1,1,2544,-1097.90966796875,460,119,S,A,GCT,1
GCF_051627225.1,Aquimarina macrocephali,gyrA_1_Aquimarina macrocephali_GCF_051627225.1,1,2544,-1097.90966796875,460,119,T,A,GCT,1
GCF_051627225.1,Aquimarina macrocephali,gyrA_1_Aquimarina macrocephali_GCF_051627225.1,1,2544,-1097.90966796875,460,165,A,G,GGA,1
GCF_051627225.1,Aquimarina macrocephali,gyrA_1_Aquimarina macrocephali_GCF_051627225.1,1,2544,-1097.90966796875,460,196,E,A,GCT,0
GCF_051627225.1,Aquimarina macrocephali,gyrA_1_Aquimarina macrocephali_GCF_051627225.1,1,2544,-1097.90966796875,460,386,D,A,GCT,1
GCF_051466335.1,Planctomicrobium mucosum,gyrA_1_Planctomicrobium mucosum_GCF_051466335.1,1,2784,-1653.9549560546875,544,51,V,A,GCG,1
GCF_051466335.1,Planctomicrobium mucosum,gyrA_1_Planctomicrobium mucosum_GCF_051466335.1,1,2784,-1653.9549560546875,544,57,K,L,CTG,0
GCF_051466335.1,Planctomicrobium mucosum,gyrA_1_Planctomicrobium mucosum_GCF_051466335.1,1,2784,-1653.9549560546875,544,67,S,A,GCA,1
GCF_051466335.1,Planctomicrobium mucosum,gyrA_1_Planctomicrobium mucosum_GCF_051466335.1,1,2784,-1653.9549560546875,544,67,T,A,GCA,1
GCF_051466335.1,Planctomicrobium mucosum,gyrA_1_Planctomicrobium mucosum_GCF_051466335.1,1,2784,-1653.9549560546875,544,72,G,D,GAC,1
GCF_051466335.1,Planctomicrobium mucosum,gyrA_1_Planctomicrobium mucosum_GCF_051466335.1,1,2784,-1653.9549560546875,544,72,V,D,GAC,1
GCF_051466335.1,Planctomicrobium mucosum,gyrA_1_Planctomicrobium mucosum_GCF_051466335.1,1,2784,-1653.9549560546875,544,77,S,Y,TAC,1
GCF_051466335.1,Planctomicrobium mucosum,gyrA_1_Planctomicrobium mucosum_GCF_051466335.1,1,2784,-1653.9549560546875,544,80,P,H,CAC,1
GCF_051466335.1,Planctomicrobium mucosum,gyrA_1_Planctomicrobium mucosum_GCF_051466335.1,1,2784,-1653.9549560546875,544,80,R,H,CAC,1
GCF_051466335.1,Planctomicrobium mucosum,gyrA_1_Planctomicrobium mucosum_GCF_051466335.1,1,2784,-1653.9549560546875,544,81,C,G,GGG,0
GCF_051466335.1,Planctomicrobium mucosum,gyrA_1_Planctomicrobium mucosum_GCF_051466335.1,1,2784,-1653.9549560546875,544,81,D,G,GGG,0
GCF_051466335.1,Planctomicrobium mucosum,gyrA_1_Planctomicrobium mucosum_GCF_051466335.1,1,2784,-1653.9549560546875,544,82,G,E,GAA,1
GCF_051466335.1,Planctomicrobium mucosum,gyrA_1_Planctomicrobium mucosum_GCF_051466335.1,1,2784,-1653.9549560546875,544,82,N,E,GAA,0
GCF_051466335.1,Planctomicrobium mucosum,gyrA_1_Planctomicrobium mucosum_GCF_051466335.1,1,2784,-1653.9549560546875,544,82,Y,E,GAA,0
GCF_051466335.1,Planctomicrobium mucosum,gyrA_1_Planctomicrobium mucosum_GCF_051466335.1,1,2784,-1653.9549560546875,544,83,A,G,GGG,1
GCF_051466335.1,Planctomicrobium mucosum,gyrA_1_Planctomicrobium mucosum_GCF_051466335.1,1,2784,-1653.9549560546875,544,83,F,G,GGG,0
GCF_051466335.1,Planctomicrobium mucosum,gyrA_1_Planctomicrobium mucosum_GCF_051466335.1,1,2784,-1653.9549560546875,544,83,I,G,GGG,0
GCF_051466335.1,Planctomicrobium mucosum,gyrA_1_Planctomicrobium mucosum_GCF_051466335.1,1,2784,-1653.9549560546875,544,83,K,G,GGG,0
GCF_051466335.1,Planctomicrobium mucosum,gyrA_1_Planctomicrobium mucosum_GCF_051466335.1,1,2784,-1653.9549560546875,544,83,L,G,GGG,0
GCF_051466335.1,Planctomicrobium mucosum,gyrA_1_Planctomicrobium mucosum_GCF_051466335.1,1,2784,-1653.9549560546875,544,83,M,G,GGG,0
GCF_051466335.1,Planctomicrobium mucosum,gyrA_1_Planctomicrobium mucosum_GCF_051466335.1,1,2784,-1653.9549560546875,544,83,R,G,GGG,2
GCF_051466335.1,Planctomicrobium mucosum,gyrA_1_Planctomicrobium mucosum_GCF_051466335.1,1,2784,-1653.9549560546875,544,83,S,G,GGG,0
GCF_051466335.1,Planctomicrobium mucosum,gyrA_1_Planctomicrobium mucosum_GCF_051466335.1,1,2784,-1653.9549560546875,544,83,V,G,GGG,1
GCF_051466335.1,Planctomicrobium mucosum,gyrA_1_Planctomicrobium mucosum_GCF_051466335.1,1,2784,-1653.9549560546875,544,83,W,G,GGG,1
GCF_051466335.1,Planctomicrobium mucosum,gyrA_1_Planctomicrobium mucosum_GCF_051466335.1,1,2784,-1653.9549560546875,544,83,Y,G,GGG,0
GCF_051466335.1,Planctomicrobium mucosum,gyrA_1_Planctomicrobium mucosum_GCF_051466335.1,1,2784,-1653.9549560546875,544,84,A,V,GTG,1
GCF_051466335.1,Planctomicrobium mucosum,gyrA_1_Planctomicrobium mucosum_GCF_051466335.1,1,2784,-1653.9549560546875,544,84,P,V,GTG,0
GCF_051466335.1,Planctomicrobium mucosum,gyrA_1_Planctomicrobium mucosum_GCF_051466335.1,1,2784,-1653.9549560546875,544,84,V,V,GTG,3
GCF_051466335.1,Planctomicrobium mucosum,gyrA_1_Planctomicrobium mucosum_GCF_051466335.1,1,2784,-1653.9549560546875,544,86,N,Y,TAC,1
GCF_051466335.1,Planctomicrobium mucosum,gyrA_1_Planctomicrobium mucosum_GCF_051466335.1,1,2784,-1653.9549560546875,544,86,Y,Y,TAC,1
GCF_051466335.1,Planctomicrobium mucosum,gyrA_1_Planctomicrobium mucosum_GCF_051466335.1,1,2784,-1653.9549560546875,544,87,A,P,CCG,1
GCF_051466335.1,Planctomicrobium mucosum,gyrA_1_Planctomicrobium mucosum_GCF_051466335.1,1,2784,-1653.9549560546875,544,87,G,P,CCG,0
GCF_051466335.1,Planctomicrobium mucosum,gyrA_1_Planctomicrobium mucosum_GCF_051466335.1,1,2784,-1653.9549560546875,544,87,H,P,CCG,0
GCF_051466335.1,Planctomicrobium mucosum,gyrA_1_Planctomicrobium mucosum_GCF_051466335.1,1,2784,-1653.9549560546875,544,87,K,P,CCG,0
GCF_051466335.1,Planctomicrobium mucosum,gyrA_1_Planctomicrobium mucosum_GCF_051466335.1,1,2784,-1653.9549560546875,544,87,L,P,CCG,1
GCF_051466335.1,Planctomicrobium mucosum,gyrA_1_Planctomicrobium mucosum_GCF_051466335.1,1,2784,-1653.9549560546875,544,87,N,P,CCG,0
GCF_051466335.1,Planctomicrobium mucosum,gyrA_1_Planctomicrobium mucosum_GCF_051466335.1,1,2784,-1653.9549560546875,544,87,Q,P,CCG,1
GCF_051466335.1,Planctomicrobium mucosum,gyrA_1_Planctomicrobium mucosum_GCF_051466335.1,1,2784,-1653.9549560546875,544,87,R,P,CCG,1
GCF_051466335.1,Planctomicrobium mucosum,gyrA_1_Planctomicrobium mucosum_GCF_051466335.1,1,2784,-1653.9549560546875,544,87,T,P,CCG,1
GCF_051466335.1,Planctomicrobium mucosum,gyrA_1_Planctomicrobium mucosum_GCF_051466335.1,1,2784,-1653.9549560546875,544,87,V,P,CCG,0
GCF_051466335.1,Planctomicrobium mucosum,gyrA_1_Planctomicrobium mucosum_GCF_051466335.1,1,2784,-1653.9549560546875,544,87,Y,P,CCG,0
GCF_051466335.1,Planctomicrobium mucosum,gyrA_1_Planctomicrobium mucosum_GCF_051466335.1,1,2784,-1653.9549560546875,544,101,S,T,ACG,1
GCF_051466335.1,Planctomicrobium mucosum,gyrA_1_Planctomicrobium mucosum_GCF_051466335.1,1,2784,-1653.9549560546875,544,105,D,K,AAA,0
GCF_051466335.1,Planctomicrobium mucosum,gyrA_1_Planctomicrobium mucosum_GCF_051466335.1,1,2784,-1653.9549560546875,544,106,H,Q,CAA,2
GCF_051466335.1,Planctomicrobium mucosum,gyrA_1_Planctomicrobium mucosum_GCF_051466335.1,1,2784,-1653.9549560546875,544,106,L,Q,CAA,1
GCF_051466335.1,Planctomicrobium mucosum,gyrA_1_Planctomicrobium mucosum_GCF_051466335.1,1,2784,-1653.9549560546875,544,106,R,Q,CAA,1
GCF_051466335.1,Planctomicrobium mucosum,gyrA_1_Planctomicrobium mucosum_GCF_051466335.1,1,2784,-1653.9549560546875,544,119,S,A,GCG,1
GCF_051466335.1,Planctomicrobium mucosum,gyrA_1_Planctomicrobium mucosum_GCF_051466335.1,1,2784,-1653.9549560546875,544,119,T,A,GCG,1
GCF_051466335.1,Planctomicrobium mucosum,gyrA_1_Planctomicrobium mucosum_GCF_051466335.1,1,2784,-1653.9549560546875,544,165,A,N,AAC,0
GCF_051466335.1,Planctomicrobium mucosum,gyrA_1_Planctomicrobium mucosum_GCF_051466335.1,1,2784,-1653.9549560546875,544,196,E,L,CTG,0
GCF_051466335.1,Planctomicrobium mucosum,gyrA_1_Planctomicrobium mucosum_GCF_051466335.1,1,2784,-1653.9549560546875,544,386,D,A,GCT,1
GCF_051379705.1,Ekhidna algicida,gyrA_1_Ekhidna algicida_GCF_051379705.1,1,2544,-1077.390869140625,463,51,V,G,GGA,1
GCF_051379705.1,Ekhidna algicida,gyrA_1_Ekhidna algicida_GCF_051379705.1,1,2544,-1077.390869140625,463,57,K,V,GTC,0
GCF_051379705.1,Ekhidna algicida,gyrA_1_Ekhidna algicida_GCF_051379705.1,1,2544,-1077.390869140625,463,67,S,A,GCT,1
GCF_051379705.1,Ekhidna algicida,gyrA_1_Ekhidna algicida_GCF_051379705.1,1,2544,-1077.390869140625,463,67,T,A,GCT,1
GCF_051379705.1,Ekhidna algicida,gyrA_1_Ekhidna algicida_GCF_051379705.1,1,2544,-1077.390869140625,463,72,G,D,GAT,1
GCF_051379705.1,Ekhidna algicida,gyrA_1_Ekhidna algicida_GCF_051379705.1,1,2544,-1077.390869140625,463,72,V,D,GAT,1
GCF_051379705.1,Ekhidna algicida,gyrA_1_Ekhidna algicida_GCF_051379705.1,1,2544,-1077.390869140625,463,77,S,Y,TAT,1
GCF_051379705.1,Ekhidna algicida,gyrA_1_Ekhidna algicida_GCF_051379705.1,1,2544,-1077.390869140625,463,80,P,H,CAT,1
GCF_051379705.1,Ekhidna algicida,gyrA_1_Ekhidna algicida_GCF_051379705.1,1,2544,-1077.390869140625,463,80,R,H,CAT,1
GCF_051379705.1,Ekhidna algicida,gyrA_1_Ekhidna algicida_GCF_051379705.1,1,2544,-1077.390869140625,463,81,C,G,GGA,0
GCF_051379705.1,Ekhidna algicida,gyrA_1_Ekhidna algicida_GCF_051379705.1,1,2544,-1077.390869140625,463,81,D,G,GGA,0
GCF_051379705.1,Ekhidna algicida,gyrA_1_Ekhidna algicida_GCF_051379705.1,1,2544,-1077.390869140625,463,82,G,D,GAT,1
GCF_051379705.1,Ekhidna algicida,gyrA_1_Ekhidna algicida_GCF_051379705.1,1,2544,-1077.390869140625,463,82,N,D,GAT,1
GCF_051379705.1,Ekhidna algicida,gyrA_1_Ekhidna algicida_GCF_051379705.1,1,2544,-1077.390869140625,463,82,Y,D,GAT,1
GCF_051379705.1,Ekhidna algicida,gyrA_1_Ekhidna algicida_GCF_051379705.1,1,2544,-1077.390869140625,463,83,A,T,ACT,1
GCF_051379705.1,Ekhidna algicida,gyrA_1_Ekhidna algicida_GCF_051379705.1,1,2544,-1077.390869140625,463,83,F,T,ACT,0
GCF_051379705.1,Ekhidna algicida,gyrA_1_Ekhidna algicida_GCF_051379705.1,1,2544,-1077.390869140625,463,83,I,T,ACT,1
GCF_051379705.1,Ekhidna algicida,gyrA_1_Ekhidna algicida_GCF_051379705.1,1,2544,-1077.390869140625,463,83,K,T,ACT,0
GCF_051379705.1,Ekhidna algicida,gyrA_1_Ekhidna algicida_GCF_051379705.1,1,2544,-1077.390869140625,463,83,L,T,ACT,0
GCF_051379705.1,Ekhidna algicida,gyrA_1_Ekhidna algicida_GCF_051379705.1,1,2544,-1077.390869140625,463,83,M,T,ACT,0
GCF_051379705.1,Ekhidna algicida,gyrA_1_Ekhidna algicida_GCF_051379705.1,1,2544,-1077.390869140625,463,83,R,T,ACT,0
GCF_051379705.1,Ekhidna algicida,gyrA_1_Ekhidna algicida_GCF_051379705.1,1,2544,-1077.390869140625,463,83,S,T,ACT,2
GCF_051379705.1,Ekhidna algicida,gyrA_1_Ekhidna algicida_GCF_051379705.1,1,2544,-1077.390869140625,463,83,V,T,ACT,0
GCF_051379705.1,Ekhidna algicida,gyrA_1_Ekhidna algicida_GCF_051379705.1,1,2544,-1077.390869140625,463,83,W,T,ACT,0
GCF_051379705.1,Ekhidna algicida,gyrA_1_Ekhidna algicida_GCF_051379705.1,1,2544,-1077.390869140625,463,83,Y,T,ACT,0
GCF_051379705.1,Ekhidna algicida,gyrA_1_Ekhidna algicida_GCF_051379705.1,1,2544,-1077.390869140625,463,84,A,A,GCT,3
GCF_051379705.1,Ekhidna algicida,gyrA_1_Ekhidna algicida_GCF_051379705.1,1,2544,-1077.390869140625,463,84,P,A,GCT,1
GCF_051379705.1,Ekhidna algicida,gyrA_1_Ekhidna algicida_GCF_051379705.1,1,2544,-1077.390869140625,463,84,V,A,GCT,1
GCF_051379705.1,Ekhidna algicida,gyrA_1_Ekhidna algicida_GCF_051379705.1,1,2544,-1077.390869140625,463,86,N,Y,TAT,1
GCF_051379705.1,Ekhidna algicida,gyrA_1_Ekhidna algicida_GCF_051379705.1,1,2544,-1077.390869140625,463,86,Y,Y,TAT,1
GCF_051379705.1,Ekhidna algicida,gyrA_1_Ekhidna algicida_GCF_051379705.1,1,2544,-1077.390869140625,463,87,A,D,GAC,1
GCF_051379705.1,Ekhidna algicida,gyrA_1_Ekhidna algicida_GCF_051379705.1,1,2544,-1077.390869140625,463,87,G,D,GAC,1
GCF_051379705.1,Ekhidna algicida,gyrA_1_Ekhidna algicida_GCF_051379705.1,1,2544,-1077.390869140625,463,87,H,D,GAC,1
GCF_051379705.1,Ekhidna algicida,gyrA_1_Ekhidna algicida_GCF_051379705.1,1,2544,-1077.390869140625,463,87,K,D,GAC,0
GCF_051379705.1,Ekhidna algicida,gyrA_1_Ekhidna algicida_GCF_051379705.1,1,2544,-1077.390869140625,463,87,L,D,GAC,0
GCF_051379705.1,Ekhidna algicida,gyrA_1_Ekhidna algicida_GCF_051379705.1,1,2544,-1077.390869140625,463,87,N,D,GAC,1
GCF_051379705.1,Ekhidna algicida,gyrA_1_Ekhidna algicida_GCF_051379705.1,1,2544,-1077.390869140625,463,87,Q,D,GAC,0
GCF_051379705.1,Ekhidna algicida,gyrA_1_Ekhidna algicida_GCF_051379705.1,1,2544,-1077.390869140625,463,87,R,D,GAC,0
GCF_051379705.1,Ekhidna algicida,gyrA_1_Ekhidna algicida_GCF_051379705.1,1,2544,-1077.390869140625,463,87,T,D,GAC,0
GCF_051379705.1,Ekhidna algicida,gyrA_1_Ekhidna algicida_GCF_051379705.1,1,2544,-1077.390869140625,463,87,V,D,GAC,1
GCF_051379705.1,Ekhidna algicida,gyrA_1_Ekhidna algicida_GCF_051379705.1,1,2544,-1077.390869140625,463,87,Y,D,GAC,1
GCF_051379705.1,Ekhidna algicida,gyrA_1_Ekhidna algicida_GCF_051379705.1,1,2544,-1077.390869140625,463,101,S,P,CCA,1
GCF_051379705.1,Ekhidna algicida,gyrA_1_Ekhidna algicida_GCF_051379705.1,1,2544,-1077.390869140625,463,105,D,G,GGC,1
GCF_051379705.1,Ekhidna algicida,gyrA_1_Ekhidna algicida_GCF_051379705.1,1,2544,-1077.390869140625,463,106,H,Q,CAG,2
GCF_051379705.1,Ekhidna algicida,gyrA_1_Ekhidna algicida_GCF_051379705.1,1,2544,-1077.390869140625,463,106,L,Q,CAG,1
GCF_051379705.1,Ekhidna algicida,gyrA_1_Ekhidna algicida_GCF_051379705.1,1,2544,-1077.390869140625,463,106,R,Q,CAG,1
GCF_051379705.1,Ekhidna algicida,gyrA_1_Ekhidna algicida_GCF_051379705.1,1,2544,-1077.390869140625,463,119,S,A,GCG,1
GCF_051379705.1,Ekhidna algicida,gyrA_1_Ekhidna algicida_GCF_051379705.1,1,2544,-1077.390869140625,463,119,T,A,GCG,1
GCF_051379705.1,Ekhidna algicida,gyrA_1_Ekhidna algicida_GCF_051379705.1,1,2544,-1077.390869140625,463,165,A,N,AAC,0
GCF_051379705.1,Ekhidna algicida,gyrA_1_Ekhidna algicida_GCF_051379705.1,1,2544,-1077.390869140625,463,196,E,A,GCC,0
GCF_051379705.1,Ekhidna algicida,gyrA_1_Ekhidna algicida_GCF_051379705.1,1,2544,-1077.390869140625,463,386,D,A,GCG,0
GCF_965577835.1,Brucella pituitosa,gyrA_1_Brucella pituitosa_GCF_965577835.1,1,2775,-913.9495849609375,466,51,V,A,GCC,1
GCF_965577835.1,Brucella pituitosa,gyrA_1_Brucella pituitosa_GCF_965577835.1,1,2775,-913.9495849609375,466,57,K,L,CTC,0
GCF_965577835.1,Brucella pituitosa,gyrA_1_Brucella pituitosa_GCF_965577835.1,1,2775,-913.9495849609375,466,67,S,A,GCA,1
GCF_965577835.1,Brucella pituitosa,gyrA_1_Brucella pituitosa_GCF_965577835.1,1,2775,-913.9495849609375,466,67,T,A,GCA,1
GCF_965577835.1,Brucella pituitosa,gyrA_1_Brucella pituitosa_GCF_965577835.1,1,2775,-913.9495849609375,466,72,G,E,GAA,1
GCF_965577835.1,Brucella pituitosa,gyrA_1_Brucella pituitosa_GCF_965577835.1,1,2775,-913.9495849609375,466,72,V,E,GAA,1
GCF_965577835.1,Brucella pituitosa,gyrA_1_Brucella pituitosa_GCF_965577835.1,1,2775,-913.9495849609375,466,77,S,Y,TAC,1
GCF_965577835.1,Brucella pituitosa,gyrA_1_Brucella pituitosa_GCF_965577835.1,1,2775,-913.9495849609375,466,80,P,H,CAT,1
GCF_965577835.1,Brucella pituitosa,gyrA_1_Brucella pituitosa_GCF_965577835.1,1,2775,-913.9495849609375,466,80,R,H,CAT,1
GCF_965577835.1,Brucella pituitosa,gyrA_1_Brucella pituitosa_GCF_965577835.1,1,2775,-913.9495849609375,466,81,C,G,GGC,1
GCF_965577835.1,Brucella pituitosa,gyrA_1_Brucella pituitosa_GCF_965577835.1,1,2775,-913.9495849609375,466,81,D,G,GGC,1
GCF_965577835.1,Brucella pituitosa,gyrA_1_Brucella pituitosa_GCF_965577835.1,1,2775,-913.9495849609375,466,82,G,D,GAC,1
GCF_965577835.1,Brucella pituitosa,gyrA_1_Brucella pituitosa_GCF_965577835.1,1,2775,-913.9495849609375,466,82,N,D,GAC,1
GCF_965577835.1,Brucella pituitosa,gyrA_1_Brucella pituitosa_GCF_965577835.1,1,2775,-913.9495849609375,466,82,Y,D,GAC,1
GCF_965577835.1,Brucella pituitosa,gyrA_1_Brucella pituitosa_GCF_965577835.1,1,2775,-913.9495849609375,466,83,A,A,GCA,3
GCF_965577835.1,Brucella pituitosa,gyrA_1_Brucella pituitosa_GCF_965577835.1,1,2775,-913.9495849609375,466,83,F,A,GCA,0
GCF_965577835.1,Brucella pituitosa,gyrA_1_Brucella pituitosa_GCF_965577835.1,1,2775,-913.9495849609375,466,83,I,A,GCA,0
GCF_965577835.1,Brucella pituitosa,gyrA_1_Brucella pituitosa_GCF_965577835.1,1,2775,-913.9495849609375,466,83,K,A,GCA,0
GCF_965577835.1,Brucella pituitosa,gyrA_1_Brucella pituitosa_GCF_965577835.1,1,2775,-913.9495849609375,466,83,L,A,GCA,0
GCF_965577835.1,Brucella pituitosa,gyrA_1_Brucella pituitosa_GCF_965577835.1,1,2775,-913.9495849609375,466,83,M,A,GCA,0
GCF_965577835.1,Brucella pituitosa,gyrA_1_Brucella pituitosa_GCF_965577835.1,1,2775,-913.9495849609375,466,83,R,A,GCA,0
GCF_965577835.1,Brucella pituitosa,gyrA_1_Brucella pituitosa_GCF_965577835.1,1,2775,-913.9495849609375,466,83,S,A,GCA,1
GCF_965577835.1,Brucella pituitosa,gyrA_1_Brucella pituitosa_GCF_965577835.1,1,2775,-913.9495849609375,466,83,V,A,GCA,1
GCF_965577835.1,Brucella pituitosa,gyrA_1_Brucella pituitosa_GCF_965577835.1,1,2775,-913.9495849609375,466,83,W,A,GCA,0
GCF_965577835.1,Brucella pituitosa,gyrA_1_Brucella pituitosa_GCF_965577835.1,1,2775,-913.9495849609375,466,83,Y,A,GCA,0
GCF_965577835.1,Brucella pituitosa,gyrA_1_Brucella pituitosa_GCF_965577835.1,1,2775,-913.9495849609375,466,84,A,S,TCT,1
GCF_965577835.1,Brucella pituitosa,gyrA_1_Brucella pituitosa_GCF_965577835.1,1,2775,-913.9495849609375,466,84,P,S,TCT,1
GCF_965577835.1,Brucella pituitosa,gyrA_1_Brucella pituitosa_GCF_965577835.1,1,2775,-913.9495849609375,466,84,V,S,TCT,0
GCF_965577835.1,Brucella pituitosa,gyrA_1_Brucella pituitosa_GCF_965577835.1,1,2775,-913.9495849609375,466,86,N,Y,TAC,1
GCF_965577835.1,Brucella pituitosa,gyrA_1_Brucella pituitosa_GCF_965577835.1,1,2775,-913.9495849609375,466,86,Y,Y,TAC,1
GCF_965577835.1,Brucella pituitosa,gyrA_1_Brucella pituitosa_GCF_965577835.1,1,2775,-913.9495849609375,466,87,A,D,GAC,1
GCF_965577835.1,Brucella pituitosa,gyrA_1_Brucella pituitosa_GCF_965577835.1,1,2775,-913.9495849609375,466,87,G,D,GAC,1
GCF_965577835.1,Brucella pituitosa,gyrA_1_Brucella pituitosa_GCF_965577835.1,1,2775,-913.9495849609375,466,87,H,D,GAC,1
GCF_965577835.1,Brucella pituitosa,gyrA_1_Brucella pituitosa_GCF_965577835.1,1,2775,-913.9495849609375,466,87,K,D,GAC,0
GCF_965577835.1,Brucella pituitosa,gyrA_1_Brucella pituitosa_GCF_965577835.1,1,2775,-913.9495849609375,466,87,L,D,GAC,0
GCF_965577835.1,Brucella pituitosa,gyrA_1_Brucella pituitosa_GCF_965577835.1,1,2775,-913.9495849609375,466,87,N,D,GAC,1
GCF_965577835.1,Brucella pituitosa,gyrA_1_Brucella pituitosa_GCF_965577835.1,1,2775,-913.9495849609375,466,87,Q,D,GAC,0
GCF_965577835.1,Brucella pituitosa,gyrA_1_Brucella pituitosa_GCF_965577835.1,1,2775,-913.9495849609375,466,87,R,D,GAC,0
GCF_965577835.1,Brucella pituitosa,gyrA_1_Brucella pituitosa_GCF_965577835.1,1,2775,-913.9495849609375,466,87,T,D,GAC,0
GCF_965577835.1,Brucella pituitosa,gyrA_1_Brucella pituitosa_GCF_965577835.1,1,2775,-913.9495849609375,466,87,V,D,GAC,1
GCF_965577835.1,Brucella pituitosa,gyrA_1_Brucella pituitosa_GCF_965577835.1,1,2775,-913.9495849609375,466,87,Y,D,GAC,1
GCF_965577835.1,Brucella pituitosa,gyrA_1_Brucella pituitosa_GCF_965577835.1,1,2775,-913.9495849609375,466,101,S,P,CCA,1
GCF_965577835.1,Brucella pituitosa,gyrA_1_Brucella pituitosa_GCF_965577835.1,1,2775,-913.9495849609375,466,105,D,G,GGG,0
GCF_965577835.1,Brucella pituitosa,gyrA_1_Brucella pituitosa_GCF_965577835.1,1,2775,-913.9495849609375,466,106,H,Q,CAG,2
GCF_965577835.1,Brucella pituitosa,gyrA_1_Brucella pituitosa_GCF_965577835.1,1,2775,-913.9495849609375,466,106,L,Q,CAG,1
GCF_965577835.1,Brucella pituitosa,gyrA_1_Brucella pituitosa_GCF_965577835.1,1,2775,-913.9495849609375,466,106,R,Q,CAG,1
GCF_965577835.1,Brucella pituitosa,gyrA_1_Brucella pituitosa_GCF_965577835.1,1,2775,-913.9495849609375,466,119,S,A,GCG,1
GCF_965577835.1,Brucella pituitosa,gyrA_1_Brucella pituitosa_GCF_965577835.1,1,2775,-913.9495849609375,466,119,T,A,GCG,1
GCF_965577835.1,Brucella pituitosa,gyrA_1_Brucella pituitosa_GCF_965577835.1,1,2775,-913.9495849609375,466,165,A,N,AAT,0
GCF_965577835.1,Brucella pituitosa,gyrA_1_Brucella pituitosa_GCF_965577835.1,1,2775,-913.9495849609375,466,196,E,A,GCG,1
GCF_965577835.1,Brucella pituitosa,gyrA_1_Brucella pituitosa_GCF_965577835.1,1,2775,-913.9495849609375,466,386,D,A,GCA,0
GCF_051175315.1,Tundrisphaera macrotermitis,gyrA_1_Tundrisphaera macrotermitis_GCF_051175315.1,1,2667,-1086.124755859375,466,51,V,A,GCG,1
GCF_051175315.1,Tundrisphaera macrotermitis,gyrA_1_Tundrisphaera macrotermitis_GCF_051175315.1,1,2667,-1086.124755859375,466,57,K,L,CTC,0
GCF_051175315.1,Tundrisphaera macrotermitis,gyrA_1_Tundrisphaera macrotermitis_GCF_051175315.1,1,2667,-1086.124755859375,466,67,S,A,GCG,1
GCF_051175315.1,Tundrisphaera macrotermitis,gyrA_1_Tundrisphaera macrotermitis_GCF_051175315.1,1,2667,-1086.124755859375,466,67,T,A,GCG,1
GCF_051175315.1,Tundrisphaera macrotermitis,gyrA_1_Tundrisphaera macrotermitis_GCF_051175315.1,1,2667,-1086.124755859375,466,72,G,E,GAG,1
GCF_051175315.1,Tundrisphaera macrotermitis,gyrA_1_Tundrisphaera macrotermitis_GCF_051175315.1,1,2667,-1086.124755859375,466,72,V,E,GAG,1
GCF_051175315.1,Tundrisphaera macrotermitis,gyrA_1_Tundrisphaera macrotermitis_GCF_051175315.1,1,2667,-1086.124755859375,466,77,S,Y,TAC,1
GCF_051175315.1,Tundrisphaera macrotermitis,gyrA_1_Tundrisphaera macrotermitis_GCF_051175315.1,1,2667,-1086.124755859375,466,80,P,H,CAC,1
GCF_051175315.1,Tundrisphaera macrotermitis,gyrA_1_Tundrisphaera macrotermitis_GCF_051175315.1,1,2667,-1086.124755859375,466,80,R,H,CAC,1
GCF_051175315.1,Tundrisphaera macrotermitis,gyrA_1_Tundrisphaera macrotermitis_GCF_051175315.1,1,2667,-1086.124755859375,466,81,C,G,GGC,1
GCF_051175315.1,Tundrisphaera macrotermitis,gyrA_1_Tundrisphaera macrotermitis_GCF_051175315.1,1,2667,-1086.124755859375,466,81,D,G,GGC,1
GCF_051175315.1,Tundrisphaera macrotermitis,gyrA_1_Tundrisphaera macrotermitis_GCF_051175315.1,1,2667,-1086.124755859375,466,82,G,D,GAT,1
GCF_051175315.1,Tundrisphaera macrotermitis,gyrA_1_Tundrisphaera macrotermitis_GCF_051175315.1,1,2667,-1086.124755859375,466,82,N,D,GAT,1
GCF_051175315.1,Tundrisphaera macrotermitis,gyrA_1_Tundrisphaera macrotermitis_GCF_051175315.1,1,2667,-1086.124755859375,466,82,Y,D,GAT,1
GCF_051175315.1,Tundrisphaera macrotermitis,gyrA_1_Tundrisphaera macrotermitis_GCF_051175315.1,1,2667,-1086.124755859375,466,83,A,A,GCC,3
GCF_051175315.1,Tundrisphaera macrotermitis,gyrA_1_Tundrisphaera macrotermitis_GCF_051175315.1,1,2667,-1086.124755859375,466,83,F,A,GCC,0
GCF_051175315.1,Tundrisphaera macrotermitis,gyrA_1_Tundrisphaera macrotermitis_GCF_051175315.1,1,2667,-1086.124755859375,466,83,I,A,GCC,0
GCF_051175315.1,Tundrisphaera macrotermitis,gyrA_1_Tundrisphaera macrotermitis_GCF_051175315.1,1,2667,-1086.124755859375,466,83,K,A,GCC,0
GCF_051175315.1,Tundrisphaera macrotermitis,gyrA_1_Tundrisphaera macrotermitis_GCF_051175315.1,1,2667,-1086.124755859375,466,83,L,A,GCC,0
GCF_051175315.1,Tundrisphaera macrotermitis,gyrA_1_Tundrisphaera macrotermitis_GCF_051175315.1,1,2667,-1086.124755859375,466,83,M,A,GCC,0
GCF_051175315.1,Tundrisphaera macrotermitis,gyrA_1_Tundrisphaera macrotermitis_GCF_051175315.1,1,2667,-1086.124755859375,466,83,R,A,GCC,0
GCF_051175315.1,Tundrisphaera macrotermitis,gyrA_1_Tundrisphaera macrotermitis_GCF_051175315.1,1,2667,-1086.124755859375,466,83,S,A,GCC,1
GCF_051175315.1,Tundrisphaera macrotermitis,gyrA_1_Tundrisphaera macrotermitis_GCF_051175315.1,1,2667,-1086.124755859375,466,83,V,A,GCC,1
GCF_051175315.1,Tundrisphaera macrotermitis,gyrA_1_Tundrisphaera macrotermitis_GCF_051175315.1,1,2667,-1086.124755859375,466,83,W,A,GCC,0
GCF_051175315.1,Tundrisphaera macrotermitis,gyrA_1_Tundrisphaera macrotermitis_GCF_051175315.1,1,2667,-1086.124755859375,466,83,Y,A,GCC,0
GCF_051175315.1,Tundrisphaera macrotermitis,gyrA_1_Tundrisphaera macrotermitis_GCF_051175315.1,1,2667,-1086.124755859375,466,84,A,S,TCG,1
GCF_051175315.1,Tundrisphaera macrotermitis,gyrA_1_Tundrisphaera macrotermitis_GCF_051175315.1,1,2667,-1086.124755859375,466,84,P,S,TCG,1
GCF_051175315.1,Tundrisphaera macrotermitis,gyrA_1_Tundrisphaera macrotermitis_GCF_051175315.1,1,2667,-1086.124755859375,466,84,V,S,TCG,0
GCF_051175315.1,Tundrisphaera macrotermitis,gyrA_1_Tundrisphaera macrotermitis_GCF_051175315.1,1,2667,-1086.124755859375,466,86,N,Y,TAC,1
GCF_051175315.1,Tundrisphaera macrotermitis,gyrA_1_Tundrisphaera macrotermitis_GCF_051175315.1,1,2667,-1086.124755859375,466,86,Y,Y,TAC,1
GCF_051175315.1,Tundrisphaera macrotermitis,gyrA_1_Tundrisphaera macrotermitis_GCF_051175315.1,1,2667,-1086.124755859375,466,87,A,P,CCG,1
GCF_051175315.1,Tundrisphaera macrotermitis,gyrA_1_Tundrisphaera macrotermitis_GCF_051175315.1,1,2667,-1086.124755859375,466,87,G,P,CCG,0
GCF_051175315.1,Tundrisphaera macrotermitis,gyrA_1_Tundrisphaera macrotermitis_GCF_051175315.1,1,2667,-1086.124755859375,466,87,H,P,CCG,0
GCF_051175315.1,Tundrisphaera macrotermitis,gyrA_1_Tundrisphaera macrotermitis_GCF_051175315.1,1,2667,-1086.124755859375,466,87,K,P,CCG,0
GCF_051175315.1,Tundrisphaera macrotermitis,gyrA_1_Tundrisphaera macrotermitis_GCF_051175315.1,1,2667,-1086.124755859375,466,87,L,P,CCG,1
GCF_051175315.1,Tundrisphaera macrotermitis,gyrA_1_Tundrisphaera macrotermitis_GCF_051175315.1,1,2667,-1086.124755859375,466,87,N,P,CCG,0
GCF_051175315.1,Tundrisphaera macrotermitis,gyrA_1_Tundrisphaera macrotermitis_GCF_051175315.1,1,2667,-1086.124755859375,466,87,Q,P,CCG,1
GCF_051175315.1,Tundrisphaera macrotermitis,gyrA_1_Tundrisphaera macrotermitis_GCF_051175315.1,1,2667,-1086.124755859375,466,87,R,P,CCG,1
GCF_051175315.1,Tundrisphaera macrotermitis,gyrA_1_Tundrisphaera macrotermitis_GCF_051175315.1,1,2667,-1086.124755859375,466,87,T,P,CCG,1
GCF_051175315.1,Tundrisphaera macrotermitis,gyrA_1_Tundrisphaera macrotermitis_GCF_051175315.1,1,2667,-1086.124755859375,466,87,V,P,CCG,0
GCF_051175315.1,Tundrisphaera macrotermitis,gyrA_1_Tundrisphaera macrotermitis_GCF_051175315.1,1,2667,-1086.124755859375,466,87,Y,P,CCG,0
GCF_051175315.1,Tundrisphaera macrotermitis,gyrA_1_Tundrisphaera macrotermitis_GCF_051175315.1,1,2667,-1086.124755859375,466,101,S,L,CTG,0
GCF_051175315.1,Tundrisphaera macrotermitis,gyrA_1_Tundrisphaera macrotermitis_GCF_051175315.1,1,2667,-1086.124755859375,466,105,D,G,GGG,0
GCF_051175315.1,Tundrisphaera macrotermitis,gyrA_1_Tundrisphaera macrotermitis_GCF_051175315.1,1,2667,-1086.124755859375,466,106,H,Q,CAG,2
GCF_051175315.1,Tundrisphaera macrotermitis,gyrA_1_Tundrisphaera macrotermitis_GCF_051175315.1,1,2667,-1086.124755859375,466,106,L,Q,CAG,1
GCF_051175315.1,Tundrisphaera macrotermitis,gyrA_1_Tundrisphaera macrotermitis_GCF_051175315.1,1,2667,-1086.124755859375,466,106,R,Q,CAG,1
GCF_051175315.1,Tundrisphaera macrotermitis,gyrA_1_Tundrisphaera macrotermitis_GCF_051175315.1,1,2667,-1086.124755859375,466,119,S,A,GCC,1
GCF_051175315.1,Tundrisphaera macrotermitis,gyrA_1_Tundrisphaera macrotermitis_GCF_051175315.1,1,2667,-1086.124755859375,466,119,T,A,GCC,1
GCF_051175315.1,Tundrisphaera macrotermitis,gyrA_1_Tundrisphaera macrotermitis_GCF_051175315.1,1,2667,-1086.124755859375,466,165,A,N,AAC,0
GCF_051175315.1,Tundrisphaera macrotermitis,gyrA_1_Tundrisphaera macrotermitis_GCF_051175315.1,1,2667,-1086.124755859375,466,196,E,A,GCC,0
GCF_051175315.1,Tundrisphaera macrotermitis,gyrA_1_Tundrisphaera macrotermitis_GCF_051175315.1,1,2667,-1086.124755859375,466,386,D,A,GCG,0
GCF_051122735.1,Methylosinus sporium,gyrA_1_Methylosinus sporium_GCF_051122735.1,1,2760,-980.66387939453125,477,51,V,S,TCC,0
GCF_051122735.1,Methylosinus sporium,gyrA_1_Methylosinus sporium_GCF_051122735.1,1,2760,-980.66387939453125,477,57,K,H,CAT,0
GCF_051122735.1,Methylosinus sporium,gyrA_1_Methylosinus sporium_GCF_051122735.1,1,2760,-980.66387939453125,477,67,S,A,GCG,1
GCF_051122735.1,Methylosinus sporium,gyrA_1_Methylosinus sporium_GCF_051122735.1,1,2760,-980.66387939453125,477,67,T,A,GCG,1
GCF_051122735.1,Methylosinus sporium,gyrA_1_Methylosinus sporium_GCF_051122735.1,1,2760,-980.66387939453125,477,72,G,D,GAC,1
GCF_051122735.1,Methylosinus sporium,gyrA_1_Methylosinus sporium_GCF_051122735.1,1,2760,-980.66387939453125,477,72,V,D,GAC,1
GCF_051122735.1,Methylosinus sporium,gyrA_1_Methylosinus sporium_GCF_051122735.1,1,2760,-980.66387939453125,477,77,S,Y,TAT,1
GCF_051122735.1,Methylosinus sporium,gyrA_1_Methylosinus sporium_GCF_051122735.1,1,2760,-980.66387939453125,477,80,P,H,CAT,1
GCF_051122735.1,Methylosinus sporium,gyrA_1_Methylosinus sporium_GCF_051122735.1,1,2760,-980.66387939453125,477,80,R,H,CAT,1
GCF_051122735.1,Methylosinus sporium,gyrA_1_Methylosinus sporium_GCF_051122735.1,1,2760,-980.66387939453125,477,81,C,G,GGC,1
GCF_051122735.1,Methylosinus sporium,gyrA_1_Methylosinus sporium_GCF_051122735.1,1,2760,-980.66387939453125,477,81,D,G,GGC,1
GCF_051122735.1,Methylosinus sporium,gyrA_1_Methylosinus sporium_GCF_051122735.1,1,2760,-980.66387939453125,477,82,G,D,GAC,1
GCF_051122735.1,Methylosinus sporium,gyrA_1_Methylosinus sporium_GCF_051122735.1,1,2760,-980.66387939453125,477,82,N,D,GAC,1
GCF_051122735.1,Methylosinus sporium,gyrA_1_Methylosinus sporium_GCF_051122735.1,1,2760,-980.66387939453125,477,82,Y,D,GAC,1
GCF_051122735.1,Methylosinus sporium,gyrA_1_Methylosinus sporium_GCF_051122735.1,1,2760,-980.66387939453125,477,83,A,A,GCC,3
GCF_051122735.1,Methylosinus sporium,gyrA_1_Methylosinus sporium_GCF_051122735.1,1,2760,-980.66387939453125,477,83,F,A,GCC,0
GCF_051122735.1,Methylosinus sporium,gyrA_1_Methylosinus sporium_GCF_051122735.1,1,2760,-980.66387939453125,477,83,I,A,GCC,0
GCF_051122735.1,Methylosinus sporium,gyrA_1_Methylosinus sporium_GCF_051122735.1,1,2760,-980.66387939453125,477,83,K,A,GCC,0
GCF_051122735.1,Methylosinus sporium,gyrA_1_Methylosinus sporium_GCF_051122735.1,1,2760,-980.66387939453125,477,83,L,A,GCC,0
GCF_051122735.1,Methylosinus sporium,gyrA_1_Methylosinus sporium_GCF_051122735.1,1,2760,-980.66387939453125,477,83,M,A,GCC,0
GCF_051122735.1,Methylosinus sporium,gyrA_1_Methylosinus sporium_GCF_051122735.1,1,2760,-980.66387939453125,477,83,R,A,GCC,0
GCF_051122735.1,Methylosinus sporium,gyrA_1_Methylosinus sporium_GCF_051122735.1,1,2760,-980.66387939453125,477,83,S,A,GCC,1
GCF_051122735.1,Methylosinus sporium,gyrA_1_Methylosinus sporium_GCF_051122735.1,1,2760,-980.66387939453125,477,83,V,A,GCC,1
GCF_051122735.1,Methylosinus sporium,gyrA_1_Methylosinus sporium_GCF_051122735.1,1,2760,-980.66387939453125,477,83,W,A,GCC,0
GCF_051122735.1,Methylosinus sporium,gyrA_1_Methylosinus sporium_GCF_051122735.1,1,2760,-980.66387939453125,477,83,Y,A,GCC,0
GCF_051122735.1,Methylosinus sporium,gyrA_1_Methylosinus sporium_GCF_051122735.1,1,2760,-980.66387939453125,477,84,A,A,GCG,3
GCF_051122735.1,Methylosinus sporium,gyrA_1_Methylosinus sporium_GCF_051122735.1,1,2760,-980.66387939453125,477,84,P,A,GCG,1
GCF_051122735.1,Methylosinus sporium,gyrA_1_Methylosinus sporium_GCF_051122735.1,1,2760,-980.66387939453125,477,84,V,A,GCG,1
GCF_051122735.1,Methylosinus sporium,gyrA_1_Methylosinus sporium_GCF_051122735.1,1,2760,-980.66387939453125,477,86,N,Y,TAT,1
GCF_051122735.1,Methylosinus sporium,gyrA_1_Methylosinus sporium_GCF_051122735.1,1,2760,-980.66387939453125,477,86,Y,Y,TAT,1
GCF_051122735.1,Methylosinus sporium,gyrA_1_Methylosinus sporium_GCF_051122735.1,1,2760,-980.66387939453125,477,87,A,D,GAC,1
GCF_051122735.1,Methylosinus sporium,gyrA_1_Methylosinus sporium_GCF_051122735.1,1,2760,-980.66387939453125,477,87,G,D,GAC,1
GCF_051122735.1,Methylosinus sporium,gyrA_1_Methylosinus sporium_GCF_051122735.1,1,2760,-980.66387939453125,477,87,H,D,GAC,1
GCF_051122735.1,Methylosinus sporium,gyrA_1_Methylosinus sporium_GCF_051122735.1,1,2760,-980.66387939453125,477,87,K,D,GAC,0
GCF_051122735.1,Methylosinus sporium,gyrA_1_Methylosinus sporium_GCF_051122735.1,1,2760,-980.66387939453125,477,87,L,D,GAC,0
GCF_051122735.1,Methylosinus sporium,gyrA_1_Methylosinus sporium_GCF_051122735.1,1,2760,-980.66387939453125,477,87,N,D,GAC,1
GCF_051122735.1,Methylosinus sporium,gyrA_1_Methylosinus sporium_GCF_051122735.1,1,2760,-980.66387939453125,477,87,Q,D,GAC,0
GCF_051122735.1,Methylosinus sporium,gyrA_1_Methylosinus sporium_GCF_051122735.1,1,2760,-980.66387939453125,477,87,R,D,GAC,0
GCF_051122735.1,Methylosinus sporium,gyrA_1_Methylosinus sporium_GCF_051122735.1,1,2760,-980.66387939453125,477,87,T,D,GAC,0
GCF_051122735.1,Methylosinus sporium,gyrA_1_Methylosinus sporium_GCF_051122735.1,1,2760,-980.66387939453125,477,87,V,D,GAC,1
GCF_051122735.1,Methylosinus sporium,gyrA_1_Methylosinus sporium_GCF_051122735.1,1,2760,-980.66387939453125,477,87,Y,D,GAC,1
GCF_051122735.1,Methylosinus sporium,gyrA_1_Methylosinus sporium_GCF_051122735.1,1,2760,-980.66387939453125,477,101,S,P,CCG,1
GCF_051122735.1,Methylosinus sporium,gyrA_1_Methylosinus sporium_GCF_051122735.1,1,2760,-980.66387939453125,477,105,D,G,GGC,1
GCF_051122735.1,Methylosinus sporium,gyrA_1_Methylosinus sporium_GCF_051122735.1,1,2760,-980.66387939453125,477,106,H,Q,CAG,2
GCF_051122735.1,Methylosinus sporium,gyrA_1_Methylosinus sporium_GCF_051122735.1,1,2760,-980.66387939453125,477,106,L,Q,CAG,1
GCF_051122735.1,Methylosinus sporium,gyrA_1_Methylosinus sporium_GCF_051122735.1,1,2760,-980.66387939453125,477,106,R,Q,CAG,1
GCF_051122735.1,Methylosinus sporium,gyrA_1_Methylosinus sporium_GCF_051122735.1,1,2760,-980.66387939453125,477,119,S,A,GCC,1
GCF_051122735.1,Methylosinus sporium,gyrA_1_Methylosinus sporium_GCF_051122735.1,1,2760,-980.66387939453125,477,119,T,A,GCC,1
GCF_051122735.1,Methylosinus sporium,gyrA_1_Methylosinus sporium_GCF_051122735.1,1,2760,-980.66387939453125,477,165,A,N,AAT,0
GCF_051122735.1,Methylosinus sporium,gyrA_1_Methylosinus sporium_GCF_051122735.1,1,2760,-980.66387939453125,477,196,E,A,GCG,1
GCF_051122735.1,Methylosinus sporium,gyrA_1_Methylosinus sporium_GCF_051122735.1,1,2760,-980.66387939453125,477,386,D,A,GCC,1
GCF_051058955.1,Myxococcus virescens,gyrA_1_Myxococcus virescens_GCF_051058955.1,1,2829,-716.38482666015625,447,51,V,A,GCG,1
GCF_051058955.1,Myxococcus virescens,gyrA_1_Myxococcus virescens_GCF_051058955.1,1,2829,-716.38482666015625,447,57,K,N,AAC,2
GCF_051058955.1,Myxococcus virescens,gyrA_1_Myxococcus virescens_GCF_051058955.1,1,2829,-716.38482666015625,447,67,S,A,GCC,1
GCF_051058955.1,Myxococcus virescens,gyrA_1_Myxococcus virescens_GCF_051058955.1,1,2829,-716.38482666015625,447,67,T,A,GCC,1
GCF_051058955.1,Myxococcus virescens,gyrA_1_Myxococcus virescens_GCF_051058955.1,1,2829,-716.38482666015625,447,72,G,D,GAC,1
GCF_051058955.1,Myxococcus virescens,gyrA_1_Myxococcus virescens_GCF_051058955.1,1,2829,-716.38482666015625,447,72,V,D,GAC,1
GCF_051058955.1,Myxococcus virescens,gyrA_1_Myxococcus virescens_GCF_051058955.1,1,2829,-716.38482666015625,447,77,S,Y,TAC,1
GCF_051058955.1,Myxococcus virescens,gyrA_1_Myxococcus virescens_GCF_051058955.1,1,2829,-716.38482666015625,447,80,P,H,CAC,1
GCF_051058955.1,Myxococcus virescens,gyrA_1_Myxococcus virescens_GCF_051058955.1,1,2829,-716.38482666015625,447,80,R,H,CAC,1
GCF_051058955.1,Myxococcus virescens,gyrA_1_Myxococcus virescens_GCF_051058955.1,1,2829,-716.38482666015625,447,81,C,G,GGT,1
GCF_051058955.1,Myxococcus virescens,gyrA_1_Myxococcus virescens_GCF_051058955.1,1,2829,-716.38482666015625,447,81,D,G,GGT,1
GCF_051058955.1,Myxococcus virescens,gyrA_1_Myxococcus virescens_GCF_051058955.1,1,2829,-716.38482666015625,447,82,G,D,GAC,1
GCF_051058955.1,Myxococcus virescens,gyrA_1_Myxococcus virescens_GCF_051058955.1,1,2829,-716.38482666015625,447,82,N,D,GAC,1
GCF_051058955.1,Myxococcus virescens,gyrA_1_Myxococcus virescens_GCF_051058955.1,1,2829,-716.38482666015625,447,82,Y,D,GAC,1
GCF_051058955.1,Myxococcus virescens,gyrA_1_Myxococcus virescens_GCF_051058955.1,1,2829,-716.38482666015625,447,83,A,S,TCG,1
GCF_051058955.1,Myxococcus virescens,gyrA_1_Myxococcus virescens_GCF_051058955.1,1,2829,-716.38482666015625,447,83,F,S,TCG,0
GCF_051058955.1,Myxococcus virescens,gyrA_1_Myxococcus virescens_GCF_051058955.1,1,2829,-716.38482666015625,447,83,I,S,TCG,0
GCF_051058955.1,Myxococcus virescens,gyrA_1_Myxococcus virescens_GCF_051058955.1,1,2829,-716.38482666015625,447,83,K,S,TCG,0
GCF_051058955.1,Myxococcus virescens,gyrA_1_Myxococcus virescens_GCF_051058955.1,1,2829,-716.38482666015625,447,83,L,S,TCG,1
GCF_051058955.1,Myxococcus virescens,gyrA_1_Myxococcus virescens_GCF_051058955.1,1,2829,-716.38482666015625,447,83,M,S,TCG,0
GCF_051058955.1,Myxococcus virescens,gyrA_1_Myxococcus virescens_GCF_051058955.1,1,2829,-716.38482666015625,447,83,R,S,TCG,0
GCF_051058955.1,Myxococcus virescens,gyrA_1_Myxococcus virescens_GCF_051058955.1,1,2829,-716.38482666015625,447,83,S,S,TCG,3
GCF_051058955.1,Myxococcus virescens,gyrA_1_Myxococcus virescens_GCF_051058955.1,1,2829,-716.38482666015625,447,83,V,S,TCG,0
GCF_051058955.1,Myxococcus virescens,gyrA_1_Myxococcus virescens_GCF_051058955.1,1,2829,-716.38482666015625,447,83,W,S,TCG,1
GCF_051058955.1,Myxococcus virescens,gyrA_1_Myxococcus virescens_GCF_051058955.1,1,2829,-716.38482666015625,447,83,Y,S,TCG,0
GCF_051058955.1,Myxococcus virescens,gyrA_1_Myxococcus virescens_GCF_051058955.1,1,2829,-716.38482666015625,447,84,A,S,TCG,1
GCF_051058955.1,Myxococcus virescens,gyrA_1_Myxococcus virescens_GCF_051058955.1,1,2829,-716.38482666015625,447,84,P,S,TCG,1
GCF_051058955.1,Myxococcus virescens,gyrA_1_Myxococcus virescens_GCF_051058955.1,1,2829,-716.38482666015625,447,84,V,S,TCG,0
GCF_051058955.1,Myxococcus virescens,gyrA_1_Myxococcus virescens_GCF_051058955.1,1,2829,-716.38482666015625,447,86,N,Y,TAC,1
GCF_051058955.1,Myxococcus virescens,gyrA_1_Myxococcus virescens_GCF_051058955.1,1,2829,-716.38482666015625,447,86,Y,Y,TAC,1
GCF_051058955.1,Myxococcus virescens,gyrA_1_Myxococcus virescens_GCF_051058955.1,1,2829,-716.38482666015625,447,87,A,D,GAC,1
GCF_051058955.1,Myxococcus virescens,gyrA_1_Myxococcus virescens_GCF_051058955.1,1,2829,-716.38482666015625,447,87,G,D,GAC,1
GCF_051058955.1,Myxococcus virescens,gyrA_1_Myxococcus virescens_GCF_051058955.1,1,2829,-716.38482666015625,447,87,H,D,GAC,1
GCF_051058955.1,Myxococcus virescens,gyrA_1_Myxococcus virescens_GCF_051058955.1,1,2829,-716.38482666015625,447,87,K,D,GAC,0
GCF_051058955.1,Myxococcus virescens,gyrA_1_Myxococcus virescens_GCF_051058955.1,1,2829,-716.38482666015625,447,87,L,D,GAC,0
GCF_051058955.1,Myxococcus virescens,gyrA_1_Myxococcus virescens_GCF_051058955.1,1,2829,-716.38482666015625,447,87,N,D,GAC,1
GCF_051058955.1,Myxococcus virescens,gyrA_1_Myxococcus virescens_GCF_051058955.1,1,2829,-716.38482666015625,447,87,Q,D,GAC,0
GCF_051058955.1,Myxococcus virescens,gyrA_1_Myxococcus virescens_GCF_051058955.1,1,2829,-716.38482666015625,447,87,R,D,GAC,0
GCF_051058955.1,Myxococcus virescens,gyrA_1_Myxococcus virescens_GCF_051058955.1,1,2829,-716.38482666015625,447,87,T,D,GAC,0
GCF_051058955.1,Myxococcus virescens,gyrA_1_Myxococcus virescens_GCF_051058955.1,1,2829,-716.38482666015625,447,87,V,D,GAC,1
GCF_051058955.1,Myxococcus virescens,gyrA_1_Myxococcus virescens_GCF_051058955.1,1,2829,-716.38482666015625,447,87,Y,D,GAC,1
GCF_051058955.1,Myxococcus virescens,gyrA_1_Myxococcus virescens_GCF_051058955.1,1,2829,-716.38482666015625,447,101,S,L,CTG,0
GCF_051058955.1,Myxococcus virescens,gyrA_1_Myxococcus virescens_GCF_051058955.1,1,2829,-716.38482666015625,447,105,D,G,GGC,1
GCF_051058955.1,Myxococcus virescens,gyrA_1_Myxococcus virescens_GCF_051058955.1,1,2829,-716.38482666015625,447,106,H,Q,CAG,2
GCF_051058955.1,Myxococcus virescens,gyrA_1_Myxococcus virescens_GCF_051058955.1,1,2829,-716.38482666015625,447,106,L,Q,CAG,1
GCF_051058955.1,Myxococcus virescens,gyrA_1_Myxococcus virescens_GCF_051058955.1,1,2829,-716.38482666015625,447,106,R,Q,CAG,1
GCF_051058955.1,Myxococcus virescens,gyrA_1_Myxococcus virescens_GCF_051058955.1,1,2829,-716.38482666015625,447,119,S,A,GCC,1
GCF_051058955.1,Myxococcus virescens,gyrA_1_Myxococcus virescens_GCF_051058955.1,1,2829,-716.38482666015625,447,119,T,A,GCC,1
GCF_051058955.1,Myxococcus virescens,gyrA_1_Myxococcus virescens_GCF_051058955.1,1,2829,-716.38482666015625,447,165,A,N,AAC,0
GCF_051058955.1,Myxococcus virescens,gyrA_1_Myxococcus virescens_GCF_051058955.1,1,2829,-716.38482666015625,447,196,E,H,CAC,0
GCF_051058955.1,Myxococcus virescens,gyrA_1_Myxococcus virescens_GCF_051058955.1,1,2829,-716.38482666015625,447,386,D,A,GCG,0
GCF_050994935.1,Fusobacterium necrophorum,gyrA_1_Fusobacterium necrophorum_GCF_050994935.1,1,2433,-1027.8673095703125,456,51,V,A,GCT,1
GCF_050994935.1,Fusobacterium necrophorum,gyrA_1_Fusobacterium necrophorum_GCF_050994935.1,1,2433,-1027.8673095703125,456,57,K,M,ATG,1
GCF_050994935.1,Fusobacterium necrophorum,gyrA_1_Fusobacterium necrophorum_GCF_050994935.1,1,2433,-1027.8673095703125,456,67,S,A,GCA,1
GCF_050994935.1,Fusobacterium necrophorum,gyrA_1_Fusobacterium necrophorum_GCF_050994935.1,1,2433,-1027.8673095703125,456,67,T,A,GCA,1
GCF_050994935.1,Fusobacterium necrophorum,gyrA_1_Fusobacterium necrophorum_GCF_050994935.1,1,2433,-1027.8673095703125,456,72,G,E,GAA,1
GCF_050994935.1,Fusobacterium necrophorum,gyrA_1_Fusobacterium necrophorum_GCF_050994935.1,1,2433,-1027.8673095703125,456,72,V,E,GAA,1
GCF_050994935.1,Fusobacterium necrophorum,gyrA_1_Fusobacterium necrophorum_GCF_050994935.1,1,2433,-1027.8673095703125,456,77,S,Y,TAT,1
GCF_050994935.1,Fusobacterium necrophorum,gyrA_1_Fusobacterium necrophorum_GCF_050994935.1,1,2433,-1027.8673095703125,456,80,P,H,CAC,1
GCF_050994935.1,Fusobacterium necrophorum,gyrA_1_Fusobacterium necrophorum_GCF_050994935.1,1,2433,-1027.8673095703125,456,80,R,H,CAC,1
GCF_050994935.1,Fusobacterium necrophorum,gyrA_1_Fusobacterium necrophorum_GCF_050994935.1,1,2433,-1027.8673095703125,456,81,C,G,GGA,0
GCF_050994935.1,Fusobacterium necrophorum,gyrA_1_Fusobacterium necrophorum_GCF_050994935.1,1,2433,-1027.8673095703125,456,81,D,G,GGA,0
GCF_050994935.1,Fusobacterium necrophorum,gyrA_1_Fusobacterium necrophorum_GCF_050994935.1,1,2433,-1027.8673095703125,456,82,G,D,GAT,1
GCF_050994935.1,Fusobacterium necrophorum,gyrA_1_Fusobacterium necrophorum_GCF_050994935.1,1,2433,-1027.8673095703125,456,82,N,D,GAT,1
GCF_050994935.1,Fusobacterium necrophorum,gyrA_1_Fusobacterium necrophorum_GCF_050994935.1,1,2433,-1027.8673095703125,456,82,Y,D,GAT,1
GCF_050994935.1,Fusobacterium necrophorum,gyrA_1_Fusobacterium necrophorum_GCF_050994935.1,1,2433,-1027.8673095703125,456,83,A,T,ACT,1
GCF_050994935.1,Fusobacterium necrophorum,gyrA_1_Fusobacterium necrophorum_GCF_050994935.1,1,2433,-1027.8673095703125,456,83,F,T,ACT,0
GCF_050994935.1,Fusobacterium necrophorum,gyrA_1_Fusobacterium necrophorum_GCF_050994935.1,1,2433,-1027.8673095703125,456,83,I,T,ACT,1
GCF_050994935.1,Fusobacterium necrophorum,gyrA_1_Fusobacterium necrophorum_GCF_050994935.1,1,2433,-1027.8673095703125,456,83,K,T,ACT,0
GCF_050994935.1,Fusobacterium necrophorum,gyrA_1_Fusobacterium necrophorum_GCF_050994935.1,1,2433,-1027.8673095703125,456,83,L,T,ACT,0
GCF_050994935.1,Fusobacterium necrophorum,gyrA_1_Fusobacterium necrophorum_GCF_050994935.1,1,2433,-1027.8673095703125,456,83,M,T,ACT,0
GCF_050994935.1,Fusobacterium necrophorum,gyrA_1_Fusobacterium necrophorum_GCF_050994935.1,1,2433,-1027.8673095703125,456,83,R,T,ACT,0
GCF_050994935.1,Fusobacterium necrophorum,gyrA_1_Fusobacterium necrophorum_GCF_050994935.1,1,2433,-1027.8673095703125,456,83,S,T,ACT,2
GCF_050994935.1,Fusobacterium necrophorum,gyrA_1_Fusobacterium necrophorum_GCF_050994935.1,1,2433,-1027.8673095703125,456,83,V,T,ACT,0
GCF_050994935.1,Fusobacterium necrophorum,gyrA_1_Fusobacterium necrophorum_GCF_050994935.1,1,2433,-1027.8673095703125,456,83,W,T,ACT,0
GCF_050994935.1,Fusobacterium necrophorum,gyrA_1_Fusobacterium necrophorum_GCF_050994935.1,1,2433,-1027.8673095703125,456,83,Y,T,ACT,0
GCF_050994935.1,Fusobacterium necrophorum,gyrA_1_Fusobacterium necrophorum_GCF_050994935.1,1,2433,-1027.8673095703125,456,84,A,A,GCC,3
GCF_050994935.1,Fusobacterium necrophorum,gyrA_1_Fusobacterium necrophorum_GCF_050994935.1,1,2433,-1027.8673095703125,456,84,P,A,GCC,1
GCF_050994935.1,Fusobacterium necrophorum,gyrA_1_Fusobacterium necrophorum_GCF_050994935.1,1,2433,-1027.8673095703125,456,84,V,A,GCC,1
GCF_050994935.1,Fusobacterium necrophorum,gyrA_1_Fusobacterium necrophorum_GCF_050994935.1,1,2433,-1027.8673095703125,456,86,N,Y,TAT,1
GCF_050994935.1,Fusobacterium necrophorum,gyrA_1_Fusobacterium necrophorum_GCF_050994935.1,1,2433,-1027.8673095703125,456,86,Y,Y,TAT,1
GCF_050994935.1,Fusobacterium necrophorum,gyrA_1_Fusobacterium necrophorum_GCF_050994935.1,1,2433,-1027.8673095703125,456,87,A,N,AAT,0
GCF_050994935.1,Fusobacterium necrophorum,gyrA_1_Fusobacterium necrophorum_GCF_050994935.1,1,2433,-1027.8673095703125,456,87,G,N,AAT,0
GCF_050994935.1,Fusobacterium necrophorum,gyrA_1_Fusobacterium necrophorum_GCF_050994935.1,1,2433,-1027.8673095703125,456,87,H,N,AAT,1
GCF_050994935.1,Fusobacterium necrophorum,gyrA_1_Fusobacterium necrophorum_GCF_050994935.1,1,2433,-1027.8673095703125,456,87,K,N,AAT,2
GCF_050994935.1,Fusobacterium necrophorum,gyrA_1_Fusobacterium necrophorum_GCF_050994935.1,1,2433,-1027.8673095703125,456,87,L,N,AAT,0
GCF_050994935.1,Fusobacterium necrophorum,gyrA_1_Fusobacterium necrophorum_GCF_050994935.1,1,2433,-1027.8673095703125,456,87,N,N,AAT,1
GCF_050994935.1,Fusobacterium necrophorum,gyrA_1_Fusobacterium necrophorum_GCF_050994935.1,1,2433,-1027.8673095703125,456,87,Q,N,AAT,0
GCF_050994935.1,Fusobacterium necrophorum,gyrA_1_Fusobacterium necrophorum_GCF_050994935.1,1,2433,-1027.8673095703125,456,87,R,N,AAT,0
GCF_050994935.1,Fusobacterium necrophorum,gyrA_1_Fusobacterium necrophorum_GCF_050994935.1,1,2433,-1027.8673095703125,456,87,T,N,AAT,1
GCF_050994935.1,Fusobacterium necrophorum,gyrA_1_Fusobacterium necrophorum_GCF_050994935.1,1,2433,-1027.8673095703125,456,87,V,N,AAT,0
GCF_050994935.1,Fusobacterium necrophorum,gyrA_1_Fusobacterium necrophorum_GCF_050994935.1,1,2433,-1027.8673095703125,456,87,Y,N,AAT,1
GCF_050994935.1,Fusobacterium necrophorum,gyrA_1_Fusobacterium necrophorum_GCF_050994935.1,1,2433,-1027.8673095703125,456,101,S,M,ATG,0
GCF_050994935.1,Fusobacterium necrophorum,gyrA_1_Fusobacterium necrophorum_GCF_050994935.1,1,2433,-1027.8673095703125,456,105,D,G,GGA,0
GCF_050994935.1,Fusobacterium necrophorum,gyrA_1_Fusobacterium necrophorum_GCF_050994935.1,1,2433,-1027.8673095703125,456,106,H,H,CAT,1
GCF_050994935.1,Fusobacterium necrophorum,gyrA_1_Fusobacterium necrophorum_GCF_050994935.1,1,2433,-1027.8673095703125,456,106,L,H,CAT,1
GCF_050994935.1,Fusobacterium necrophorum,gyrA_1_Fusobacterium necrophorum_GCF_050994935.1,1,2433,-1027.8673095703125,456,106,R,H,CAT,1
GCF_050994935.1,Fusobacterium necrophorum,gyrA_1_Fusobacterium necrophorum_GCF_050994935.1,1,2433,-1027.8673095703125,456,119,S,A,GCG,1
GCF_050994935.1,Fusobacterium necrophorum,gyrA_1_Fusobacterium necrophorum_GCF_050994935.1,1,2433,-1027.8673095703125,456,119,T,A,GCG,1
GCF_050994935.1,Fusobacterium necrophorum,gyrA_1_Fusobacterium necrophorum_GCF_050994935.1,1,2433,-1027.8673095703125,456,165,A,H,CAT,0
GCF_050994935.1,Fusobacterium necrophorum,gyrA_1_Fusobacterium necrophorum_GCF_050994935.1,1,2433,-1027.8673095703125,456,196,E,Q,CAG,1
GCF_050994935.1,Fusobacterium necrophorum,gyrA_1_Fusobacterium necrophorum_GCF_050994935.1,1,2433,-1027.8673095703125,456,386,D,A,GCT,1
GCF_050948485.1,Pseudonocardia halophobica,gyrA_1_Pseudonocardia halophobica_GCF_050948485.1,1,2523,-1245.14111328125,480,51,V,S,TCG,0
GCF_050948485.1,Pseudonocardia halophobica,gyrA_1_Pseudonocardia halophobica_GCF_050948485.1,1,2523,-1245.14111328125,480,57,K,F,TTC,0
GCF_050948485.1,Pseudonocardia halophobica,gyrA_1_Pseudonocardia halophobica_GCF_050948485.1,1,2523,-1245.14111328125,480,67,S,A,GCC,1
GCF_050948485.1,Pseudonocardia halophobica,gyrA_1_Pseudonocardia halophobica_GCF_050948485.1,1,2523,-1245.14111328125,480,67,T,A,GCC,1
GCF_050948485.1,Pseudonocardia halophobica,gyrA_1_Pseudonocardia halophobica_GCF_050948485.1,1,2523,-1245.14111328125,480,72,G,E,GAG,1
GCF_050948485.1,Pseudonocardia halophobica,gyrA_1_Pseudonocardia halophobica_GCF_050948485.1,1,2523,-1245.14111328125,480,72,V,E,GAG,1
GCF_050948485.1,Pseudonocardia halophobica,gyrA_1_Pseudonocardia halophobica_GCF_050948485.1,1,2523,-1245.14111328125,480,77,S,Y,TAC,1
GCF_050948485.1,Pseudonocardia halophobica,gyrA_1_Pseudonocardia halophobica_GCF_050948485.1,1,2523,-1245.14111328125,480,80,P,H,CAC,1
GCF_050948485.1,Pseudonocardia halophobica,gyrA_1_Pseudonocardia halophobica_GCF_050948485.1,1,2523,-1245.14111328125,480,80,R,H,CAC,1
GCF_050948485.1,Pseudonocardia halophobica,gyrA_1_Pseudonocardia halophobica_GCF_050948485.1,1,2523,-1245.14111328125,480,81,C,G,GGC,1
GCF_050948485.1,Pseudonocardia halophobica,gyrA_1_Pseudonocardia halophobica_GCF_050948485.1,1,2523,-1245.14111328125,480,81,D,G,GGC,1
GCF_050948485.1,Pseudonocardia halophobica,gyrA_1_Pseudonocardia halophobica_GCF_050948485.1,1,2523,-1245.14111328125,480,82,G,D,GAC,1
GCF_050948485.1,Pseudonocardia halophobica,gyrA_1_Pseudonocardia halophobica_GCF_050948485.1,1,2523,-1245.14111328125,480,82,N,D,GAC,1
GCF_050948485.1,Pseudonocardia halophobica,gyrA_1_Pseudonocardia halophobica_GCF_050948485.1,1,2523,-1245.14111328125,480,82,Y,D,GAC,1
GCF_050948485.1,Pseudonocardia halophobica,gyrA_1_Pseudonocardia halophobica_GCF_050948485.1,1,2523,-1245.14111328125,480,83,A,S,TCG,1
GCF_050948485.1,Pseudonocardia halophobica,gyrA_1_Pseudonocardia halophobica_GCF_050948485.1,1,2523,-1245.14111328125,480,83,F,S,TCG,0
GCF_050948485.1,Pseudonocardia halophobica,gyrA_1_Pseudonocardia halophobica_GCF_050948485.1,1,2523,-1245.14111328125,480,83,I,S,TCG,0
GCF_050948485.1,Pseudonocardia halophobica,gyrA_1_Pseudonocardia halophobica_GCF_050948485.1,1,2523,-1245.14111328125,480,83,K,S,TCG,0
GCF_050948485.1,Pseudonocardia halophobica,gyrA_1_Pseudonocardia halophobica_GCF_050948485.1,1,2523,-1245.14111328125,480,83,L,S,TCG,1
GCF_050948485.1,Pseudonocardia halophobica,gyrA_1_Pseudonocardia halophobica_GCF_050948485.1,1,2523,-1245.14111328125,480,83,M,S,TCG,0
GCF_050948485.1,Pseudonocardia halophobica,gyrA_1_Pseudonocardia halophobica_GCF_050948485.1,1,2523,-1245.14111328125,480,83,R,S,TCG,0
GCF_050948485.1,Pseudonocardia halophobica,gyrA_1_Pseudonocardia halophobica_GCF_050948485.1,1,2523,-1245.14111328125,480,83,S,S,TCG,3
GCF_050948485.1,Pseudonocardia halophobica,gyrA_1_Pseudonocardia halophobica_GCF_050948485.1,1,2523,-1245.14111328125,480,83,V,S,TCG,0
GCF_050948485.1,Pseudonocardia halophobica,gyrA_1_Pseudonocardia halophobica_GCF_050948485.1,1,2523,-1245.14111328125,480,83,W,S,TCG,1
GCF_050948485.1,Pseudonocardia halophobica,gyrA_1_Pseudonocardia halophobica_GCF_050948485.1,1,2523,-1245.14111328125,480,83,Y,S,TCG,0
GCF_050948485.1,Pseudonocardia halophobica,gyrA_1_Pseudonocardia halophobica_GCF_050948485.1,1,2523,-1245.14111328125,480,84,A,A,GCG,3
GCF_050948485.1,Pseudonocardia halophobica,gyrA_1_Pseudonocardia halophobica_GCF_050948485.1,1,2523,-1245.14111328125,480,84,P,A,GCG,1
GCF_050948485.1,Pseudonocardia halophobica,gyrA_1_Pseudonocardia halophobica_GCF_050948485.1,1,2523,-1245.14111328125,480,84,V,A,GCG,1
GCF_050948485.1,Pseudonocardia halophobica,gyrA_1_Pseudonocardia halophobica_GCF_050948485.1,1,2523,-1245.14111328125,480,86,N,Y,TAC,1
GCF_050948485.1,Pseudonocardia halophobica,gyrA_1_Pseudonocardia halophobica_GCF_050948485.1,1,2523,-1245.14111328125,480,86,Y,Y,TAC,1
GCF_050948485.1,Pseudonocardia halophobica,gyrA_1_Pseudonocardia halophobica_GCF_050948485.1,1,2523,-1245.14111328125,480,87,A,D,GAC,1
GCF_050948485.1,Pseudonocardia halophobica,gyrA_1_Pseudonocardia halophobica_GCF_050948485.1,1,2523,-1245.14111328125,480,87,G,D,GAC,1
GCF_050948485.1,Pseudonocardia halophobica,gyrA_1_Pseudonocardia halophobica_GCF_050948485.1,1,2523,-1245.14111328125,480,87,H,D,GAC,1
GCF_050948485.1,Pseudonocardia halophobica,gyrA_1_Pseudonocardia halophobica_GCF_050948485.1,1,2523,-1245.14111328125,480,87,K,D,GAC,0
GCF_050948485.1,Pseudonocardia halophobica,gyrA_1_Pseudonocardia halophobica_GCF_050948485.1,1,2523,-1245.14111328125,480,87,L,D,GAC,0
GCF_050948485.1,Pseudonocardia halophobica,gyrA_1_Pseudonocardia halophobica_GCF_050948485.1,1,2523,-1245.14111328125,480,87,N,D,GAC,1
GCF_050948485.1,Pseudonocardia halophobica,gyrA_1_Pseudonocardia halophobica_GCF_050948485.1,1,2523,-1245.14111328125,480,87,Q,D,GAC,0
GCF_050948485.1,Pseudonocardia halophobica,gyrA_1_Pseudonocardia halophobica_GCF_050948485.1,1,2523,-1245.14111328125,480,87,R,D,GAC,0
GCF_050948485.1,Pseudonocardia halophobica,gyrA_1_Pseudonocardia halophobica_GCF_050948485.1,1,2523,-1245.14111328125,480,87,T,D,GAC,0
GCF_050948485.1,Pseudonocardia halophobica,gyrA_1_Pseudonocardia halophobica_GCF_050948485.1,1,2523,-1245.14111328125,480,87,V,D,GAC,1
GCF_050948485.1,Pseudonocardia halophobica,gyrA_1_Pseudonocardia halophobica_GCF_050948485.1,1,2523,-1245.14111328125,480,87,Y,D,GAC,1
GCF_050948485.1,Pseudonocardia halophobica,gyrA_1_Pseudonocardia halophobica_GCF_050948485.1,1,2523,-1245.14111328125,480,101,S,P,CCG,1
GCF_050948485.1,Pseudonocardia halophobica,gyrA_1_Pseudonocardia halophobica_GCF_050948485.1,1,2523,-1245.14111328125,480,105,D,G,GGG,0
GCF_050948485.1,Pseudonocardia halophobica,gyrA_1_Pseudonocardia halophobica_GCF_050948485.1,1,2523,-1245.14111328125,480,106,H,Q,CAG,2
GCF_050948485.1,Pseudonocardia halophobica,gyrA_1_Pseudonocardia halophobica_GCF_050948485.1,1,2523,-1245.14111328125,480,106,L,Q,CAG,1
GCF_050948485.1,Pseudonocardia halophobica,gyrA_1_Pseudonocardia halophobica_GCF_050948485.1,1,2523,-1245.14111328125,480,106,R,Q,CAG,1
GCF_050948485.1,Pseudonocardia halophobica,gyrA_1_Pseudonocardia halophobica_GCF_050948485.1,1,2523,-1245.14111328125,480,119,S,A,GCC,1
GCF_050948485.1,Pseudonocardia halophobica,gyrA_1_Pseudonocardia halophobica_GCF_050948485.1,1,2523,-1245.14111328125,480,119,T,A,GCC,1
GCF_050948485.1,Pseudonocardia halophobica,gyrA_1_Pseudonocardia halophobica_GCF_050948485.1,1,2523,-1245.14111328125,480,165,A,N,AAC,0
GCF_050948485.1,Pseudonocardia halophobica,gyrA_1_Pseudonocardia halophobica_GCF_050948485.1,1,2523,-1245.14111328125,480,196,E,W,TGG,0
GCF_050948485.1,Pseudonocardia halophobica,gyrA_1_Pseudonocardia halophobica_GCF_050948485.1,1,2523,-1245.14111328125,480,386,D,A,GCG,0
GCF_050942245.1,Saccharomonospora azurea,gyrA_1_Saccharomonospora azurea_GCF_050942245.1,1,2565,-1283.351806640625,483,51,V,S,TCG,0
GCF_050942245.1,Saccharomonospora azurea,gyrA_1_Saccharomonospora azurea_GCF_050942245.1,1,2565,-1283.351806640625,483,57,K,F,TTC,0
GCF_050942245.1,Saccharomonospora azurea,gyrA_1_Saccharomonospora azurea_GCF_050942245.1,1,2565,-1283.351806640625,483,67,S,S,TCC,3
GCF_050942245.1,Saccharomonospora azurea,gyrA_1_Saccharomonospora azurea_GCF_050942245.1,1,2565,-1283.351806640625,483,67,T,S,TCC,1
GCF_050942245.1,Saccharomonospora azurea,gyrA_1_Saccharomonospora azurea_GCF_050942245.1,1,2565,-1283.351806640625,483,72,G,D,GAC,1
GCF_050942245.1,Saccharomonospora azurea,gyrA_1_Saccharomonospora azurea_GCF_050942245.1,1,2565,-1283.351806640625,483,72,V,D,GAC,1
GCF_050942245.1,Saccharomonospora azurea,gyrA_1_Saccharomonospora azurea_GCF_050942245.1,1,2565,-1283.351806640625,483,77,S,Y,TAT,1
GCF_050942245.1,Saccharomonospora azurea,gyrA_1_Saccharomonospora azurea_GCF_050942245.1,1,2565,-1283.351806640625,483,80,P,H,CAC,1
GCF_050942245.1,Saccharomonospora azurea,gyrA_1_Saccharomonospora azurea_GCF_050942245.1,1,2565,-1283.351806640625,483,80,R,H,CAC,1
GCF_050942245.1,Saccharomonospora azurea,gyrA_1_Saccharomonospora azurea_GCF_050942245.1,1,2565,-1283.351806640625,483,81,C,G,GGT,1
GCF_050942245.1,Saccharomonospora azurea,gyrA_1_Saccharomonospora azurea_GCF_050942245.1,1,2565,-1283.351806640625,483,81,D,G,GGT,1
GCF_050942245.1,Saccharomonospora azurea,gyrA_1_Saccharomonospora azurea_GCF_050942245.1,1,2565,-1283.351806640625,483,82,G,D,GAC,1
GCF_050942245.1,Saccharomonospora azurea,gyrA_1_Saccharomonospora azurea_GCF_050942245.1,1,2565,-1283.351806640625,483,82,N,D,GAC,1
GCF_050942245.1,Saccharomonospora azurea,gyrA_1_Saccharomonospora azurea_GCF_050942245.1,1,2565,-1283.351806640625,483,82,Y,D,GAC,1
GCF_050942245.1,Saccharomonospora azurea,gyrA_1_Saccharomonospora azurea_GCF_050942245.1,1,2565,-1283.351806640625,483,83,A,S,TCG,1
GCF_050942245.1,Saccharomonospora azurea,gyrA_1_Saccharomonospora azurea_GCF_050942245.1,1,2565,-1283.351806640625,483,83,F,S,TCG,0
GCF_050942245.1,Saccharomonospora azurea,gyrA_1_Saccharomonospora azurea_GCF_050942245.1,1,2565,-1283.351806640625,483,83,I,S,TCG,0
GCF_050942245.1,Saccharomonospora azurea,gyrA_1_Saccharomonospora azurea_GCF_050942245.1,1,2565,-1283.351806640625,483,83,K,S,TCG,0
GCF_050942245.1,Saccharomonospora azurea,gyrA_1_Saccharomonospora azurea_GCF_050942245.1,1,2565,-1283.351806640625,483,83,L,S,TCG,1
GCF_050942245.1,Saccharomonospora azurea,gyrA_1_Saccharomonospora azurea_GCF_050942245.1,1,2565,-1283.351806640625,483,83,M,S,TCG,0
GCF_050942245.1,Saccharomonospora azurea,gyrA_1_Saccharomonospora azurea_GCF_050942245.1,1,2565,-1283.351806640625,483,83,R,S,TCG,0
GCF_050942245.1,Saccharomonospora azurea,gyrA_1_Saccharomonospora azurea_GCF_050942245.1,1,2565,-1283.351806640625,483,83,S,S,TCG,3
GCF_050942245.1,Saccharomonospora azurea,gyrA_1_Saccharomonospora azurea_GCF_050942245.1,1,2565,-1283.351806640625,483,83,V,S,TCG,0
GCF_050942245.1,Saccharomonospora azurea,gyrA_1_Saccharomonospora azurea_GCF_050942245.1,1,2565,-1283.351806640625,483,83,W,S,TCG,1
GCF_050942245.1,Saccharomonospora azurea,gyrA_1_Saccharomonospora azurea_GCF_050942245.1,1,2565,-1283.351806640625,483,83,Y,S,TCG,0
GCF_050942245.1,Saccharomonospora azurea,gyrA_1_Saccharomonospora azurea_GCF_050942245.1,1,2565,-1283.351806640625,483,84,A,A,GCG,3
GCF_050942245.1,Saccharomonospora azurea,gyrA_1_Saccharomonospora azurea_GCF_050942245.1,1,2565,-1283.351806640625,483,84,P,A,GCG,1
GCF_050942245.1,Saccharomonospora azurea,gyrA_1_Saccharomonospora azurea_GCF_050942245.1,1,2565,-1283.351806640625,483,84,V,A,GCG,1
GCF_050942245.1,Saccharomonospora azurea,gyrA_1_Saccharomonospora azurea_GCF_050942245.1,1,2565,-1283.351806640625,483,86,N,Y,TAC,1
GCF_050942245.1,Saccharomonospora azurea,gyrA_1_Saccharomonospora azurea_GCF_050942245.1,1,2565,-1283.351806640625,483,86,Y,Y,TAC,1
GCF_050942245.1,Saccharomonospora azurea,gyrA_1_Saccharomonospora azurea_GCF_050942245.1,1,2565,-1283.351806640625,483,87,A,D,GAC,1
GCF_050942245.1,Saccharomonospora azurea,gyrA_1_Saccharomonospora azurea_GCF_050942245.1,1,2565,-1283.351806640625,483,87,G,D,GAC,1
GCF_050942245.1,Saccharomonospora azurea,gyrA_1_Saccharomonospora azurea_GCF_050942245.1,1,2565,-1283.351806640625,483,87,H,D,GAC,1
GCF_050942245.1,Saccharomonospora azurea,gyrA_1_Saccharomonospora azurea_GCF_050942245.1,1,2565,-1283.351806640625,483,87,K,D,GAC,0
GCF_050942245.1,Saccharomonospora azurea,gyrA_1_Saccharomonospora azurea_GCF_050942245.1,1,2565,-1283.351806640625,483,87,L,D,GAC,0
GCF_050942245.1,Saccharomonospora azurea,gyrA_1_Saccharomonospora azurea_GCF_050942245.1,1,2565,-1283.351806640625,483,87,N,D,GAC,1
GCF_050942245.1,Saccharomonospora azurea,gyrA_1_Saccharomonospora azurea_GCF_050942245.1,1,2565,-1283.351806640625,483,87,Q,D,GAC,0
GCF_050942245.1,Saccharomonospora azurea,gyrA_1_Saccharomonospora azurea_GCF_050942245.1,1,2565,-1283.351806640625,483,87,R,D,GAC,0
GCF_050942245.1,Saccharomonospora azurea,gyrA_1_Saccharomonospora azurea_GCF_050942245.1,1,2565,-1283.351806640625,483,87,T,D,GAC,0
GCF_050942245.1,Saccharomonospora azurea,gyrA_1_Saccharomonospora azurea_GCF_050942245.1,1,2565,-1283.351806640625,483,87,V,D,GAC,1
GCF_050942245.1,Saccharomonospora azurea,gyrA_1_Saccharomonospora azurea_GCF_050942245.1,1,2565,-1283.351806640625,483,87,Y,D,GAC,1
GCF_050942245.1,Saccharomonospora azurea,gyrA_1_Saccharomonospora azurea_GCF_050942245.1,1,2565,-1283.351806640625,483,101,S,P,CCG,1
GCF_050942245.1,Saccharomonospora azurea,gyrA_1_Saccharomonospora azurea_GCF_050942245.1,1,2565,-1283.351806640625,483,105,D,G,GGC,1
GCF_050942245.1,Saccharomonospora azurea,gyrA_1_Saccharomonospora azurea_GCF_050942245.1,1,2565,-1283.351806640625,483,106,H,Q,CAG,2
GCF_050942245.1,Saccharomonospora azurea,gyrA_1_Saccharomonospora azurea_GCF_050942245.1,1,2565,-1283.351806640625,483,106,L,Q,CAG,1
GCF_050942245.1,Saccharomonospora azurea,gyrA_1_Saccharomonospora azurea_GCF_050942245.1,1,2565,-1283.351806640625,483,106,R,Q,CAG,1
GCF_050942245.1,Saccharomonospora azurea,gyrA_1_Saccharomonospora azurea_GCF_050942245.1,1,2565,-1283.351806640625,483,119,S,A,GCC,1
GCF_050942245.1,Saccharomonospora azurea,gyrA_1_Saccharomonospora azurea_GCF_050942245.1,1,2565,-1283.351806640625,483,119,T,A,GCC,1
GCF_050942245.1,Saccharomonospora azurea,gyrA_1_Saccharomonospora azurea_GCF_050942245.1,1,2565,-1283.351806640625,483,165,A,N,AAC,0
GCF_050942245.1,Saccharomonospora azurea,gyrA_1_Saccharomonospora azurea_GCF_050942245.1,1,2565,-1283.351806640625,483,196,E,W,TGG,0
GCF_050942245.1,Saccharomonospora azurea,gyrA_1_Saccharomonospora azurea_GCF_050942245.1,1,2565,-1283.351806640625,483,386,D,A,GCA,0
GCF_050917435.1,Methylobacter arcticus,gyrA_1_Methylobacter arcticus_GCF_050917435.1,1,2637,465.5750427246094,311,51,V,A,GCG,1
GCF_050917435.1,Methylobacter arcticus,gyrA_1_Methylobacter arcticus_GCF_050917435.1,1,2637,465.5750427246094,311,57,K,N,AAT,2
GCF_050917435.1,Methylobacter arcticus,gyrA_1_Methylobacter arcticus_GCF_050917435.1,1,2637,465.5750427246094,311,67,S,A,GCG,1
GCF_050917435.1,Methylobacter arcticus,gyrA_1_Methylobacter arcticus_GCF_050917435.1,1,2637,465.5750427246094,311,67,T,A,GCG,1
GCF_050917435.1,Methylobacter arcticus,gyrA_1_Methylobacter arcticus_GCF_050917435.1,1,2637,465.5750427246094,311,72,G,D,GAC,1
GCF_050917435.1,Methylobacter arcticus,gyrA_1_Methylobacter arcticus_GCF_050917435.1,1,2637,465.5750427246094,311,72,V,D,GAC,1
GCF_050917435.1,Methylobacter arcticus,gyrA_1_Methylobacter arcticus_GCF_050917435.1,1,2637,465.5750427246094,311,77,S,Y,TAC,1
GCF_050917435.1,Methylobacter arcticus,gyrA_1_Methylobacter arcticus_GCF_050917435.1,1,2637,465.5750427246094,311,80,P,H,CAT,1
GCF_050917435.1,Methylobacter arcticus,gyrA_1_Methylobacter arcticus_GCF_050917435.1,1,2637,465.5750427246094,311,80,R,H,CAT,1
GCF_050917435.1,Methylobacter arcticus,gyrA_1_Methylobacter arcticus_GCF_050917435.1,1,2637,465.5750427246094,311,81,C,G,GGC,1
GCF_050917435.1,Methylobacter arcticus,gyrA_1_Methylobacter arcticus_GCF_050917435.1,1,2637,465.5750427246094,311,81,D,G,GGC,1
GCF_050917435.1,Methylobacter arcticus,gyrA_1_Methylobacter arcticus_GCF_050917435.1,1,2637,465.5750427246094,311,82,G,D,GAT,1
GCF_050917435.1,Methylobacter arcticus,gyrA_1_Methylobacter arcticus_GCF_050917435.1,1,2637,465.5750427246094,311,82,N,D,GAT,1
GCF_050917435.1,Methylobacter arcticus,gyrA_1_Methylobacter arcticus_GCF_050917435.1,1,2637,465.5750427246094,311,82,Y,D,GAT,1
GCF_050917435.1,Methylobacter arcticus,gyrA_1_Methylobacter arcticus_GCF_050917435.1,1,2637,465.5750427246094,311,83,A,T,ACC,1
GCF_050917435.1,Methylobacter arcticus,gyrA_1_Methylobacter arcticus_GCF_050917435.1,1,2637,465.5750427246094,311,83,F,T,ACC,0
GCF_050917435.1,Methylobacter arcticus,gyrA_1_Methylobacter arcticus_GCF_050917435.1,1,2637,465.5750427246094,311,83,I,T,ACC,1
GCF_050917435.1,Methylobacter arcticus,gyrA_1_Methylobacter arcticus_GCF_050917435.1,1,2637,465.5750427246094,311,83,K,T,ACC,0
GCF_050917435.1,Methylobacter arcticus,gyrA_1_Methylobacter arcticus_GCF_050917435.1,1,2637,465.5750427246094,311,83,L,T,ACC,0
GCF_050917435.1,Methylobacter arcticus,gyrA_1_Methylobacter arcticus_GCF_050917435.1,1,2637,465.5750427246094,311,83,M,T,ACC,0
GCF_050917435.1,Methylobacter arcticus,gyrA_1_Methylobacter arcticus_GCF_050917435.1,1,2637,465.5750427246094,311,83,R,T,ACC,0
GCF_050917435.1,Methylobacter arcticus,gyrA_1_Methylobacter arcticus_GCF_050917435.1,1,2637,465.5750427246094,311,83,S,T,ACC,2
GCF_050917435.1,Methylobacter arcticus,gyrA_1_Methylobacter arcticus_GCF_050917435.1,1,2637,465.5750427246094,311,83,V,T,ACC,0
GCF_050917435.1,Methylobacter arcticus,gyrA_1_Methylobacter arcticus_GCF_050917435.1,1,2637,465.5750427246094,311,83,W,T,ACC,0
GCF_050917435.1,Methylobacter arcticus,gyrA_1_Methylobacter arcticus_GCF_050917435.1,1,2637,465.5750427246094,311,83,Y,T,ACC,0
GCF_050917435.1,Methylobacter arcticus,gyrA_1_Methylobacter arcticus_GCF_050917435.1,1,2637,465.5750427246094,311,84,A,A,GCG,3
GCF_050917435.1,Methylobacter arcticus,gyrA_1_Methylobacter arcticus_GCF_050917435.1,1,2637,465.5750427246094,311,84,P,A,GCG,1
GCF_050917435.1,Methylobacter arcticus,gyrA_1_Methylobacter arcticus_GCF_050917435.1,1,2637,465.5750427246094,311,84,V,A,GCG,1
GCF_050917435.1,Methylobacter arcticus,gyrA_1_Methylobacter arcticus_GCF_050917435.1,1,2637,465.5750427246094,311,86,N,Y,TAC,1
GCF_050917435.1,Methylobacter arcticus,gyrA_1_Methylobacter arcticus_GCF_050917435.1,1,2637,465.5750427246094,311,86,Y,Y,TAC,1
GCF_050917435.1,Methylobacter arcticus,gyrA_1_Methylobacter arcticus_GCF_050917435.1,1,2637,465.5750427246094,311,87,A,D,GAC,1
GCF_050917435.1,Methylobacter arcticus,gyrA_1_Methylobacter arcticus_GCF_050917435.1,1,2637,465.5750427246094,311,87,G,D,GAC,1
GCF_050917435.1,Methylobacter arcticus,gyrA_1_Methylobacter arcticus_GCF_050917435.1,1,2637,465.5750427246094,311,87,H,D,GAC,1
GCF_050917435.1,Methylobacter arcticus,gyrA_1_Methylobacter arcticus_GCF_050917435.1,1,2637,465.5750427246094,311,87,K,D,GAC,0
GCF_050917435.1,Methylobacter arcticus,gyrA_1_Methylobacter arcticus_GCF_050917435.1,1,2637,465.5750427246094,311,87,L,D,GAC,0
GCF_050917435.1,Methylobacter arcticus,gyrA_1_Methylobacter arcticus_GCF_050917435.1,1,2637,465.5750427246094,311,87,N,D,GAC,1
GCF_050917435.1,Methylobacter arcticus,gyrA_1_Methylobacter arcticus_GCF_050917435.1,1,2637,465.5750427246094,311,87,Q,D,GAC,0
GCF_050917435.1,Methylobacter arcticus,gyrA_1_Methylobacter arcticus_GCF_050917435.1,1,2637,465.5750427246094,311,87,R,D,GAC,0
GCF_050917435.1,Methylobacter arcticus,gyrA_1_Methylobacter arcticus_GCF_050917435.1,1,2637,465.5750427246094,311,87,T,D,GAC,0
GCF_050917435.1,Methylobacter arcticus,gyrA_1_Methylobacter arcticus_GCF_050917435.1,1,2637,465.5750427246094,311,87,V,D,GAC,1
GCF_050917435.1,Methylobacter arcticus,gyrA_1_Methylobacter arcticus_GCF_050917435.1,1,2637,465.5750427246094,311,87,Y,D,GAC,1
GCF_050917435.1,Methylobacter arcticus,gyrA_1_Methylobacter arcticus_GCF_050917435.1,1,2637,465.5750427246094,311,101,S,M,ATG,0
GCF_050917435.1,Methylobacter arcticus,gyrA_1_Methylobacter arcticus_GCF_050917435.1,1,2637,465.5750427246094,311,105,D,G,GGA,0
GCF_050917435.1,Methylobacter arcticus,gyrA_1_Methylobacter arcticus_GCF_050917435.1,1,2637,465.5750427246094,311,106,H,Q,CAG,2
GCF_050917435.1,Methylobacter arcticus,gyrA_1_Methylobacter arcticus_GCF_050917435.1,1,2637,465.5750427246094,311,106,L,Q,CAG,1
GCF_050917435.1,Methylobacter arcticus,gyrA_1_Methylobacter arcticus_GCF_050917435.1,1,2637,465.5750427246094,311,106,R,Q,CAG,1
GCF_050917435.1,Methylobacter arcticus,gyrA_1_Methylobacter arcticus_GCF_050917435.1,1,2637,465.5750427246094,311,119,S,A,GCG,1
GCF_050917435.1,Methylobacter arcticus,gyrA_1_Methylobacter arcticus_GCF_050917435.1,1,2637,465.5750427246094,311,119,T,A,GCG,1
GCF_050917435.1,Methylobacter arcticus,gyrA_1_Methylobacter arcticus_GCF_050917435.1,1,2637,465.5750427246094,311,165,A,T,ACC,1
GCF_050917435.1,Methylobacter arcticus,gyrA_1_Methylobacter arcticus_GCF_050917435.1,1,2637,465.5750427246094,311,196,E,A,GCG,1
GCF_050917435.1,Methylobacter arcticus,gyrA_1_Methylobacter arcticus_GCF_050917435.1,1,2637,465.5750427246094,311,386,D,A,GCG,0
GCF_050870795.1,Vibrio sinus,gyrA_1_Vibrio sinus_GCF_050870795.1,1,2568,1475.811279296875,217,51,V,A,GCG,1
GCF_050870795.1,Vibrio sinus,gyrA_1_Vibrio sinus_GCF_050870795.1,1,2568,1475.811279296875,217,57,K,N,AAT,2
GCF_050870795.1,Vibrio sinus,gyrA_1_Vibrio sinus_GCF_050870795.1,1,2568,1475.811279296875,217,67,S,A,GCA,1
GCF_050870795.1,Vibrio sinus,gyrA_1_Vibrio sinus_GCF_050870795.1,1,2568,1475.811279296875,217,67,T,A,GCA,1
GCF_050870795.1,Vibrio sinus,gyrA_1_Vibrio sinus_GCF_050870795.1,1,2568,1475.811279296875,217,72,G,D,GAC,1
GCF_050870795.1,Vibrio sinus,gyrA_1_Vibrio sinus_GCF_050870795.1,1,2568,1475.811279296875,217,72,V,D,GAC,1
GCF_050870795.1,Vibrio sinus,gyrA_1_Vibrio sinus_GCF_050870795.1,1,2568,1475.811279296875,217,77,S,Y,TAT,1
GCF_050870795.1,Vibrio sinus,gyrA_1_Vibrio sinus_GCF_050870795.1,1,2568,1475.811279296875,217,80,P,H,CAT,1
GCF_050870795.1,Vibrio sinus,gyrA_1_Vibrio sinus_GCF_050870795.1,1,2568,1475.811279296875,217,80,R,H,CAT,1
GCF_050870795.1,Vibrio sinus,gyrA_1_Vibrio sinus_GCF_050870795.1,1,2568,1475.811279296875,217,81,C,G,GGT,1
GCF_050870795.1,Vibrio sinus,gyrA_1_Vibrio sinus_GCF_050870795.1,1,2568,1475.811279296875,217,81,D,G,GGT,1
GCF_050870795.1,Vibrio sinus,gyrA_1_Vibrio sinus_GCF_050870795.1,1,2568,1475.811279296875,217,82,G,D,GAT,1
GCF_050870795.1,Vibrio sinus,gyrA_1_Vibrio sinus_GCF_050870795.1,1,2568,1475.811279296875,217,82,N,D,GAT,1
GCF_050870795.1,Vibrio sinus,gyrA_1_Vibrio sinus_GCF_050870795.1,1,2568,1475.811279296875,217,82,Y,D,GAT,1
GCF_050870795.1,Vibrio sinus,gyrA_1_Vibrio sinus_GCF_050870795.1,1,2568,1475.811279296875,217,83,A,S,AGT,0
GCF_050870795.1,Vibrio sinus,gyrA_1_Vibrio sinus_GCF_050870795.1,1,2568,1475.811279296875,217,83,F,S,AGT,0
GCF_050870795.1,Vibrio sinus,gyrA_1_Vibrio sinus_GCF_050870795.1,1,2568,1475.811279296875,217,83,I,S,AGT,1
GCF_050870795.1,Vibrio sinus,gyrA_1_Vibrio sinus_GCF_050870795.1,1,2568,1475.811279296875,217,83,K,S,AGT,0
GCF_050870795.1,Vibrio sinus,gyrA_1_Vibrio sinus_GCF_050870795.1,1,2568,1475.811279296875,217,83,L,S,AGT,0
GCF_050870795.1,Vibrio sinus,gyrA_1_Vibrio sinus_GCF_050870795.1,1,2568,1475.811279296875,217,83,M,S,AGT,0
GCF_050870795.1,Vibrio sinus,gyrA_1_Vibrio sinus_GCF_050870795.1,1,2568,1475.811279296875,217,83,R,S,AGT,3
GCF_050870795.1,Vibrio sinus,gyrA_1_Vibrio sinus_GCF_050870795.1,1,2568,1475.811279296875,217,83,S,S,AGT,1
GCF_050870795.1,Vibrio sinus,gyrA_1_Vibrio sinus_GCF_050870795.1,1,2568,1475.811279296875,217,83,V,S,AGT,0
GCF_050870795.1,Vibrio sinus,gyrA_1_Vibrio sinus_GCF_050870795.1,1,2568,1475.811279296875,217,83,W,S,AGT,0
GCF_050870795.1,Vibrio sinus,gyrA_1_Vibrio sinus_GCF_050870795.1,1,2568,1475.811279296875,217,83,Y,S,AGT,0
GCF_050870795.1,Vibrio sinus,gyrA_1_Vibrio sinus_GCF_050870795.1,1,2568,1475.811279296875,217,84,A,A,GCT,3
GCF_050870795.1,Vibrio sinus,gyrA_1_Vibrio sinus_GCF_050870795.1,1,2568,1475.811279296875,217,84,P,A,GCT,1
GCF_050870795.1,Vibrio sinus,gyrA_1_Vibrio sinus_GCF_050870795.1,1,2568,1475.811279296875,217,84,V,A,GCT,1
GCF_050870795.1,Vibrio sinus,gyrA_1_Vibrio sinus_GCF_050870795.1,1,2568,1475.811279296875,217,86,N,Y,TAT,1
GCF_050870795.1,Vibrio sinus,gyrA_1_Vibrio sinus_GCF_050870795.1,1,2568,1475.811279296875,217,86,Y,Y,TAT,1
GCF_050870795.1,Vibrio sinus,gyrA_1_Vibrio sinus_GCF_050870795.1,1,2568,1475.811279296875,217,87,A,D,GAC,1
GCF_050870795.1,Vibrio sinus,gyrA_1_Vibrio sinus_GCF_050870795.1,1,2568,1475.811279296875,217,87,G,D,GAC,1
GCF_050870795.1,Vibrio sinus,gyrA_1_Vibrio sinus_GCF_050870795.1,1,2568,1475.811279296875,217,87,H,D,GAC,1
GCF_050870795.1,Vibrio sinus,gyrA_1_Vibrio sinus_GCF_050870795.1,1,2568,1475.811279296875,217,87,K,D,GAC,0
GCF_050870795.1,Vibrio sinus,gyrA_1_Vibrio sinus_GCF_050870795.1,1,2568,1475.811279296875,217,87,L,D,GAC,0
GCF_050870795.1,Vibrio sinus,gyrA_1_Vibrio sinus_GCF_050870795.1,1,2568,1475.811279296875,217,87,N,D,GAC,1
GCF_050870795.1,Vibrio sinus,gyrA_1_Vibrio sinus_GCF_050870795.1,1,2568,1475.811279296875,217,87,Q,D,GAC,0
GCF_050870795.1,Vibrio sinus,gyrA_1_Vibrio sinus_GCF_050870795.1,1,2568,1475.811279296875,217,87,R,D,GAC,0
GCF_050870795.1,Vibrio sinus,gyrA_1_Vibrio sinus_GCF_050870795.1,1,2568,1475.811279296875,217,87,T,D,GAC,0
GCF_050870795.1,Vibrio sinus,gyrA_1_Vibrio sinus_GCF_050870795.1,1,2568,1475.811279296875,217,87,V,D,GAC,1
GCF_050870795.1,Vibrio sinus,gyrA_1_Vibrio sinus_GCF_050870795.1,1,2568,1475.811279296875,217,87,Y,D,GAC,1
GCF_050870795.1,Vibrio sinus,gyrA_1_Vibrio sinus_GCF_050870795.1,1,2568,1475.811279296875,217,101,S,M,ATG,0
GCF_050870795.1,Vibrio sinus,gyrA_1_Vibrio sinus_GCF_050870795.1,1,2568,1475.811279296875,217,105,D,G,GGC,1
GCF_050870795.1,Vibrio sinus,gyrA_1_Vibrio sinus_GCF_050870795.1,1,2568,1475.811279296875,217,106,H,Q,CAA,2
GCF_050870795.1,Vibrio sinus,gyrA_1_Vibrio sinus_GCF_050870795.1,1,2568,1475.811279296875,217,106,L,Q,CAA,1
GCF_050870795.1,Vibrio sinus,gyrA_1_Vibrio sinus_GCF_050870795.1,1,2568,1475.811279296875,217,106,R,Q,CAA,1
GCF_050870795.1,Vibrio sinus,gyrA_1_Vibrio sinus_GCF_050870795.1,1,2568,1475.811279296875,217,119,S,A,GCA,1
GCF_050870795.1,Vibrio sinus,gyrA_1_Vibrio sinus_GCF_050870795.1,1,2568,1475.811279296875,217,119,T,A,GCA,1
GCF_050870795.1,Vibrio sinus,gyrA_1_Vibrio sinus_GCF_050870795.1,1,2568,1475.811279296875,217,165,A,N,AAT,0
GCF_050870795.1,Vibrio sinus,gyrA_1_Vibrio sinus_GCF_050870795.1,1,2568,1475.811279296875,217,196,E,A,GCC,0
GCF_050870795.1,Vibrio sinus,gyrA_1_Vibrio sinus_GCF_050870795.1,1,2568,1475.811279296875,217,386,D,A,GCG,0
GCF_050780155.1,Bilophila wadsworthia,gyrA_1_Bilophila wadsworthia_GCF_050780155.1,1,2439,-1052.0830078125,456,51,V,A,GCG,1
GCF_050780155.1,Bilophila wadsworthia,gyrA_1_Bilophila wadsworthia_GCF_050780155.1,1,2439,-1052.0830078125,456,57,K,N,AAC,2
GCF_050780155.1,Bilophila wadsworthia,gyrA_1_Bilophila wadsworthia_GCF_050780155.1,1,2439,-1052.0830078125,456,67,S,A,GCG,1
GCF_050780155.1,Bilophila wadsworthia,gyrA_1_Bilophila wadsworthia_GCF_050780155.1,1,2439,-1052.0830078125,456,67,T,A,GCG,1
GCF_050780155.1,Bilophila wadsworthia,gyrA_1_Bilophila wadsworthia_GCF_050780155.1,1,2439,-1052.0830078125,456,72,G,D,GAC,1
GCF_050780155.1,Bilophila wadsworthia,gyrA_1_Bilophila wadsworthia_GCF_050780155.1,1,2439,-1052.0830078125,456,72,V,D,GAC,1
GCF_050780155.1,Bilophila wadsworthia,gyrA_1_Bilophila wadsworthia_GCF_050780155.1,1,2439,-1052.0830078125,456,77,S,Y,TAC,1
GCF_050780155.1,Bilophila wadsworthia,gyrA_1_Bilophila wadsworthia_GCF_050780155.1,1,2439,-1052.0830078125,456,80,P,H,CAC,1
GCF_050780155.1,Bilophila wadsworthia,gyrA_1_Bilophila wadsworthia_GCF_050780155.1,1,2439,-1052.0830078125,456,80,R,H,CAC,1
GCF_050780155.1,Bilophila wadsworthia,gyrA_1_Bilophila wadsworthia_GCF_050780155.1,1,2439,-1052.0830078125,456,81,C,G,GGC,1
GCF_050780155.1,Bilophila wadsworthia,gyrA_1_Bilophila wadsworthia_GCF_050780155.1,1,2439,-1052.0830078125,456,81,D,G,GGC,1
GCF_050780155.1,Bilophila wadsworthia,gyrA_1_Bilophila wadsworthia_GCF_050780155.1,1,2439,-1052.0830078125,456,82,G,D,GAC,1
GCF_050780155.1,Bilophila wadsworthia,gyrA_1_Bilophila wadsworthia_GCF_050780155.1,1,2439,-1052.0830078125,456,82,N,D,GAC,1
GCF_050780155.1,Bilophila wadsworthia,gyrA_1_Bilophila wadsworthia_GCF_050780155.1,1,2439,-1052.0830078125,456,82,Y,D,GAC,1
GCF_050780155.1,Bilophila wadsworthia,gyrA_1_Bilophila wadsworthia_GCF_050780155.1,1,2439,-1052.0830078125,456,83,A,S,TCC,1
GCF_050780155.1,Bilophila wadsworthia,gyrA_1_Bilophila wadsworthia_GCF_050780155.1,1,2439,-1052.0830078125,456,83,F,S,TCC,1
GCF_050780155.1,Bilophila wadsworthia,gyrA_1_Bilophila wadsworthia_GCF_050780155.1,1,2439,-1052.0830078125,456,83,I,S,TCC,0
GCF_050780155.1,Bilophila wadsworthia,gyrA_1_Bilophila wadsworthia_GCF_050780155.1,1,2439,-1052.0830078125,456,83,K,S,TCC,0
GCF_050780155.1,Bilophila wadsworthia,gyrA_1_Bilophila wadsworthia_GCF_050780155.1,1,2439,-1052.0830078125,456,83,L,S,TCC,0
GCF_050780155.1,Bilophila wadsworthia,gyrA_1_Bilophila wadsworthia_GCF_050780155.1,1,2439,-1052.0830078125,456,83,M,S,TCC,0
GCF_050780155.1,Bilophila wadsworthia,gyrA_1_Bilophila wadsworthia_GCF_050780155.1,1,2439,-1052.0830078125,456,83,R,S,TCC,0
GCF_050780155.1,Bilophila wadsworthia,gyrA_1_Bilophila wadsworthia_GCF_050780155.1,1,2439,-1052.0830078125,456,83,S,S,TCC,3
GCF_050780155.1,Bilophila wadsworthia,gyrA_1_Bilophila wadsworthia_GCF_050780155.1,1,2439,-1052.0830078125,456,83,V,S,TCC,0
GCF_050780155.1,Bilophila wadsworthia,gyrA_1_Bilophila wadsworthia_GCF_050780155.1,1,2439,-1052.0830078125,456,83,W,S,TCC,0
GCF_050780155.1,Bilophila wadsworthia,gyrA_1_Bilophila wadsworthia_GCF_050780155.1,1,2439,-1052.0830078125,456,83,Y,S,TCC,1
GCF_050780155.1,Bilophila wadsworthia,gyrA_1_Bilophila wadsworthia_GCF_050780155.1,1,2439,-1052.0830078125,456,84,A,A,GCC,3
GCF_050780155.1,Bilophila wadsworthia,gyrA_1_Bilophila wadsworthia_GCF_050780155.1,1,2439,-1052.0830078125,456,84,P,A,GCC,1
GCF_050780155.1,Bilophila wadsworthia,gyrA_1_Bilophila wadsworthia_GCF_050780155.1,1,2439,-1052.0830078125,456,84,V,A,GCC,1
GCF_050780155.1,Bilophila wadsworthia,gyrA_1_Bilophila wadsworthia_GCF_050780155.1,1,2439,-1052.0830078125,456,86,N,Y,TAC,1
GCF_050780155.1,Bilophila wadsworthia,gyrA_1_Bilophila wadsworthia_GCF_050780155.1,1,2439,-1052.0830078125,456,86,Y,Y,TAC,1
GCF_050780155.1,Bilophila wadsworthia,gyrA_1_Bilophila wadsworthia_GCF_050780155.1,1,2439,-1052.0830078125,456,87,A,D,GAC,1
GCF_050780155.1,Bilophila wadsworthia,gyrA_1_Bilophila wadsworthia_GCF_050780155.1,1,2439,-1052.0830078125,456,87,G,D,GAC,1
GCF_050780155.1,Bilophila wadsworthia,gyrA_1_Bilophila wadsworthia_GCF_050780155.1,1,2439,-1052.0830078125,456,87,H,D,GAC,1
GCF_050780155.1,Bilophila wadsworthia,gyrA_1_Bilophila wadsworthia_GCF_050780155.1,1,2439,-1052.0830078125,456,87,K,D,GAC,0
GCF_050780155.1,Bilophila wadsworthia,gyrA_1_Bilophila wadsworthia_GCF_050780155.1,1,2439,-1052.0830078125,456,87,L,D,GAC,0
GCF_050780155.1,Bilophila wadsworthia,gyrA_1_Bilophila wadsworthia_GCF_050780155.1,1,2439,-1052.0830078125,456,87,N,D,GAC,1
GCF_050780155.1,Bilophila wadsworthia,gyrA_1_Bilophila wadsworthia_GCF_050780155.1,1,2439,-1052.0830078125,456,87,Q,D,GAC,0
GCF_050780155.1,Bilophila wadsworthia,gyrA_1_Bilophila wadsworthia_GCF_050780155.1,1,2439,-1052.0830078125,456,87,R,D,GAC,0
GCF_050780155.1,Bilophila wadsworthia,gyrA_1_Bilophila wadsworthia_GCF_050780155.1,1,2439,-1052.0830078125,456,87,T,D,GAC,0
GCF_050780155.1,Bilophila wadsworthia,gyrA_1_Bilophila wadsworthia_GCF_050780155.1,1,2439,-1052.0830078125,456,87,V,D,GAC,1
GCF_050780155.1,Bilophila wadsworthia,gyrA_1_Bilophila wadsworthia_GCF_050780155.1,1,2439,-1052.0830078125,456,87,Y,D,GAC,1
GCF_050780155.1,Bilophila wadsworthia,gyrA_1_Bilophila wadsworthia_GCF_050780155.1,1,2439,-1052.0830078125,456,101,S,P,CCG,1
GCF_050780155.1,Bilophila wadsworthia,gyrA_1_Bilophila wadsworthia_GCF_050780155.1,1,2439,-1052.0830078125,456,105,D,G,GGG,0
GCF_050780155.1,Bilophila wadsworthia,gyrA_1_Bilophila wadsworthia_GCF_050780155.1,1,2439,-1052.0830078125,456,106,H,Q,CAG,2
GCF_050780155.1,Bilophila wadsworthia,gyrA_1_Bilophila wadsworthia_GCF_050780155.1,1,2439,-1052.0830078125,456,106,L,Q,CAG,1
GCF_050780155.1,Bilophila wadsworthia,gyrA_1_Bilophila wadsworthia_GCF_050780155.1,1,2439,-1052.0830078125,456,106,R,Q,CAG,1
GCF_050780155.1,Bilophila wadsworthia,gyrA_1_Bilophila wadsworthia_GCF_050780155.1,1,2439,-1052.0830078125,456,119,S,A,GCC,1
GCF_050780155.1,Bilophila wadsworthia,gyrA_1_Bilophila wadsworthia_GCF_050780155.1,1,2439,-1052.0830078125,456,119,T,A,GCC,1
GCF_050780155.1,Bilophila wadsworthia,gyrA_1_Bilophila wadsworthia_GCF_050780155.1,1,2439,-1052.0830078125,456,165,A,N,AAC,0
GCF_050780155.1,Bilophila wadsworthia,gyrA_1_Bilophila wadsworthia_GCF_050780155.1,1,2439,-1052.0830078125,456,196,E,M,ATG,0
GCF_050780155.1,Bilophila wadsworthia,gyrA_1_Bilophila wadsworthia_GCF_050780155.1,1,2439,-1052.0830078125,456,386,D,A,GCG,0
GCF_050613275.1,Anoxybacillus dikiliensis,gyrA_1_Anoxybacillus dikiliensis_GCF_050613275.1,1,2457,-695.88177490234375,422,51,V,A,GCG,1
GCF_050613275.1,Anoxybacillus dikiliensis,gyrA_1_Anoxybacillus dikiliensis_GCF_050613275.1,1,2457,-695.88177490234375,422,57,K,M,ATG,1
GCF_050613275.1,Anoxybacillus dikiliensis,gyrA_1_Anoxybacillus dikiliensis_GCF_050613275.1,1,2457,-695.88177490234375,422,67,S,A,GCA,1
GCF_050613275.1,Anoxybacillus dikiliensis,gyrA_1_Anoxybacillus dikiliensis_GCF_050613275.1,1,2457,-695.88177490234375,422,67,T,A,GCA,1
GCF_050613275.1,Anoxybacillus dikiliensis,gyrA_1_Anoxybacillus dikiliensis_GCF_050613275.1,1,2457,-695.88177490234375,422,72,G,E,GAA,1
GCF_050613275.1,Anoxybacillus dikiliensis,gyrA_1_Anoxybacillus dikiliensis_GCF_050613275.1,1,2457,-695.88177490234375,422,72,V,E,GAA,1
GCF_050613275.1,Anoxybacillus dikiliensis,gyrA_1_Anoxybacillus dikiliensis_GCF_050613275.1,1,2457,-695.88177490234375,422,77,S,Y,TAC,1
GCF_050613275.1,Anoxybacillus dikiliensis,gyrA_1_Anoxybacillus dikiliensis_GCF_050613275.1,1,2457,-695.88177490234375,422,80,P,H,CAT,1
GCF_050613275.1,Anoxybacillus dikiliensis,gyrA_1_Anoxybacillus dikiliensis_GCF_050613275.1,1,2457,-695.88177490234375,422,80,R,H,CAT,1
GCF_050613275.1,Anoxybacillus dikiliensis,gyrA_1_Anoxybacillus dikiliensis_GCF_050613275.1,1,2457,-695.88177490234375,422,81,C,G,GGC,1
GCF_050613275.1,Anoxybacillus dikiliensis,gyrA_1_Anoxybacillus dikiliensis_GCF_050613275.1,1,2457,-695.88177490234375,422,81,D,G,GGC,1
GCF_050613275.1,Anoxybacillus dikiliensis,gyrA_1_Anoxybacillus dikiliensis_GCF_050613275.1,1,2457,-695.88177490234375,422,82,G,D,GAT,1
GCF_050613275.1,Anoxybacillus dikiliensis,gyrA_1_Anoxybacillus dikiliensis_GCF_050613275.1,1,2457,-695.88177490234375,422,82,N,D,GAT,1
GCF_050613275.1,Anoxybacillus dikiliensis,gyrA_1_Anoxybacillus dikiliensis_GCF_050613275.1,1,2457,-695.88177490234375,422,82,Y,D,GAT,1
GCF_050613275.1,Anoxybacillus dikiliensis,gyrA_1_Anoxybacillus dikiliensis_GCF_050613275.1,1,2457,-695.88177490234375,422,83,A,A,GCA,3
GCF_050613275.1,Anoxybacillus dikiliensis,gyrA_1_Anoxybacillus dikiliensis_GCF_050613275.1,1,2457,-695.88177490234375,422,83,F,A,GCA,0
GCF_050613275.1,Anoxybacillus dikiliensis,gyrA_1_Anoxybacillus dikiliensis_GCF_050613275.1,1,2457,-695.88177490234375,422,83,I,A,GCA,0
GCF_050613275.1,Anoxybacillus dikiliensis,gyrA_1_Anoxybacillus dikiliensis_GCF_050613275.1,1,2457,-695.88177490234375,422,83,K,A,GCA,0
GCF_050613275.1,Anoxybacillus dikiliensis,gyrA_1_Anoxybacillus dikiliensis_GCF_050613275.1,1,2457,-695.88177490234375,422,83,L,A,GCA,0
GCF_050613275.1,Anoxybacillus dikiliensis,gyrA_1_Anoxybacillus dikiliensis_GCF_050613275.1,1,2457,-695.88177490234375,422,83,M,A,GCA,0
GCF_050613275.1,Anoxybacillus dikiliensis,gyrA_1_Anoxybacillus dikiliensis_GCF_050613275.1,1,2457,-695.88177490234375,422,83,R,A,GCA,0
GCF_050613275.1,Anoxybacillus dikiliensis,gyrA_1_Anoxybacillus dikiliensis_GCF_050613275.1,1,2457,-695.88177490234375,422,83,S,A,GCA,1
GCF_050613275.1,Anoxybacillus dikiliensis,gyrA_1_Anoxybacillus dikiliensis_GCF_050613275.1,1,2457,-695.88177490234375,422,83,V,A,GCA,1
GCF_050613275.1,Anoxybacillus dikiliensis,gyrA_1_Anoxybacillus dikiliensis_GCF_050613275.1,1,2457,-695.88177490234375,422,83,W,A,GCA,0
GCF_050613275.1,Anoxybacillus dikiliensis,gyrA_1_Anoxybacillus dikiliensis_GCF_050613275.1,1,2457,-695.88177490234375,422,83,Y,A,GCA,0
GCF_050613275.1,Anoxybacillus dikiliensis,gyrA_1_Anoxybacillus dikiliensis_GCF_050613275.1,1,2457,-695.88177490234375,422,84,A,A,GCA,3
GCF_050613275.1,Anoxybacillus dikiliensis,gyrA_1_Anoxybacillus dikiliensis_GCF_050613275.1,1,2457,-695.88177490234375,422,84,P,A,GCA,1
GCF_050613275.1,Anoxybacillus dikiliensis,gyrA_1_Anoxybacillus dikiliensis_GCF_050613275.1,1,2457,-695.88177490234375,422,84,V,A,GCA,1
GCF_050613275.1,Anoxybacillus dikiliensis,gyrA_1_Anoxybacillus dikiliensis_GCF_050613275.1,1,2457,-695.88177490234375,422,86,N,Y,TAC,1
GCF_050613275.1,Anoxybacillus dikiliensis,gyrA_1_Anoxybacillus dikiliensis_GCF_050613275.1,1,2457,-695.88177490234375,422,86,Y,Y,TAC,1
GCF_050613275.1,Anoxybacillus dikiliensis,gyrA_1_Anoxybacillus dikiliensis_GCF_050613275.1,1,2457,-695.88177490234375,422,87,A,D,GAT,1
GCF_050613275.1,Anoxybacillus dikiliensis,gyrA_1_Anoxybacillus dikiliensis_GCF_050613275.1,1,2457,-695.88177490234375,422,87,G,D,GAT,1
GCF_050613275.1,Anoxybacillus dikiliensis,gyrA_1_Anoxybacillus dikiliensis_GCF_050613275.1,1,2457,-695.88177490234375,422,87,H,D,GAT,1
GCF_050613275.1,Anoxybacillus dikiliensis,gyrA_1_Anoxybacillus dikiliensis_GCF_050613275.1,1,2457,-695.88177490234375,422,87,K,D,GAT,0
GCF_050613275.1,Anoxybacillus dikiliensis,gyrA_1_Anoxybacillus dikiliensis_GCF_050613275.1,1,2457,-695.88177490234375,422,87,L,D,GAT,0
GCF_050613275.1,Anoxybacillus dikiliensis,gyrA_1_Anoxybacillus dikiliensis_GCF_050613275.1,1,2457,-695.88177490234375,422,87,N,D,GAT,1
GCF_050613275.1,Anoxybacillus dikiliensis,gyrA_1_Anoxybacillus dikiliensis_GCF_050613275.1,1,2457,-695.88177490234375,422,87,Q,D,GAT,0
GCF_050613275.1,Anoxybacillus dikiliensis,gyrA_1_Anoxybacillus dikiliensis_GCF_050613275.1,1,2457,-695.88177490234375,422,87,R,D,GAT,0
GCF_050613275.1,Anoxybacillus dikiliensis,gyrA_1_Anoxybacillus dikiliensis_GCF_050613275.1,1,2457,-695.88177490234375,422,87,T,D,GAT,0
GCF_050613275.1,Anoxybacillus dikiliensis,gyrA_1_Anoxybacillus dikiliensis_GCF_050613275.1,1,2457,-695.88177490234375,422,87,V,D,GAT,1
GCF_050613275.1,Anoxybacillus dikiliensis,gyrA_1_Anoxybacillus dikiliensis_GCF_050613275.1,1,2457,-695.88177490234375,422,87,Y,D,GAT,1
GCF_050613275.1,Anoxybacillus dikiliensis,gyrA_1_Anoxybacillus dikiliensis_GCF_050613275.1,1,2457,-695.88177490234375,422,101,S,M,ATG,0
GCF_050613275.1,Anoxybacillus dikiliensis,gyrA_1_Anoxybacillus dikiliensis_GCF_050613275.1,1,2457,-695.88177490234375,422,105,D,G,GGT,1
GCF_050613275.1,Anoxybacillus dikiliensis,gyrA_1_Anoxybacillus dikiliensis_GCF_050613275.1,1,2457,-695.88177490234375,422,106,H,H,CAT,1
GCF_050613275.1,Anoxybacillus dikiliensis,gyrA_1_Anoxybacillus dikiliensis_GCF_050613275.1,1,2457,-695.88177490234375,422,106,L,H,CAT,1
GCF_050613275.1,Anoxybacillus dikiliensis,gyrA_1_Anoxybacillus dikiliensis_GCF_050613275.1,1,2457,-695.88177490234375,422,106,R,H,CAT,1
GCF_050613275.1,Anoxybacillus dikiliensis,gyrA_1_Anoxybacillus dikiliensis_GCF_050613275.1,1,2457,-695.88177490234375,422,119,S,A,GCT,1
GCF_050613275.1,Anoxybacillus dikiliensis,gyrA_1_Anoxybacillus dikiliensis_GCF_050613275.1,1,2457,-695.88177490234375,422,119,T,A,GCT,1
GCF_050613275.1,Anoxybacillus dikiliensis,gyrA_1_Anoxybacillus dikiliensis_GCF_050613275.1,1,2457,-695.88177490234375,422,165,A,N,AAT,0
GCF_050613275.1,Anoxybacillus dikiliensis,gyrA_1_Anoxybacillus dikiliensis_GCF_050613275.1,1,2457,-695.88177490234375,422,196,E,E,GAG,1
GCF_050613275.1,Anoxybacillus dikiliensis,gyrA_1_Anoxybacillus dikiliensis_GCF_050613275.1,1,2457,-695.88177490234375,422,386,D,A,GCC,1
GCF_050516475.1,Paenibacillus ottowii,gyrA_1_Paenibacillus ottowii_GCF_050516475.1,1,2463,-1704.457275390625,509,51,V,A,GCG,1
GCF_050516475.1,Paenibacillus ottowii,gyrA_1_Paenibacillus ottowii_GCF_050516475.1,1,2463,-1704.457275390625,509,57,K,N,AAT,2
GCF_050516475.1,Paenibacillus ottowii,gyrA_1_Paenibacillus ottowii_GCF_050516475.1,1,2463,-1704.457275390625,509,67,S,A,GCC,1
GCF_050516475.1,Paenibacillus ottowii,gyrA_1_Paenibacillus ottowii_GCF_050516475.1,1,2463,-1704.457275390625,509,67,T,A,GCC,1
GCF_050516475.1,Paenibacillus ottowii,gyrA_1_Paenibacillus ottowii_GCF_050516475.1,1,2463,-1704.457275390625,509,72,G,D,GAC,1
GCF_050516475.1,Paenibacillus ottowii,gyrA_1_Paenibacillus ottowii_GCF_050516475.1,1,2463,-1704.457275390625,509,72,V,D,GAC,1
GCF_050516475.1,Paenibacillus ottowii,gyrA_1_Paenibacillus ottowii_GCF_050516475.1,1,2463,-1704.457275390625,509,77,S,Y,TAC,1
GCF_050516475.1,Paenibacillus ottowii,gyrA_1_Paenibacillus ottowii_GCF_050516475.1,1,2463,-1704.457275390625,509,80,P,H,CAC,1
GCF_050516475.1,Paenibacillus ottowii,gyrA_1_Paenibacillus ottowii_GCF_050516475.1,1,2463,-1704.457275390625,509,80,R,H,CAC,1
GCF_050516475.1,Paenibacillus ottowii,gyrA_1_Paenibacillus ottowii_GCF_050516475.1,1,2463,-1704.457275390625,509,81,C,G,GGT,1
GCF_050516475.1,Paenibacillus ottowii,gyrA_1_Paenibacillus ottowii_GCF_050516475.1,1,2463,-1704.457275390625,509,81,D,G,GGT,1
GCF_050516475.1,Paenibacillus ottowii,gyrA_1_Paenibacillus ottowii_GCF_050516475.1,1,2463,-1704.457275390625,509,82,G,D,GAT,1
GCF_050516475.1,Paenibacillus ottowii,gyrA_1_Paenibacillus ottowii_GCF_050516475.1,1,2463,-1704.457275390625,509,82,N,D,GAT,1
GCF_050516475.1,Paenibacillus ottowii,gyrA_1_Paenibacillus ottowii_GCF_050516475.1,1,2463,-1704.457275390625,509,82,Y,D,GAT,1
GCF_050516475.1,Paenibacillus ottowii,gyrA_1_Paenibacillus ottowii_GCF_050516475.1,1,2463,-1704.457275390625,509,83,A,S,TCA,1
GCF_050516475.1,Paenibacillus ottowii,gyrA_1_Paenibacillus ottowii_GCF_050516475.1,1,2463,-1704.457275390625,509,83,F,S,TCA,0
GCF_050516475.1,Paenibacillus ottowii,gyrA_1_Paenibacillus ottowii_GCF_050516475.1,1,2463,-1704.457275390625,509,83,I,S,TCA,0
GCF_050516475.1,Paenibacillus ottowii,gyrA_1_Paenibacillus ottowii_GCF_050516475.1,1,2463,-1704.457275390625,509,83,K,S,TCA,0
GCF_050516475.1,Paenibacillus ottowii,gyrA_1_Paenibacillus ottowii_GCF_050516475.1,1,2463,-1704.457275390625,509,83,L,S,TCA,1
GCF_050516475.1,Paenibacillus ottowii,gyrA_1_Paenibacillus ottowii_GCF_050516475.1,1,2463,-1704.457275390625,509,83,M,S,TCA,0
GCF_050516475.1,Paenibacillus ottowii,gyrA_1_Paenibacillus ottowii_GCF_050516475.1,1,2463,-1704.457275390625,509,83,R,S,TCA,0
GCF_050516475.1,Paenibacillus ottowii,gyrA_1_Paenibacillus ottowii_GCF_050516475.1,1,2463,-1704.457275390625,509,83,S,S,TCA,3
GCF_050516475.1,Paenibacillus ottowii,gyrA_1_Paenibacillus ottowii_GCF_050516475.1,1,2463,-1704.457275390625,509,83,V,S,TCA,0
GCF_050516475.1,Paenibacillus ottowii,gyrA_1_Paenibacillus ottowii_GCF_050516475.1,1,2463,-1704.457275390625,509,83,W,S,TCA,0
GCF_050516475.1,Paenibacillus ottowii,gyrA_1_Paenibacillus ottowii_GCF_050516475.1,1,2463,-1704.457275390625,509,83,Y,S,TCA,0
GCF_050516475.1,Paenibacillus ottowii,gyrA_1_Paenibacillus ottowii_GCF_050516475.1,1,2463,-1704.457275390625,509,84,A,S,TCT,1
GCF_050516475.1,Paenibacillus ottowii,gyrA_1_Paenibacillus ottowii_GCF_050516475.1,1,2463,-1704.457275390625,509,84,P,S,TCT,1
GCF_050516475.1,Paenibacillus ottowii,gyrA_1_Paenibacillus ottowii_GCF_050516475.1,1,2463,-1704.457275390625,509,84,V,S,TCT,0
GCF_050516475.1,Paenibacillus ottowii,gyrA_1_Paenibacillus ottowii_GCF_050516475.1,1,2463,-1704.457275390625,509,86,N,Y,TAC,1
GCF_050516475.1,Paenibacillus ottowii,gyrA_1_Paenibacillus ottowii_GCF_050516475.1,1,2463,-1704.457275390625,509,86,Y,Y,TAC,1
GCF_050516475.1,Paenibacillus ottowii,gyrA_1_Paenibacillus ottowii_GCF_050516475.1,1,2463,-1704.457275390625,509,87,A,D,GAT,1
GCF_050516475.1,Paenibacillus ottowii,gyrA_1_Paenibacillus ottowii_GCF_050516475.1,1,2463,-1704.457275390625,509,87,G,D,GAT,1
GCF_050516475.1,Paenibacillus ottowii,gyrA_1_Paenibacillus ottowii_GCF_050516475.1,1,2463,-1704.457275390625,509,87,H,D,GAT,1
GCF_050516475.1,Paenibacillus ottowii,gyrA_1_Paenibacillus ottowii_GCF_050516475.1,1,2463,-1704.457275390625,509,87,K,D,GAT,0
GCF_050516475.1,Paenibacillus ottowii,gyrA_1_Paenibacillus ottowii_GCF_050516475.1,1,2463,-1704.457275390625,509,87,L,D,GAT,0
GCF_050516475.1,Paenibacillus ottowii,gyrA_1_Paenibacillus ottowii_GCF_050516475.1,1,2463,-1704.457275390625,509,87,N,D,GAT,1
GCF_050516475.1,Paenibacillus ottowii,gyrA_1_Paenibacillus ottowii_GCF_050516475.1,1,2463,-1704.457275390625,509,87,Q,D,GAT,0
GCF_050516475.1,Paenibacillus ottowii,gyrA_1_Paenibacillus ottowii_GCF_050516475.1,1,2463,-1704.457275390625,509,87,R,D,GAT,0
GCF_050516475.1,Paenibacillus ottowii,gyrA_1_Paenibacillus ottowii_GCF_050516475.1,1,2463,-1704.457275390625,509,87,T,D,GAT,0
GCF_050516475.1,Paenibacillus ottowii,gyrA_1_Paenibacillus ottowii_GCF_050516475.1,1,2463,-1704.457275390625,509,87,V,D,GAT,1
GCF_050516475.1,Paenibacillus ottowii,gyrA_1_Paenibacillus ottowii_GCF_050516475.1,1,2463,-1704.457275390625,509,87,Y,D,GAT,1
GCF_050516475.1,Paenibacillus ottowii,gyrA_1_Paenibacillus ottowii_GCF_050516475.1,1,2463,-1704.457275390625,509,101,S,V,GTA,0
GCF_050516475.1,Paenibacillus ottowii,gyrA_1_Paenibacillus ottowii_GCF_050516475.1,1,2463,-1704.457275390625,509,105,D,G,GGT,1
GCF_050516475.1,Paenibacillus ottowii,gyrA_1_Paenibacillus ottowii_GCF_050516475.1,1,2463,-1704.457275390625,509,106,H,H,CAT,1
GCF_050516475.1,Paenibacillus ottowii,gyrA_1_Paenibacillus ottowii_GCF_050516475.1,1,2463,-1704.457275390625,509,106,L,H,CAT,1
GCF_050516475.1,Paenibacillus ottowii,gyrA_1_Paenibacillus ottowii_GCF_050516475.1,1,2463,-1704.457275390625,509,106,R,H,CAT,1
GCF_050516475.1,Paenibacillus ottowii,gyrA_1_Paenibacillus ottowii_GCF_050516475.1,1,2463,-1704.457275390625,509,119,S,A,GCT,1
GCF_050516475.1,Paenibacillus ottowii,gyrA_1_Paenibacillus ottowii_GCF_050516475.1,1,2463,-1704.457275390625,509,119,T,A,GCT,1
GCF_050516475.1,Paenibacillus ottowii,gyrA_1_Paenibacillus ottowii_GCF_050516475.1,1,2463,-1704.457275390625,509,165,A,N,AAT,0
GCF_050516475.1,Paenibacillus ottowii,gyrA_1_Paenibacillus ottowii_GCF_050516475.1,1,2463,-1704.457275390625,509,196,E,A,GCA,1
GCF_050516475.1,Paenibacillus ottowii,gyrA_1_Paenibacillus ottowii_GCF_050516475.1,1,2463,-1704.457275390625,509,386,D,A,GCG,0
GCF_050516475.1,Paenibacillus ottowii,gyrA_2_Paenibacillus ottowii_GCF_050516475.1,2,2565,-736.7757568359375,428,51,V,A,GCG,1
GCF_050516475.1,Paenibacillus ottowii,gyrA_2_Paenibacillus ottowii_GCF_050516475.1,2,2565,-736.7757568359375,428,57,K,M,ATG,1
GCF_050516475.1,Paenibacillus ottowii,gyrA_2_Paenibacillus ottowii_GCF_050516475.1,2,2565,-736.7757568359375,428,67,S,A,GCA,1
GCF_050516475.1,Paenibacillus ottowii,gyrA_2_Paenibacillus ottowii_GCF_050516475.1,2,2565,-736.7757568359375,428,67,T,A,GCA,1
GCF_050516475.1,Paenibacillus ottowii,gyrA_2_Paenibacillus ottowii_GCF_050516475.1,2,2565,-736.7757568359375,428,72,G,E,GAA,1
GCF_050516475.1,Paenibacillus ottowii,gyrA_2_Paenibacillus ottowii_GCF_050516475.1,2,2565,-736.7757568359375,428,72,V,E,GAA,1
GCF_050516475.1,Paenibacillus ottowii,gyrA_2_Paenibacillus ottowii_GCF_050516475.1,2,2565,-736.7757568359375,428,77,S,Y,TAT,1
GCF_050516475.1,Paenibacillus ottowii,gyrA_2_Paenibacillus ottowii_GCF_050516475.1,2,2565,-736.7757568359375,428,80,P,H,CAT,1
GCF_050516475.1,Paenibacillus ottowii,gyrA_2_Paenibacillus ottowii_GCF_050516475.1,2,2565,-736.7757568359375,428,80,R,H,CAT,1
GCF_050516475.1,Paenibacillus ottowii,gyrA_2_Paenibacillus ottowii_GCF_050516475.1,2,2565,-736.7757568359375,428,81,C,G,GGT,1
GCF_050516475.1,Paenibacillus ottowii,gyrA_2_Paenibacillus ottowii_GCF_050516475.1,2,2565,-736.7757568359375,428,81,D,G,GGT,1
GCF_050516475.1,Paenibacillus ottowii,gyrA_2_Paenibacillus ottowii_GCF_050516475.1,2,2565,-736.7757568359375,428,82,G,D,GAT,1
GCF_050516475.1,Paenibacillus ottowii,gyrA_2_Paenibacillus ottowii_GCF_050516475.1,2,2565,-736.7757568359375,428,82,N,D,GAT,1
GCF_050516475.1,Paenibacillus ottowii,gyrA_2_Paenibacillus ottowii_GCF_050516475.1,2,2565,-736.7757568359375,428,82,Y,D,GAT,1
GCF_050516475.1,Paenibacillus ottowii,gyrA_2_Paenibacillus ottowii_GCF_050516475.1,2,2565,-736.7757568359375,428,83,A,T,ACG,1
GCF_050516475.1,Paenibacillus ottowii,gyrA_2_Paenibacillus ottowii_GCF_050516475.1,2,2565,-736.7757568359375,428,83,F,T,ACG,0
GCF_050516475.1,Paenibacillus ottowii,gyrA_2_Paenibacillus ottowii_GCF_050516475.1,2,2565,-736.7757568359375,428,83,I,T,ACG,0
GCF_050516475.1,Paenibacillus ottowii,gyrA_2_Paenibacillus ottowii_GCF_050516475.1,2,2565,-736.7757568359375,428,83,K,T,ACG,1
GCF_050516475.1,Paenibacillus ottowii,gyrA_2_Paenibacillus ottowii_GCF_050516475.1,2,2565,-736.7757568359375,428,83,L,T,ACG,0
GCF_050516475.1,Paenibacillus ottowii,gyrA_2_Paenibacillus ottowii_GCF_050516475.1,2,2565,-736.7757568359375,428,83,M,T,ACG,1
GCF_050516475.1,Paenibacillus ottowii,gyrA_2_Paenibacillus ottowii_GCF_050516475.1,2,2565,-736.7757568359375,428,83,R,T,ACG,1
GCF_050516475.1,Paenibacillus ottowii,gyrA_2_Paenibacillus ottowii_GCF_050516475.1,2,2565,-736.7757568359375,428,83,S,T,ACG,1
GCF_050516475.1,Paenibacillus ottowii,gyrA_2_Paenibacillus ottowii_GCF_050516475.1,2,2565,-736.7757568359375,428,83,V,T,ACG,0
GCF_050516475.1,Paenibacillus ottowii,gyrA_2_Paenibacillus ottowii_GCF_050516475.1,2,2565,-736.7757568359375,428,83,W,T,ACG,0
GCF_050516475.1,Paenibacillus ottowii,gyrA_2_Paenibacillus ottowii_GCF_050516475.1,2,2565,-736.7757568359375,428,83,Y,T,ACG,0
GCF_050516475.1,Paenibacillus ottowii,gyrA_2_Paenibacillus ottowii_GCF_050516475.1,2,2565,-736.7757568359375,428,84,A,A,GCT,3
GCF_050516475.1,Paenibacillus ottowii,gyrA_2_Paenibacillus ottowii_GCF_050516475.1,2,2565,-736.7757568359375,428,84,P,A,GCT,1
GCF_050516475.1,Paenibacillus ottowii,gyrA_2_Paenibacillus ottowii_GCF_050516475.1,2,2565,-736.7757568359375,428,84,V,A,GCT,1
GCF_050516475.1,Paenibacillus ottowii,gyrA_2_Paenibacillus ottowii_GCF_050516475.1,2,2565,-736.7757568359375,428,86,N,Y,TAT,1
GCF_050516475.1,Paenibacillus ottowii,gyrA_2_Paenibacillus ottowii_GCF_050516475.1,2,2565,-736.7757568359375,428,86,Y,Y,TAT,1
GCF_050516475.1,Paenibacillus ottowii,gyrA_2_Paenibacillus ottowii_GCF_050516475.1,2,2565,-736.7757568359375,428,87,A,D,GAC,1
GCF_050516475.1,Paenibacillus ottowii,gyrA_2_Paenibacillus ottowii_GCF_050516475.1,2,2565,-736.7757568359375,428,87,G,D,GAC,1
GCF_050516475.1,Paenibacillus ottowii,gyrA_2_Paenibacillus ottowii_GCF_050516475.1,2,2565,-736.7757568359375,428,87,H,D,GAC,1
GCF_050516475.1,Paenibacillus ottowii,gyrA_2_Paenibacillus ottowii_GCF_050516475.1,2,2565,-736.7757568359375,428,87,K,D,GAC,0
GCF_050516475.1,Paenibacillus ottowii,gyrA_2_Paenibacillus ottowii_GCF_050516475.1,2,2565,-736.7757568359375,428,87,L,D,GAC,0
GCF_050516475.1,Paenibacillus ottowii,gyrA_2_Paenibacillus ottowii_GCF_050516475.1,2,2565,-736.7757568359375,428,87,N,D,GAC,1
GCF_050516475.1,Paenibacillus ottowii,gyrA_2_Paenibacillus ottowii_GCF_050516475.1,2,2565,-736.7757568359375,428,87,Q,D,GAC,0
GCF_050516475.1,Paenibacillus ottowii,gyrA_2_Paenibacillus ottowii_GCF_050516475.1,2,2565,-736.7757568359375,428,87,R,D,GAC,0
GCF_050516475.1,Paenibacillus ottowii,gyrA_2_Paenibacillus ottowii_GCF_050516475.1,2,2565,-736.7757568359375,428,87,T,D,GAC,0
GCF_050516475.1,Paenibacillus ottowii,gyrA_2_Paenibacillus ottowii_GCF_050516475.1,2,2565,-736.7757568359375,428,87,V,D,GAC,1
GCF_050516475.1,Paenibacillus ottowii,gyrA_2_Paenibacillus ottowii_GCF_050516475.1,2,2565,-736.7757568359375,428,87,Y,D,GAC,1
GCF_050516475.1,Paenibacillus ottowii,gyrA_2_Paenibacillus ottowii_GCF_050516475.1,2,2565,-736.7757568359375,428,101,S,M,ATG,0
GCF_050516475.1,Paenibacillus ottowii,gyrA_2_Paenibacillus ottowii_GCF_050516475.1,2,2565,-736.7757568359375,428,105,D,G,GGA,0
GCF_050516475.1,Paenibacillus ottowii,gyrA_2_Paenibacillus ottowii_GCF_050516475.1,2,2565,-736.7757568359375,428,106,H,H,CAC,1
GCF_050516475.1,Paenibacillus ottowii,gyrA_2_Paenibacillus ottowii_GCF_050516475.1,2,2565,-736.7757568359375,428,106,L,H,CAC,1
GCF_050516475.1,Paenibacillus ottowii,gyrA_2_Paenibacillus ottowii_GCF_050516475.1,2,2565,-736.7757568359375,428,106,R,H,CAC,1
GCF_050516475.1,Paenibacillus ottowii,gyrA_2_Paenibacillus ottowii_GCF_050516475.1,2,2565,-736.7757568359375,428,119,S,A,GCC,1
GCF_050516475.1,Paenibacillus ottowii,gyrA_2_Paenibacillus ottowii_GCF_050516475.1,2,2565,-736.7757568359375,428,119,T,A,GCC,1
GCF_050516475.1,Paenibacillus ottowii,gyrA_2_Paenibacillus ottowii_GCF_050516475.1,2,2565,-736.7757568359375,428,165,A,N,AAC,0
GCF_050516475.1,Paenibacillus ottowii,gyrA_2_Paenibacillus ottowii_GCF_050516475.1,2,2565,-736.7757568359375,428,196,E,A,GCT,0
GCF_050516475.1,Paenibacillus ottowii,gyrA_2_Paenibacillus ottowii_GCF_050516475.1,2,2565,-736.7757568359375,428,386,D,A,GCT,1
