genus,family,order,class,phylum,gene,n,n_res,f_res
Abditibacterium,Abditibacteriaceae,Abditibacteriales,Abditibacteriia,Armatimonadota,gyrA,1,0,0
Abiotrophia,Aerococcaceae,Lactobacillales,Bacilli,Bacillota,gyrA,1,0,0
Absicoccus,Erysipelotrichaceae,Erysipelotrichales,Bacilli_A,Bacillota_I,gyrA,2,2,1
Abyssalbus,Flavobacteriaceae,Flavobacteriales,Bacteroidia,Bacteroidota,gyrA,1,0,0
Abyssibacter,OUC007,Nevskiales,Gammaproteobacteria,Pseudomonadota,gyrA,1,0,0
Abyssibius,Rhodobacteraceae,Rhodobacterales,Alphaproteobacteria,Pseudomonadota,gyrA,1,0,0
Abyssicoccus,Abyssicoccaceae,Staphylococcales,Bacilli,Bacillota,gyrA,1,0,0
Abyssisolibacter,MCWD3,Tissierellales,Clostridia,Bacillota,gyrA,1,0,0
Abyssogena,NA,NA,NA,NA,gyrA,1,0,0
Acanthopleuribacter,Acanthopleuribacteraceae,Acanthopleuribacterales,Holophagae,Acidobacteriota,gyrA,1,0,0
Acaricomes,NA,NA,NA,NA,gyrA,1,0,0
Acaryochloris,Thermosynechococcaceae,Thermosynechococcales,Cyanobacteriia,Cyanobacteriota,gyrA,2,0,0
Accumulibacter,Rhodocyclaceae,Burkholderiales,Gammaproteobacteria,Pseudomonadota,gyrA,3,0,0
Acerihabitans,Enterobacteriaceae,Enterobacterales,Gammaproteobacteria,Pseudomonadota,gyrA,1,0,0
Acetanaerobacterium,Ruminococcaceae,Oscillospirales,Clostridia,Bacillota,gyrA,1,1,1
Acetatifactor,Lachnospiraceae,Lachnospirales,Clostridia,Bacillota,gyrA,2,2,1
Aceticella,Thermoanaerobacteraceae,Thermoanaerobacterales,Thermoanaerobacteria,Bacillota,gyrA,1,1,1
Acetilactobacillus,Lactobacillaceae,Lactobacillales,Bacilli,Bacillota,gyrA,1,1,1
Acetitomaculum,Lachnospiraceae,Lachnospirales,Clostridia,Bacillota,gyrA,1,1,1
Acetivibrio,Acetivibrionaceae,Acetivibrionales,Clostridia,Bacillota,gyrA,7,7,1
Acetoanaerobium,Filifactoraceae,Peptostreptococcales,Clostridia,Bacillota,gyrA,3,0,0
Acetobacter,Acetobacteraceae,Acetobacterales,Alphaproteobacteria,Pseudomonadota,gyrA,37,9,0.24324324324324326
Acetobacterium,Eubacteriaceae,Eubacteriales,Clostridia,Bacillota,gyrA,8,1,0.125
Acetobacteroides,ZOR0009,Bacteroidales,Bacteroidia,Bacteroidota,gyrA,1,0,0
Acetohalobium,Acetohalobiaceae,Halobacteroidales,Halanaerobiia,Bacillota,gyrA,1,1,1
Acetomicrobium,Acetomicrobiaceae,Synergistales,Synergistia,Synergistota,gyrA,3,3,1
Acetonema,Acetonemataceae,Sporomusales,Negativicutes,Bacillota,gyrA,1,0,0
Acholeplasma,Acholeplasmataceae,Acholeplasmatales,Bacilli_A,Bacillota_I,gyrA,8,0,0
Achromobacter,Burkholderiaceae_B,Burkholderiales,Gammaproteobacteria,Pseudomonadota,gyrA,24,0,0
Acidaminobacter,Acidaminobacteraceae,Peptostreptococcales,Clostridia,Bacillota,gyrA,1,1,1
Acidaminobacterium,Butyricicoccaceae,Oscillospirales,Clostridia,Bacillota,gyrA,1,1,1
Acidaminococcus,Acidaminococcaceae,Acidaminococcales,Negativicutes,Bacillota,gyrA,6,2,0.3333333333333333
Acidibrevibacterium,Acetobacteraceae,Acetobacterales,Alphaproteobacteria,Pseudomonadota,gyrA,1,1,1
Acidicapsa,Acidobacteriaceae,Terriglobales,Terriglobia,Acidobacteriota,gyrA,4,0,0
Acididesulfobacillus,Desulfitobacteriaceae,Desulfitobacteriales,Desulfitobacteriia,Bacillota,gyrA,1,1,1
Acidiferrobacter,Acidiferrobacteraceae,Acidiferrobacterales,Gammaproteobacteria,Pseudomonadota,gyrA,1,0,0
Acidihalobacter,Acidihalobacteraceae,DSM-5130,Gammaproteobacteria,Pseudomonadota,gyrA,4,0,0
Acidiluteibacter,Vicingaceae,Flavobacteriales_E,Bacteroidia,Bacteroidota,gyrA,1,0,0
Acidilutibacter,Acidilutibacteraceae,Tissierellales,Clostridia,Bacillota,gyrA,1,0,0
Acidimangrovimonas,Rhodobacteraceae,Rhodobacterales,Alphaproteobacteria,Pseudomonadota,gyrA,2,0,0
Acidimicrobium,Acidimicrobiaceae,Acidimicrobiales,Acidimicrobiia,Actinomycetota,gyrA,1,1,1
Acidiphilium,Acetobacteraceae,Acetobacterales,Alphaproteobacteria,Pseudomonadota,gyrA,5,3,0.6
Acidipila,Acidobacteriaceae,Terriglobales,Terriglobia,Acidobacteriota,gyrA,1,1,1
Acidipropionibacterium,Propionibacteriaceae,Propionibacteriales,Actinomycetes,Actinomycetota,gyrA,5,0,0
Acidisarcina,Acidobacteriaceae,Terriglobales,Terriglobia,Acidobacteriota,gyrA,1,0,0
Acidisoma,Acetobacteraceae,Acetobacterales,Alphaproteobacteria,Pseudomonadota,gyrA,4,3,0.75
Acidisphaera,Acetobacteraceae,Acetobacterales,Alphaproteobacteria,Pseudomonadota,gyrA,1,0,0
Aciditerrimonas,UBA8190,Acidimicrobiales,Acidimicrobiia,Actinomycetota,gyrA,1,1,1
Acidithiobacillus,Acidithiobacillaceae,Acidithiobacillales,Gammaproteobacteria,Pseudomonadota,gyrA,16,1,0.0625
Acidithrix,Acidimicrobiaceae,Acidimicrobiales,Acidimicrobiia,Actinomycetota,gyrA,1,0,0
Acidobacterium,Acidobacteriaceae,Terriglobales,Terriglobia,Acidobacteriota,gyrA,1,0,0
Acidocella,Acetobacteraceae,Acetobacterales,Alphaproteobacteria,Pseudomonadota,gyrA,5,0,0
Acidomonas,Acetobacteraceae,Acetobacterales,Alphaproteobacteria,Pseudomonadota,gyrA,1,0,0
Acidothermus,Acidothermaceae,Acidothermales,Actinomycetes,Actinomycetota,gyrA,1,1,1
Acidovorax,Burkholderiaceae_C,Burkholderiales,Gammaproteobacteria,Pseudomonadota,gyrA,13,0,0
Aciduricibacillus,Amphibacillaceae,Bacillales,Bacilli,Bacillota,gyrA,1,0,0
Acinetobacter,Moraxellaceae,Pseudomonadales,Gammaproteobacteria,Pseudomonadota,gyrA,104,16,0.15384615384615385
Acrocarpospora,Streptosporangiaceae,Streptosporangiales,Actinomycetes,Actinomycetota,gyrA,5,0,0
Actibacterium,Rhodobacteraceae,Rhodobacterales,Alphaproteobacteria,Pseudomonadota,gyrA,6,0,0
Actimicrobium,Burkholderiaceae_D,Burkholderiales,Gammaproteobacteria,Pseudomonadota,gyrA,1,0,0
Actinacidiphila,Streptomycetaceae,Streptomycetales,Actinomycetes,Actinomycetota,gyrA,15,0,0
Actinoallomurus,Streptosporangiaceae,Streptosporangiales,Actinomycetes,Actinomycetota,gyrA,11,1,0.09090909090909091
Actinoalloteichus,NA,NA,NA,NA,gyrA,5,0,0
Actinobacillus,Pasteurellaceae,Enterobacterales,Gammaproteobacteria,Pseudomonadota,gyrA,15,1,0.06666666666666667
Actinobaculum,Actinomycetaceae,Actinomycetales,Actinomycetes,Actinomycetota,gyrA,2,1,0.5
Actinocatenispora,Micromonosporaceae,Mycobacteriales,Actinomycetes,Actinomycetota,gyrA,4,0,0
Actinocorallia,Streptosporangiaceae,Streptosporangiales,Actinomycetes,Actinomycetota,gyrA,7,0,0
Actinocrinis,Catenulisporaceae,Streptomycetales,Actinomycetes,Actinomycetota,gyrA,1,0,0
Actinokineospora,Pseudonocardiaceae,Mycobacteriales,Actinomycetes,Actinomycetota,gyrA,6,0,0
Actinomadura,NA,NA,NA,NA,gyrA,68,7,0.10294117647058823
Actinomarinicola,SKKL01,Acidimicrobiales,Acidimicrobiia,Actinomycetota,gyrA,1,0,0
Actinomyces,Actinomycetaceae,Actinomycetales,Actinomycetes,Actinomycetota,gyrA,45,29,0.6444444444444445
Actinomycetospora,Pseudonocardiaceae,Mycobacteriales,Actinomycetes,Actinomycetota,gyrA,15,0,0
Actinophytocola,Pseudonocardiaceae,Mycobacteriales,Actinomycetes,Actinomycetota,gyrA,6,0,0
Actinoplanes,Micromonosporaceae,Mycobacteriales,Actinomycetes,Actinomycetota,gyrA,32,0,0
Actinopolymorpha,Actinopolymorphaceae,Propionibacteriales,Actinomycetes,Actinomycetota,gyrA,5,0,0
Actinopolyspora,Pseudonocardiaceae,Mycobacteriales,Actinomycetes,Actinomycetota,gyrA,6,0,0
Actinorectispora,NA,NA,NA,NA,gyrA,1,0,0
Actinorhabdospora,Micromonosporaceae,Mycobacteriales,Actinomycetes,Actinomycetota,gyrA,1,1,1
Actinorugispora,Streptosporangiaceae,Streptosporangiales,Actinomycetes,Actinomycetota,gyrA,1,0,0
Actinospica,Catenulisporaceae,Streptomycetales,Actinomycetes,Actinomycetota,gyrA,3,0,0
Actinospineispora,NA,NA,NA,NA,gyrA,3,0,0
Actinospongiicola,NA,NA,NA,NA,gyrA,1,0,0
Actinosynnema,Pseudonocardiaceae,Mycobacteriales,Actinomycetes,Actinomycetota,gyrA,2,0,0
Actinotalea,Cellulomonadaceae,Actinomycetales,Actinomycetes,Actinomycetota,gyrA,10,2,0.2
Actinotignum,Actinomycetaceae,Actinomycetales,Actinomycetes,Actinomycetota,gyrA,11,10,0.9090909090909091
Actomonas,Opitutaceae,Opitutales,Verrucomicrobiia,Verrucomicrobiota,gyrA,4,0,0
Acutalibacter,Acutalibacteraceae,Oscillospirales,Clostridia,Bacillota,gyrA,3,3,1
Acuticoccus,Amorphaceae,Rhizobiales,Alphaproteobacteria,Pseudomonadota,gyrA,5,0,0
Adhaeretor,Lacipirellulaceae,Pirellulales,Planctomycetia,Planctomycetota,gyrA,1,0,0
Adhaeribacter,Hymenobacteraceae,Cytophagales,Bacteroidia,Bacteroidota,gyrA,10,3,0.3
Adlercreutzia,Eggerthellaceae,Coriobacteriales,Coriobacteriia,Actinomycetota,gyrA,12,2,0.16666666666666666
Adonisia,NA,NA,NA,NA,gyrA,1,0,0
Advenella,Burkholderiaceae_B,Burkholderiales,Gammaproteobacteria,Pseudomonadota,gyrA,6,1,0.16666666666666666
Aedoeadaptatus,Peptoniphilaceae,Tissierellales,Clostridia,Bacillota,gyrA,6,2,0.3333333333333333
Aegicerativicinus,Flavobacteriaceae,Flavobacteriales,Bacteroidia,Bacteroidota,gyrA,1,0,0
Aegicerorhabdus,NA,NA,NA,NA,gyrA,1,0,0
Aeoliella,Lacipirellulaceae,Pirellulales,Planctomycetia,Planctomycetota,gyrA,3,0,0
Aequitasia,Lachnospiraceae,Lachnospirales,Clostridia,Bacillota,gyrA,1,1,1
Aequoribacter,Halieaceae,Pseudomonadales,Gammaproteobacteria,Pseudomonadota,gyrA,1,0,0
Aequorivita,Flavobacteriaceae,Flavobacteriales,Bacteroidia,Bacteroidota,gyrA,21,0,0
Aeribacillus,Aeribacillaceae,Bacillales,Bacilli,Bacillota,gyrA,4,1,0.25
Aeriscardovia,Bifidobacteriaceae,Actinomycetales,Actinomycetes,Actinomycetota,gyrA,1,1,1
Aerobium,Rhizobiaceae,Rhizobiales,Alphaproteobacteria,Pseudomonadota,gyrA,1,1,1
Aerococcus,Aerococcaceae,Lactobacillales,Bacilli,Bacillota,gyrA,13,0,0
Aerolutibacter,Xanthomonadaceae,Xanthomonadales,Gammaproteobacteria,Pseudomonadota,gyrA,2,0,0
Aeromicrobium,Nocardioidaceae,Propionibacteriales,Actinomycetes,Actinomycetota,gyrA,24,0,0
Aeromonas,Aeromonadaceae,Enterobacterales,Gammaproteobacteria,Pseudomonadota,gyrA,38,5,0.13157894736842105
Aerophototrophica,NA,NA,NA,NA,gyrA,1,0,0
Aerosakkonema,Aerosakkonemataceae,Cyanobacteriales,Cyanobacteriia,Cyanobacteriota,gyrA,1,0,0
Aerosticca,Rhodanobacteraceae,Xanthomonadales,Gammaproteobacteria,Pseudomonadota,gyrA,1,1,1
Aestuarierythrobacter,Sphingomonadaceae,Sphingomonadales,Alphaproteobacteria,Pseudomonadota,gyrA,1,0,0
Aestuariibacter,Alteromonadaceae,Enterobacterales,Gammaproteobacteria,Pseudomonadota,gyrA,1,0,0
Aestuariibaculum,Flavobacteriaceae,Flavobacteriales,Bacteroidia,Bacteroidota,gyrA,5,0,0
Aestuariibius,Rhodobacteraceae,Rhodobacterales,Alphaproteobacteria,Pseudomonadota,gyrA,2,0,0
Aestuariimicrobium,Propionibacteriaceae,Propionibacteriales,Actinomycetes,Actinomycetota,gyrA,3,0,0
Aestuariirhabdus,Aestuariirhabdaceae,Pseudomonadales,Gammaproteobacteria,Pseudomonadota,gyrA,2,0,0
Aestuariispira,Aestuariispiraceae,UBA8366,Alphaproteobacteria,Pseudomonadota,gyrA,2,0,0
Aestuariivirga,Aestuariivirgaceae,Rhizobiales,Alphaproteobacteria,Pseudomonadota,gyrA,1,0,0
Aestuariivita,Rhodobacteraceae,Rhodobacterales,Alphaproteobacteria,Pseudomonadota,gyrA,1,0,0
Aestuariivivens,Flavobacteriaceae,Flavobacteriales,Bacteroidia,Bacteroidota,gyrA,4,0,0
Aestuarium,NA,NA,NA,NA,gyrA,1,0,0
Aetherobacter,NA,NA,NA,NA,gyrA,2,2,1
Aetokthonos,Nostocaceae,Cyanobacteriales,Cyanobacteriia,Cyanobacteriota,gyrA,1,0,0
Affinibrenneria,NA,NA,NA,NA,gyrA,1,0,0
Affinirhizobium,NA,NA,NA,NA,gyrA,7,7,1
Affinundibacterium,NA,NA,NA,NA,gyrA,9,9,1
Afifella,Afifellaceae,Rhizobiales,Alphaproteobacteria,Pseudomonadota,gyrA,3,0,0
Afipia,Xanthobacteraceae,Rhizobiales,Alphaproteobacteria,Pseudomonadota,gyrA,8,0,0
Agaribacillus,Cyclobacteriaceae,Cytophagales,Bacteroidia,Bacteroidota,gyrA,1,0,0
Agaribacter,NA,NA,NA,NA,gyrA,2,0,0
Agaribacterium,Cellvibrionaceae,Pseudomonadales,Gammaproteobacteria,Pseudomonadota,gyrA,1,0,0
Agaricicola,Methylopilaceae,Rhizobiales,Alphaproteobacteria,Pseudomonadota,gyrA,1,1,1
Agarilytica,Cellvibrionaceae,Pseudomonadales,Gammaproteobacteria,Pseudomonadota,gyrA,1,0,0
Agarivorans,Celerinatantimonadaceae,Enterobacterales,Gammaproteobacteria,Pseudomonadota,gyrA,5,0,0
Agathobacter,NA,NA,NA,NA,gyrA,2,2,1
Agathobaculum,Butyricicoccaceae,Oscillospirales,Clostridia,Bacillota,gyrA,7,7,1
Aggregatibacter,Pasteurellaceae,Enterobacterales,Gammaproteobacteria,Pseudomonadota,gyrA,4,0,0
Aggregatilinea,Aggregatilineaceae,Aggregatilineales,Anaerolineae,Chloroflexota,gyrA,1,0,0
Aggregatimonas,NA,NA,NA,NA,gyrA,1,0,0
Aggregicoccus,Myxococcaceae,Myxococcales,Myxococcia,Myxococcota,gyrA,1,1,1
Agilicoccus,Dermatophilaceae,Actinomycetales,Actinomycetes,Actinomycetota,gyrA,1,0,0
Agitococcus,Moraxellaceae,Pseudomonadales,Gammaproteobacteria,Pseudomonadota,gyrA,1,0,0
Agreia,Microbacteriaceae,Actinomycetales,Actinomycetes,Actinomycetota,gyrA,2,0,0
Agrilactobacillus,Lactobacillaceae,Lactobacillales,Bacilli,Bacillota,gyrA,3,0,0
Agrilutibacter,Xanthomonadaceae,Xanthomonadales,Gammaproteobacteria,Pseudomonadota,gyrA,3,0,0
Agriterribacter,Chitinophagaceae,Chitinophagales,Bacteroidia,Bacteroidota,gyrA,1,0,0
Agrobacterium,Rhizobiaceae,Rhizobiales,Alphaproteobacteria,Pseudomonadota,gyrA,19,15,0.7894736842105263
Agrococcus,Microbacteriaceae,Actinomycetales,Actinomycetes,Actinomycetota,gyrA,14,2,0.14285714285714285
Agromyces,Microbacteriaceae,Actinomycetales,Actinomycetes,Actinomycetota,gyrA,49,0,0
Ahniella,Ahniellaceae,Xanthomonadales,Gammaproteobacteria,Pseudomonadota,gyrA,1,0,0
Ahrensia,Rhizobiaceae,Rhizobiales,Alphaproteobacteria,Pseudomonadota,gyrA,2,0,0
Aidingimonas,Halomonadaceae,Pseudomonadales,Gammaproteobacteria,Pseudomonadota,gyrA,2,0,0
Akkermansia,Akkermansiaceae,Verrucomicrobiales,Verrucomicrobiia,Verrucomicrobiota,gyrA,3,3,1
Albibacillus,Rhodobacteraceae,Rhodobacterales,Alphaproteobacteria,Pseudomonadota,gyrA,1,0,0
Albibacterium,Sphingobacteriaceae,Sphingobacteriales,Bacteroidia,Bacteroidota,gyrA,3,3,1
Albidovulum,Rhodobacteraceae,Rhodobacterales,Alphaproteobacteria,Pseudomonadota,gyrA,9,9,1
Albimonas,Rhodobacteraceae,Rhodobacterales,Alphaproteobacteria,Pseudomonadota,gyrA,3,2,0.6666666666666666
Alcaligenes,Burkholderiaceae_B,Burkholderiales,Gammaproteobacteria,Pseudomonadota,gyrA,8,1,0.125
Alcanivorax,Alcanivoracaceae,Pseudomonadales,Gammaproteobacteria,Pseudomonadota,gyrA,9,0,0
Aldersonia,Mycobacteriaceae,Mycobacteriales,Actinomycetes,Actinomycetota,gyrA,1,1,1
Alexandriicola,Rhodobacteraceae,Rhodobacterales,Alphaproteobacteria,Pseudomonadota,gyrA,1,0,0
Algibacillus,Alteromonadaceae,Enterobacterales,Gammaproteobacteria,Pseudomonadota,gyrA,1,0,0
Algibacter,Flavobacteriaceae,Flavobacteriales,Bacteroidia,Bacteroidota,gyrA,11,0,0
Algicella,Rhodobacteraceae,Rhodobacterales,Alphaproteobacteria,Pseudomonadota,gyrA,1,0,0
Algicola,Alteromonadaceae,Enterobacterales,Gammaproteobacteria,Pseudomonadota,gyrA,1,0,0
Algihabitans,DSM-21159,Kiloniellales,Alphaproteobacteria,Pseudomonadota,gyrA,1,0,0
Algimonas,NA,NA,NA,NA,gyrA,3,0,0
Alginatibacterium,Celerinatantimonadaceae,Enterobacterales,Gammaproteobacteria,Pseudomonadota,gyrA,1,0,0
Algiphilus,Nevskiaceae,Nevskiales,Gammaproteobacteria,Pseudomonadota,gyrA,1,0,0
Algirhabdus,Rhodobacteraceae,Rhodobacterales,Alphaproteobacteria,Pseudomonadota,gyrA,1,0,0
Algisphaera,Phycisphaeraceae,Phycisphaerales,Phycisphaerae,Planctomycetota,gyrA,1,1,1
Algivirga,Flammeovirgaceae,Cytophagales,Bacteroidia,Bacteroidota,gyrA,1,0,0
Algoriella,NA,NA,NA,NA,gyrA,1,0,0
Algorimicrobium,Flavobacteriaceae,Flavobacteriales,Bacteroidia,Bacteroidota,gyrA,3,0,0
Algoriphagus,Cyclobacteriaceae,Cytophagales,Bacteroidia,Bacteroidota,gyrA,44,0,0
Aliagarivorans,Celerinatantimonadaceae,Enterobacterales,Gammaproteobacteria,Pseudomonadota,gyrA,2,0,0
Aliamphritea,NA,NA,NA,NA,gyrA,3,0,0
Aliarcobacter,Arcobacteraceae,Campylobacterales,Campylobacteria,Campylobacterota,gyrA,9,0,0
Alicycliphilus,Burkholderiaceae_C,Burkholderiales,Gammaproteobacteria,Pseudomonadota,gyrA,2,1,0.5
Alicyclobacillus,Alicyclobacillaceae,Alicyclobacillales,Bacilli,Bacillota,gyrA,13,5,0.38461538461538464
Alienimonas,Planctomycetaceae,Planctomycetales,Planctomycetia,Planctomycetota,gyrA,2,0,0
Aliibacillus,Marinococcaceae,Bacillales,Bacilli,Bacillota,gyrA,1,1,1
Aliicoccus,Salinicoccaceae,Staphylococcales,Bacilli,Bacillota,gyrA,1,0,0
Aliidiomarina,Alteromonadaceae,Enterobacterales,Gammaproteobacteria,Pseudomonadota,gyrA,13,1,0.07692307692307693
Aliidongia,CGMCC-115725,ATCC43930,Alphaproteobacteria,Pseudomonadota,gyrA,1,0,0
Aliigemmobacter,Rhodobacteraceae,Rhodobacterales,Alphaproteobacteria,Pseudomonadota,gyrA,1,0,0
Aliiglaciecola,Alteromonadaceae,Enterobacterales,Gammaproteobacteria,Pseudomonadota,gyrA,3,0,0
Aliihoeflea,Rhizobiaceae,Rhizobiales,Alphaproteobacteria,Pseudomonadota,gyrA,1,1,1
Aliikangiella,Kangiellaceae,Enterobacterales,Gammaproteobacteria,Pseudomonadota,gyrA,5,0,0
Aliinostoc,NA,NA,NA,NA,gyrA,1,0,0
Aliiphycobium,NA,NA,NA,NA,gyrA,1,0,0
Aliirhizobium,NA,NA,NA,NA,gyrA,3,0,0
Aliiroseovarius,Rhodobacteraceae,Rhodobacterales,Alphaproteobacteria,Pseudomonadota,gyrA,12,0,0
Aliiruegeria,NA,NA,NA,NA,gyrA,3,0,0
Aliisedimentitalea,Rhodobacteraceae,Rhodobacterales,Alphaproteobacteria,Pseudomonadota,gyrA,1,0,0
Aliishimia,Rhodobacteraceae,Rhodobacterales,Alphaproteobacteria,Pseudomonadota,gyrA,1,0,0
Aliivibrio,Vibrionaceae,Enterobacterales,Gammaproteobacteria,Pseudomonadota,gyrA,9,0,0
Alishewanella,Alteromonadaceae,Enterobacterales,Gammaproteobacteria,Pseudomonadota,gyrA,6,0,0
Alistipes,Rikenellaceae,Bacteroidales,Bacteroidia,Bacteroidota,gyrA,16,4,0.25
Alitabrizicola,NA,NA,NA,NA,gyrA,1,0,0
Aliterella,Chroococcidiopsidaceae,Cyanobacteriales,Cyanobacteriia,Cyanobacteriota,gyrA,1,0,0
Alitibacter,NA,NA,NA,NA,gyrA,1,0,0
Alitiscatomonas,Lachnospiraceae,Lachnospirales,Clostridia,Bacillota,gyrA,1,1,1
Alkalibacillus,Alkalibacillaceae,Bacillales,Bacilli,Bacillota,gyrA,7,0,0
Alkalibacter,Alkalibacteraceae,Eubacteriales,Clostridia,Bacillota,gyrA,3,0,0
Alkalibacterium,Carnobacteriaceae_A,Lactobacillales,Bacilli,Bacillota,gyrA,10,0,0
Alkalibaculum,Alkalibacteraceae,Eubacteriales,Clostridia,Bacillota,gyrA,2,0,0
Alkalicaulis,NA,NA,NA,NA,gyrA,1,0,0
Alkalicella,Proteinivoracaceae,Proteinivoracales,Proteinivoracia,Bacillota,gyrA,1,0,0
Alkalicoccobacillus,Bacillaceae_D,Bacillales,Bacilli,Bacillota,gyrA,4,0,0
Alkalicoccus,Salisediminibacteriaceae,Bacillales,Bacilli,Bacillota,gyrA,6,0,0
Alkalidesulfovibrio,Desulfovibrionaceae,Desulfovibrionales,Desulfovibrionia,Desulfobacterota,gyrA,1,0,0
Alkaliflexus,Marinilabiliaceae,Bacteroidales,Bacteroidia,Bacteroidota,gyrA,1,0,0
Alkalihalobacillus,Bacillaceae_D,Bacillales,Bacilli,Bacillota,gyrA,5,0,0
Alkalihalobacterium,Bacillaceae_F,Bacillales,Bacilli,Bacillota,gyrA,5,0,0
Alkalihalophilus,Bacillaceae_D,Bacillales,Bacilli,Bacillota,gyrA,3,0,0
Alkalilacustris,Rhodobacteraceae,Rhodobacterales,Alphaproteobacteria,Pseudomonadota,gyrA,1,0,0
Alkalilimnicola,Halorhodospiraceae,Nitrococcales,Gammaproteobacteria,Pseudomonadota,gyrA,1,0,0
Alkalimarinus,Oleiphilaceae,Pseudomonadales,Gammaproteobacteria,Pseudomonadota,gyrA,3,0,0
Alkalimonas,Alteromonadaceae,Enterobacterales,Gammaproteobacteria,Pseudomonadota,gyrA,5,0,0
Alkalinema,Leptolyngbyaceae,Leptolyngbyales,Cyanobacteriia,Cyanobacteriota,gyrA,1,0,0
Alkaliphilus,Natronincolaceae,Peptostreptococcales,Clostridia,Bacillota,gyrA,9,0,0
Alkalisalibacterium,Xanthomonadaceae,Xanthomonadales,Gammaproteobacteria,Pseudomonadota,gyrA,1,0,0
Alkalispirillum,NA,NA,NA,NA,gyrA,1,0,0
Alkalispirochaeta,Alkalispirochaetaceae,DSM-27196,Spirochaetia,Spirochaetota,gyrA,2,0,0
Alkalitalea,NA,NA,NA,NA,gyrA,1,1,1
Alkalithermobacter,Peptostreptococcaceae,Peptostreptococcales,Clostridia,Bacillota,gyrA,2,0,0
Alkanindiges,Moraxellaceae,Pseudomonadales,Gammaproteobacteria,Pseudomonadota,gyrA,2,0,0
Allgaiera,NA,NA,NA,NA,gyrA,1,1,1
Alloacidobacterium,Acidobacteriaceae,Terriglobales,Terriglobia,Acidobacteriota,gyrA,1,0,0
Alloalcanivorax,Alcanivoracaceae,Pseudomonadales,Gammaproteobacteria,Pseudomonadota,gyrA,8,0,0
Allobacillus,Alkalibacillaceae,Bacillales,Bacilli,Bacillota,gyrA,3,0,0
Allobaculum,Erysipelotrichaceae,Erysipelotrichales,Bacilli_A,Bacillota_I,gyrA,3,0,0
Allobaileyella,Anaerovoracaceae,Peptostreptococcales,Clostridia,Bacillota,gyrA,1,0,0
Allobogoriella,Actinomycetaceae,Actinomycetales,Actinomycetes,Actinomycetota,gyrA,1,0,0
Allobosea,Beijerinckiaceae,Rhizobiales,Alphaproteobacteria,Pseudomonadota,gyrA,14,12,0.8571428571428571
Allobrachymonas,NA,NA,NA,NA,gyrA,3,1,0.3333333333333333
Allobranchiibius,Dermatophilaceae,Actinomycetales,Actinomycetes,Actinomycetota,gyrA,1,1,1
Allocatelliglobosispora,Micromonosporaceae,Mycobacteriales,Actinomycetes,Actinomycetota,gyrA,1,0,0
Allocellulophaga,NA,NA,NA,NA,gyrA,1,0,0
Allochromatium,NA,NA,NA,NA,gyrA,3,3,1
Allocoleopsis,Coleofasciculaceae,Cyanobacteriales,Cyanobacteriia,Cyanobacteriota,gyrA,1,0,0
Allocoprobacillus,Coprobacillaceae,Erysipelotrichales,Bacilli_A,Bacillota_I,gyrA,1,0,0
Allocoprococcus,Lachnospiraceae,Lachnospirales,Clostridia,Bacillota,gyrA,2,2,1
Allofontibacter,NA,NA,NA,NA,gyrA,1,0,0
Allofournierella,Ruminococcaceae,Oscillospirales,Clostridia,Bacillota,gyrA,1,1,1
Allofrancisella,NA,NA,NA,NA,gyrA,4,0,0
Allofranklinella,NA,NA,NA,NA,gyrA,1,0,0
Allofustis,Carnobacteriaceae_A,Lactobacillales,Bacilli,Bacillota,gyrA,1,0,0
Allogeochorda,NA,NA,NA,NA,gyrA,1,1,1
Allohahella,Oleiphilaceae,Pseudomonadales,Gammaproteobacteria,Pseudomonadota,gyrA,1,0,0
Allohoeflea,NA,NA,NA,NA,gyrA,1,0,0
Alloiococcus,Carnobacteriaceae_A,Lactobacillales,Bacilli,Bacillota,gyrA,1,0,0
Allokutzneria,Pseudonocardiaceae,Mycobacteriales,Actinomycetes,Actinomycetota,gyrA,3,2,0.6666666666666666
Allolucifera,NA,NA,NA,NA,gyrA,1,0,0
Allomeiothermus,Thermaceae,Deinococcales,Deinococci,Deinococcota,gyrA,1,1,1
Allomesorhizobium,Rhizobiaceae,Rhizobiales,Alphaproteobacteria,Pseudomonadota,gyrA,2,2,1
Allomicrovenator,Bradymonadaceae,Bradymonadales,Bradymonadia,Myxococcota_A,gyrA,1,0,0
Allonocardiopsis,Streptosporangiaceae,Streptosporangiales,Actinomycetes,Actinomycetota,gyrA,1,0,0
Allopontixanthobacter,Sphingomonadaceae,Sphingomonadales,Alphaproteobacteria,Pseudomonadota,gyrA,2,0,0
Alloprevotella,Bacteroidaceae,Bacteroidales,Bacteroidia,Bacteroidota,gyrA,2,2,1
Allopseudospirillum,NA,NA,NA,NA,gyrA,1,0,0
Allopusillimonas,Burkholderiaceae_B,Burkholderiales,Gammaproteobacteria,Pseudomonadota,gyrA,2,0,0
Allorhizobium,Rhizobiaceae,Rhizobiales,Alphaproteobacteria,Pseudomonadota,gyrA,4,4,1
Allorhizocola,Micromonosporaceae,Mycobacteriales,Actinomycetes,Actinomycetota,gyrA,1,0,0
Allorhodopirellula,NA,NA,NA,NA,gyrA,2,0,0
Allosalinactinospora,Streptosporangiaceae,Streptosporangiales,Actinomycetes,Actinomycetota,gyrA,1,0,0
Alloscardovia,Bifidobacteriaceae,Actinomycetales,Actinomycetes,Actinomycetota,gyrA,5,1,0.2
Allosediminivita,Rhodobacteraceae,Rhodobacterales,Alphaproteobacteria,Pseudomonadota,gyrA,1,0,0
Allosphingorhabdus,NA,NA,NA,NA,gyrA,1,0,0
Allosphingosinicella,Sphingomonadaceae,Sphingomonadales,Alphaproteobacteria,Pseudomonadota,gyrA,6,4,0.6666666666666666
Allostella,Allostellaceae,ATCC43930,Alphaproteobacteria,Pseudomonadota,gyrA,1,0,0
Allostigmatella,NA,NA,NA,NA,gyrA,4,4,1
Allostreptomyces,Streptomycetaceae,Streptomycetales,Actinomycetes,Actinomycetota,gyrA,1,0,0
Allotamlana,Flavobacteriaceae,Flavobacteriales,Bacteroidia,Bacteroidota,gyrA,1,0,0
Alloyangia,NA,NA,NA,NA,gyrA,2,0,0
Almyronema,NA,NA,NA,NA,gyrA,1,0,0
Alphaproteobacteria,NA,NA,NA,NA,gyrA,1,1,1
Alpinimonas,Microbacteriaceae,Actinomycetales,Actinomycetes,Actinomycetota,gyrA,1,0,0
Alsobacter,Beijerinckiaceae,Rhizobiales,Alphaproteobacteria,Pseudomonadota,gyrA,3,0,0
Alteraquisediminimonas,Sphingomonadaceae,Sphingomonadales,Alphaproteobacteria,Pseudomonadota,gyrA,1,0,0
Alteraurantiacibacter,Sphingomonadaceae,Sphingomonadales,Alphaproteobacteria,Pseudomonadota,gyrA,5,0,0
Altererythrobacter,NA,NA,NA,NA,gyrA,8,5,0.625
Alteribacillus,Marinococcaceae,Bacillales,Bacilli,Bacillota,gyrA,3,0,0
Alteribacter,Salisediminibacteriaceae,Bacillales,Bacilli,Bacillota,gyrA,6,0,0
Altericroceibacterium,Sphingomonadaceae,Sphingomonadales,Alphaproteobacteria,Pseudomonadota,gyrA,4,0,0
Alterileibacterium,Anaerovoracaceae,Peptostreptococcales,Clostridia,Bacillota,gyrA,1,0,0
Alterinioella,Rhodobacteraceae,Rhodobacterales,Alphaproteobacteria,Pseudomonadota,gyrA,1,0,0
Alteripontixanthobacter,Sphingomonadaceae,Sphingomonadales,Alphaproteobacteria,Pseudomonadota,gyrA,2,0,0
Alteriqipengyuania,Sphingomonadaceae,Sphingomonadales,Alphaproteobacteria,Pseudomonadota,gyrA,3,0,0
Alterirhizorhabdus,Sphingomonadaceae,Sphingomonadales,Alphaproteobacteria,Pseudomonadota,gyrA,2,0,0
Alterisphingorhabdus,Sphingomonadaceae,Sphingomonadales,Alphaproteobacteria,Pseudomonadota,gyrA,1,1,1
Alteristakelama,NA,NA,NA,NA,gyrA,1,0,0
Alterluteimonas,NA,NA,NA,NA,gyrA,1,0,0
Alteromonas,Alteromonadaceae,Enterobacterales,Gammaproteobacteria,Pseudomonadota,gyrA,28,0,0
Alterotamlana,NA,NA,NA,NA,gyrA,1,0,0
Altibacter,Flavobacteriaceae,Flavobacteriales,Bacteroidia,Bacteroidota,gyrA,1,0,0
Alysiella,NA,NA,NA,NA,gyrA,2,0,0
Amantichitinum,Chitinibacteraceae,Burkholderiales,Gammaproteobacteria,Pseudomonadota,gyrA,1,0,0
Amaricoccus,Rhodobacteraceae,Rhodobacterales,Alphaproteobacteria,Pseudomonadota,gyrA,3,1,0.3333333333333333
Amarolinea,Amarolineaceae,SSC4,Anaerolineae,Chloroflexota,gyrA,1,1,1
Amazonocrinis,Nostocaceae,Cyanobacteriales,Cyanobacteriia,Cyanobacteriota,gyrA,1,0,0
Amedibacillus,Erysipelotrichaceae,Erysipelotrichales,Bacilli_A,Bacillota_I,gyrA,1,0,0
Amedibacterium,Erysipelotrichaceae,Erysipelotrichales,Bacilli_A,Bacillota_I,gyrA,1,1,1
Ameyamaea,Acetobacteraceae,Acetobacterales,Alphaproteobacteria,Pseudomonadota,gyrA,1,1,1
Aminicella,Anaerovoracaceae,Peptostreptococcales,Clostridia,Bacillota,gyrA,1,0,0
Aminiphilus,Aminiphilaceae,Synergistales,Synergistia,Synergistota,gyrA,1,0,0
Aminipila,Anaerovoracaceae,Peptostreptococcales,Clostridia,Bacillota,gyrA,3,0,0
Aminirod,NA,NA,NA,NA,gyrA,1,1,1
Aminithiophilus,Aminithiophilaceae,Synergistales,Synergistia,Synergistota,gyrA,1,1,1
Aminivibrio,Aminobacteriaceae,Synergistales,Synergistia,Synergistota,gyrA,1,0,0
Aminobacter,Rhizobiaceae,Rhizobiales,Alphaproteobacteria,Pseudomonadota,gyrA,6,6,1
Aminobacterium,Aminobacteriaceae,Synergistales,Synergistia,Synergistota,gyrA,3,1,0.3333333333333333
Aminomonas,Synergistaceae,Synergistales,Synergistia,Synergistota,gyrA,1,1,1
Ammonicoccus,NA,NA,NA,NA,gyrA,2,0,0
Ammonifex,Ammonificaceae,Desulfotomaculales,Desulfotomaculia,Bacillota,gyrA,2,2,1
Ammoniphilus,RAOX-1,Aneurinibacillales,Bacilli,Bacillota,gyrA,3,0,0
Amnibacterium,Microbacteriaceae,Actinomycetales,Actinomycetes,Actinomycetota,gyrA,5,0,0
Amniculibacterium,Weeksellaceae,Flavobacteriales,Bacteroidia,Bacteroidota,gyrA,1,0,0
Amnimonas,NA,NA,NA,NA,gyrA,1,0,0
Amoebophilus,Amoebophilaceae,Cytophagales,Bacteroidia,Bacteroidota,gyrA,1,1,1
Amorphus,Amorphaceae,Rhizobiales,Alphaproteobacteria,Pseudomonadota,gyrA,3,0,0
Amphibacillus,Amphibacillaceae,Bacillales,Bacilli,Bacillota,gyrA,6,0,0
Amphibiibacter,Burkholderiaceae_C,Burkholderiales,Gammaproteobacteria,Pseudomonadota,gyrA,1,0,0
Amphiplicatus,Parvularculaceae,Caulobacterales,Alphaproteobacteria,Pseudomonadota,gyrA,1,0,0
Amphritea,Balneatricaceae,Pseudomonadales,Gammaproteobacteria,Pseudomonadota,gyrA,5,0,0
Ampullimonas,Burkholderiaceae_D,Burkholderiales,Gammaproteobacteria,Pseudomonadota,gyrA,1,1,1
Amycolatopsis,Pseudonocardiaceae,Mycobacteriales,Actinomycetes,Actinomycetota,gyrA,84,1,0.011904761904761904
Amygdalobacter,Fastidiosipilaceae,Saccharofermentanales,Clostridia,Bacillota,gyrA,2,2,1
Amylibacter,Rhodobacteraceae,Rhodobacterales,Alphaproteobacteria,Pseudomonadota,gyrA,1,0,0
Amylolactobacillus,Lactobacillaceae,Lactobacillales,Bacilli,Bacillota,gyrA,2,0,0
Anabaena,Nostocaceae,Cyanobacteriales,Cyanobacteriia,Cyanobacteriota,gyrA,6,0,0
Anabaenopsis,Nostocaceae,Cyanobacteriales,Cyanobacteriia,Cyanobacteriota,gyrA,3,0,0
Anaerobaca,Anaerobacaceae,Sedimentisphaerales,Phycisphaerae,Planctomycetota,gyrA,1,1,1
Anaerobacillus,Anaerobacillaceae,Bacillales,Bacilli,Bacillota,gyrA,4,0,0
Anaerobacterium,DSM-27016,Acetivibrionales,Clostridia,Bacillota,gyrA,1,1,1
Anaerobiospirillum,Succinivibrionaceae,Enterobacterales,Gammaproteobacteria,Pseudomonadota,gyrA,1,1,1
Anaerobium,Lachnospiraceae,Lachnospirales,Clostridia,Bacillota,gyrA,1,1,1
Anaerobranca,Proteinivoracaceae,Proteinivoracales,Proteinivoracia,Bacillota,gyrA,2,0,0
Anaerobutyricum,Lachnospiraceae,Lachnospirales,Clostridia,Bacillota,gyrA,2,2,1
Anaerocaecibacter,Pumilibacteraceae,Christensenellales,Clostridia,Bacillota,gyrA,1,0,0
Anaerocellum,NA,NA,NA,NA,gyrA,2,2,1
Anaerococcoides,NA,NA,NA,NA,gyrA,1,0,0
Anaerococcus,Peptoniphilaceae,Tissierellales,Clostridia,Bacillota,gyrA,24,3,0.125
Anaerocolumna,Lachnospiraceae,Lachnospirales,Clostridia,Bacillota,gyrA,6,0,0
Anaerofilum,Ruminococcaceae,Oscillospirales,Clostridia,Bacillota,gyrA,1,1,1
Anaerofustis,Anaerofustaceae,Eubacteriales,Clostridia,Bacillota,gyrA,2,0,0
Anaeroglomus,Anaerohalosphaeraceae,Sedimentisphaerales,Phycisphaerae,Planctomycetota,gyrA,1,1,1
Anaerohalosphaera,Anaerohalosphaeraceae,Sedimentisphaerales,Phycisphaerae,Planctomycetota,gyrA,1,1,1
Anaerolactibacter,NA,NA,NA,NA,gyrA,1,1,1
Anaerolentibacter,Lachnospiraceae,Lachnospirales,Clostridia,Bacillota,gyrA,1,1,1
Anaerolinea,Anaerolineaceae,Anaerolineales,Anaerolineae,Chloroflexota,gyrA,2,0,0
Anaeromicrobium,Thermotaleaceae,Peptostreptococcales,Clostridia,Bacillota,gyrA,1,0,0
Anaeromicropila,Lachnospiraceae,Lachnospirales,Clostridia,Bacillota,gyrA,2,2,1
Anaeromonas,SIT17,Tissierellales,Clostridia,Bacillota,gyrA,2,0,0
Anaeromusa,Anaeromusaceae,Anaeromusales,Negativicutes,Bacillota,gyrA,1,0,0
Anaeromyxobacter,Anaeromyxobacteraceae,Myxococcales,Myxococcia,Myxococcota,gyrA,7,3,0.42857142857142855
Anaeropeptidivorans,UBA5962,Lachnospirales,Clostridia,Bacillota,gyrA,1,0,0
Anaerophaga,Marinilabiliaceae,Bacteroidales,Bacteroidia,Bacteroidota,gyrA,1,1,1
Anaerophilus,Thermotaleaceae,Peptostreptococcales,Clostridia,Bacillota,gyrA,1,0,0
Anaeroplasma,Anaeroplasmataceae,Acholeplasmatales,Bacilli_A,Bacillota_I,gyrA,1,0,0
Anaerorhabdus,Erysipelotrichaceae,Erysipelotrichales,Bacilli_A,Bacillota_I,gyrA,1,0,0
Anaerorudis,Dysgonomonadaceae,Bacteroidales,Bacteroidia,Bacteroidota,gyrA,1,1,1
Anaerosacchariphilus,Lachnospiraceae,Lachnospirales,Clostridia,Bacillota,gyrA,2,2,1
Anaerosalibacter,Sporanaerobacteraceae,Tissierellales,Clostridia,Bacillota,gyrA,2,0,0
Anaeroselena,UBA7701,Sporomusales,Negativicutes,Bacillota,gyrA,1,0,0
Anaerosinus,NA,NA,NA,NA,gyrA,2,0,0
Anaerosolibacter,Thermotaleaceae,Peptostreptococcales,Clostridia,Bacillota,gyrA,1,0,0
Anaerosoma,Anaerosomataceae,Anaerosomatales,Coriobacteriia,Actinomycetota,gyrA,1,0,0
Anaerosphaera,Peptoniphilaceae,Tissierellales,Clostridia,Bacillota,gyrA,2,0,0
Anaerospora,DSM-15969,Sporomusales,Negativicutes,Bacillota,gyrA,1,0,0
Anaerosporobacter,Lachnospiraceae,Lachnospirales,Clostridia,Bacillota,gyrA,2,2,1
Anaerosporomusa,Acetonemataceae,Sporomusales,Negativicutes,Bacillota,gyrA,1,0,0
Anaerostipes,Lachnospiraceae,Lachnospirales,Clostridia,Bacillota,gyrA,6,6,1
Anaerotaenia,NA,NA,NA,NA,gyrA,1,0,0
Anaerotalea,Vallitaleaceae,Lachnospirales,Clostridia,Bacillota,gyrA,1,0,0
Anaerotardibacter,Eggerthellaceae,Coriobacteriales,Coriobacteriia,Actinomycetota,gyrA,1,0,0
Anaerotignum,Anaerotignaceae,Lachnospirales,Clostridia,Bacillota,gyrA,4,0,0
Anaerotruncus,Ruminococcaceae,Oscillospirales,Clostridia,Bacillota,gyrA,2,2,1
Anaerovibrio,Selenomonadaceae,Selenomonadales,Negativicutes,Bacillota,gyrA,2,0,0
Anaerovirgula,Natronincolaceae,Peptostreptococcales,Clostridia,Bacillota,gyrA,1,0,0
Anaerovorax,Anaerovoracaceae,Peptostreptococcales,Clostridia,Bacillota,gyrA,1,0,0
Anaerozeibacter,Aristaeellaceae,Christensenellales,Clostridia,Bacillota,gyrA,1,0,0
Anaplasma,Anaplasmataceae,Rickettsiales,Alphaproteobacteria,Pseudomonadota,gyrA,7,1,0.14285714285714285
Anatilimnocola,Pirellulaceae,Pirellulales,Planctomycetia,Planctomycetota,gyrA,3,1,0.3333333333333333
Ancrocorticia,Actinomycetaceae,Actinomycetales,Actinomycetes,Actinomycetota,gyrA,1,0,0
Ancylobacter,Xanthobacteraceae,Rhizobiales,Alphaproteobacteria,Pseudomonadota,gyrA,20,19,0.95
Ancylomarina,Marinifilaceae,Bacteroidales,Bacteroidia,Bacteroidota,gyrA,4,0,0
Anditalea,Cyclobacteriaceae,Cytophagales,Bacteroidia,Bacteroidota,gyrA,1,0,0
Andreesenella,Natronincolaceae,Peptostreptococcales,Clostridia,Bacillota,gyrA,2,0,0
Andreesenia,Gottschalkiaceae,Tissierellales,Clostridia,Bacillota,gyrA,1,0,0
Andreprevotia,Chitinibacteraceae,Burkholderiales,Gammaproteobacteria,Pseudomonadota,gyrA,2,0,0
Aneurinibacillus,Aneurinibacillaceae,Aneurinibacillales,Bacilli,Bacillota,gyrA,9,5,0.5555555555555556
Angelakisella,Ruminococcaceae,Oscillospirales,Clostridia,Bacillota,gyrA,1,1,1
Angustibacter,Angustibacteraceae,Actinomycetales,Actinomycetes,Actinomycetota,gyrA,4,1,0.25
Anianabacter,NA,NA,NA,NA,gyrA,1,0,0
Annamia,NA,NA,NA,NA,gyrA,1,0,0
Annandia,Enterobacteriaceae_A,Enterobacterales,Gammaproteobacteria,Pseudomonadota,gyrA,2,2,1
Anoxybacillus,Anoxybacillaceae,Bacillales,Bacilli,Bacillota,gyrA,13,12,0.9230769230769231
Anoxybacter,DY22613,DY22613,Halanaerobiia,Bacillota,gyrA,1,1,1
Anoxybacterium,Anaerovoracaceae,Peptostreptococcales,Clostridia,Bacillota,gyrA,1,1,1
Anoxybacteroides,Anoxybacillaceae,Bacillales,Bacilli,Bacillota,gyrA,4,4,1
Anoxynatronum,Tindalliaceae,Peptostreptococcales,Clostridia,Bacillota,gyrA,2,0,0
Anseongella,Sphingobacteriaceae,Sphingobacteriales,Bacteroidia,Bacteroidota,gyrA,1,0,0
Antarcticibacterium,NA,NA,NA,NA,gyrA,2,0,0
Antarcticimicrobium,Rhodobacteraceae,Rhodobacterales,Alphaproteobacteria,Pseudomonadota,gyrA,2,0,0
Antarcticirhabdus,Rhizobiaceae,Rhizobiales,Alphaproteobacteria,Pseudomonadota,gyrA,1,1,1
Antarctobacter,Rhodobacteraceae,Rhodobacterales,Alphaproteobacteria,Pseudomonadota,gyrA,5,0,0
Anthocerotibacter,Anthocerotibacteraceae,Gloeobacterales,Cyanobacteriia,Cyanobacteriota,gyrA,1,0,0
Anthropogastromicrobium,Lachnospiraceae,Lachnospirales,Clostridia,Bacillota,gyrA,1,1,1
Antiquaquibacter,NA,NA,NA,NA,gyrA,3,2,0.6666666666666666
Antribacter,Cellulomonadaceae,Actinomycetales,Actinomycetes,Actinomycetota,gyrA,2,0,0
Antricoccus,Antricoccaceae,Mycobacteriales,Actinomycetes,Actinomycetota,gyrA,1,0,0
Antrihabitans,Mycobacteriaceae,Mycobacteriales,Actinomycetes,Actinomycetota,gyrA,4,3,0.75
Aphanizomenon,NA,NA,NA,NA,gyrA,1,0,0
Aphanothece,NA,NA,NA,NA,gyrA,5,0,0
Apibacter,Weeksellaceae,Flavobacteriales,Bacteroidia,Bacteroidota,gyrA,4,0,0
Apilactobacillus,Lactobacillaceae,Lactobacillales,Bacilli,Bacillota,gyrA,13,13,1
Apolloniradiicaulis,NA,NA,NA,NA,gyrA,1,0,0
Aporhodopirellula,NA,NA,NA,NA,gyrA,3,0,0
Aquabacter,Xanthobacteraceae,Rhizobiales,Alphaproteobacteria,Pseudomonadota,gyrA,3,0,0
Aquabacterium,Burkholderiaceae_C,Burkholderiales,Gammaproteobacteria,Pseudomonadota,gyrA,7,0,0
Aquamicrobium,NA,NA,NA,NA,gyrA,7,7,1
Aquarickettsia,NA,NA,NA,NA,gyrA,1,0,0
Aquariibacter,Burkholderiaceae_C,Burkholderiales,Gammaproteobacteria,Pseudomonadota,gyrA,2,0,0
Aquaspirillum,Aquaspirillaceae,Burkholderiales,Gammaproteobacteria,Pseudomonadota,gyrA,2,0,0
Aquaticitalea,Flavobacteriaceae,Flavobacteriales,Bacteroidia,Bacteroidota,gyrA,1,0,0
Aquella,UBA11063,Burkholderiales,Gammaproteobacteria,Pseudomonadota,gyrA,1,0,0
Aquibacillus,Amphibacillaceae,Bacillales,Bacilli,Bacillota,gyrA,8,0,0
Aquibaculum,DSM-21159,Kiloniellales,Alphaproteobacteria,Pseudomonadota,gyrA,2,0,0
Aquibium,Rhizobiaceae,Rhizobiales,Alphaproteobacteria,Pseudomonadota,gyrA,4,4,1
Aquicella,DSM-16500,DSM-16500,Gammaproteobacteria,Pseudomonadota,gyrA,2,0,0
Aquicoccus,Rhodobacteraceae,Rhodobacterales,Alphaproteobacteria,Pseudomonadota,gyrA,1,0,0
Aquidulcibacter,Aquidulcibacteraceae,Caulobacterales,Alphaproteobacteria,Pseudomonadota,gyrA,1,0,0
Aquiflexum,Cyclobacteriaceae,Cytophagales,Bacteroidia,Bacteroidota,gyrA,3,0,0
Aquihabitans,Iamiaceae,Acidimicrobiales,Acidimicrobiia,Actinomycetota,gyrA,1,1,1
Aquiluna,Microbacteriaceae,Actinomycetales,Actinomycetes,Actinomycetota,gyrA,1,0,0
Aquilutibacter,Xanthomonadaceae,Xanthomonadales,Gammaproteobacteria,Pseudomonadota,gyrA,1,0,0
Aquimarina,Flavobacteriaceae,Flavobacteriales,Bacteroidia,Bacteroidota,gyrA,33,0,0
Aquimixticola,Rhodobacteraceae,Rhodobacterales,Alphaproteobacteria,Pseudomonadota,gyrA,1,0,0
Aquimonas,Xanthomonadaceae,Xanthomonadales,Gammaproteobacteria,Pseudomonadota,gyrA,1,0,0
Aquincola,Burkholderiaceae_C,Burkholderiales,Gammaproteobacteria,Pseudomonadota,gyrA,2,0,0
Aquipluma,Prolixibacteraceae,Bacteroidales,Bacteroidia,Bacteroidota,gyrA,1,1,1
Aquipseudomonas,Pseudomonadaceae,Pseudomonadales,Gammaproteobacteria,Pseudomonadota,gyrA,4,0,0
Aquipuribacter,JBBAYJ01,Actinomycetales,Actinomycetes,Actinomycetota,gyrA,3,0,0
Aquirhabdus,Moraxellaceae,Pseudomonadales,Gammaproteobacteria,Pseudomonadota,gyrA,1,1,1
Aquirufa,Spirosomataceae,Cytophagales,Bacteroidia,Bacteroidota,gyrA,14,0,0
Aquisalibacillus,Alkalibacillaceae,Bacillales,Bacilli,Bacillota,gyrA,1,0,0
Aquisalimonas,Aquisalimonadaceae,Nitrococcales,Gammaproteobacteria,Pseudomonadota,gyrA,2,0,0
Aquisalinus,Parvularculaceae,Caulobacterales,Alphaproteobacteria,Pseudomonadota,gyrA,2,0,0
Aquisediminimonas,Sphingomonadaceae,Sphingomonadales,Alphaproteobacteria,Pseudomonadota,gyrA,1,0,0
Aquisphaera,Isosphaeraceae,Isosphaerales,Planctomycetia,Planctomycetota,gyrA,2,0,0
Aquitalea,Chromobacteriaceae,Burkholderiales,Gammaproteobacteria,Pseudomonadota,gyrA,6,0,0
Arabiibacter,Eggerthellaceae,Coriobacteriales,Coriobacteriia,Actinomycetota,gyrA,1,0,0
Arachidicoccus,Chitinophagaceae,Chitinophagales,Bacteroidia,Bacteroidota,gyrA,5,0,0
Arachnia,Propionibacteriaceae,Propionibacteriales,Actinomycetes,Actinomycetota,gyrA,2,0,0
Arboribacterium,NA,NA,NA,NA,gyrA,1,0,0
Arboricoccus,Geminicoccaceae,Geminicoccales,Alphaproteobacteria,Pseudomonadota,gyrA,1,0,0
Arcanobacterium,Actinomycetaceae,Actinomycetales,Actinomycetes,Actinomycetota,gyrA,12,12,1
Archangium,Myxococcaceae,Myxococcales,Myxococcia,Myxococcota,gyrA,7,0,0
Arcicella,Spirosomataceae,Cytophagales,Bacteroidia,Bacteroidota,gyrA,6,1,0.16666666666666666
Arcobacter,Arcobacteraceae,Campylobacterales,Campylobacteria,Campylobacterota,gyrA,18,1,0.05555555555555555
Arcticibacter,Sphingobacteriaceae,Sphingobacteriales,Bacteroidia,Bacteroidota,gyrA,4,4,1
Arcticibacterium,Spirosomataceae,Cytophagales,Bacteroidia,Bacteroidota,gyrA,1,0,0
Arcticimaribacter,Flavobacteriaceae,Flavobacteriales,Bacteroidia,Bacteroidota,gyrA,1,0,0
Ardenticatena,Ardenticatenaceae,Ardenticatenales,Anaerolineae,Chloroflexota,gyrA,1,0,0
Arenibacter,Flavobacteriaceae,Flavobacteriales,Bacteroidia,Bacteroidota,gyrA,15,0,0
Arenibacterium,Rhodobacteraceae,Rhodobacterales,Alphaproteobacteria,Pseudomonadota,gyrA,1,0,0
Arenibaculum,Azospirillaceae,Azospirillales,Alphaproteobacteria,Pseudomonadota,gyrA,1,0,0
Arenicella,Arenicellaceae,Arenicellales,Gammaproteobacteria,Pseudomonadota,gyrA,2,0,0
Arenimonas,Xanthomonadaceae,Xanthomonadales,Gammaproteobacteria,Pseudomonadota,gyrA,13,1,0.07692307692307693
Arenivirga,Microbacteriaceae,Actinomycetales,Actinomycetes,Actinomycetota,gyrA,1,0,0
Argonema,Aerosakkonemataceae,Cyanobacteriales,Cyanobacteriia,Cyanobacteriota,gyrA,2,0,0
Arhodomonas,Nitrococcaceae,Nitrococcales,Gammaproteobacteria,Pseudomonadota,gyrA,1,0,0
Aridibaculum,NA,NA,NA,NA,gyrA,1,0,0
Aristaeella,Aristaeellaceae,Christensenellales,Clostridia,Bacillota,gyrA,2,0,0
Aristophania,Acetobacteraceae,Acetobacterales,Alphaproteobacteria,Pseudomonadota,gyrA,1,0,0
Armatimonas,Armatimonadaceae,Armatimonadales,Armatimonadia,Armatimonadota,gyrA,1,0,0
Arminella,NA,NA,NA,NA,gyrA,3,3,1
Aromatoleum,Rhodocyclaceae,Burkholderiales,Gammaproteobacteria,Pseudomonadota,gyrA,11,0,0
Arsenicibacter,Spirosomataceae,Cytophagales,Bacteroidia,Bacteroidota,gyrA,1,0,0
Arsenicicoccus,Dermatophilaceae,Actinomycetales,Actinomycetes,Actinomycetota,gyrA,4,0,0
Arsenicitalea,Devosiaceae,Rhizobiales,Alphaproteobacteria,Pseudomonadota,gyrA,1,1,1
Arsenophonus,Enterobacteriaceae,Enterobacterales,Gammaproteobacteria,Pseudomonadota,gyrA,13,0,0
Arsukibacterium,NA,NA,NA,NA,gyrA,4,0,0
Arthrobacter,Micrococcaceae,Actinomycetales,Actinomycetes,Actinomycetota,gyrA,86,1,0.011627906976744186
Arthrospiribacter,Cyclobacteriaceae,Cytophagales,Bacteroidia,Bacteroidota,gyrA,1,0,0
Arundinibacter,Spirosomataceae,Cytophagales,Bacteroidia,Bacteroidota,gyrA,1,0,0
Arvimicrobium,Rhizobiaceae,Rhizobiales,Alphaproteobacteria,Pseudomonadota,gyrA,1,1,1
Asaccharospora,Peptostreptococcaceae,Peptostreptococcales,Clostridia,Bacillota,gyrA,1,0,0
Asaia,Acetobacteraceae,Acetobacterales,Alphaproteobacteria,Pseudomonadota,gyrA,8,0,0
Asanoa,Micromonosporaceae,Mycobacteriales,Actinomycetes,Actinomycetota,gyrA,5,0,0
Ascidiaceihabitans,Rhodobacteraceae,Rhodobacterales,Alphaproteobacteria,Pseudomonadota,gyrA,1,0,0
Ascidiimonas,Flavobacteriaceae,Flavobacteriales,Bacteroidia,Bacteroidota,gyrA,2,0,0
Asprobacillus,NA,NA,NA,NA,gyrA,1,0,0
Asticcacaulis,Caulobacteraceae,Caulobacterales,Alphaproteobacteria,Pseudomonadota,gyrA,11,5,0.45454545454545453
Astrobacterium,Xanthobacteraceae,Rhizobiales,Alphaproteobacteria,Pseudomonadota,gyrA,1,0,0
Atelocyanobacterium,Microcystaceae,Cyanobacteriales,Cyanobacteriia,Cyanobacteriota,gyrA,2,0,0
Athalassotoga,Mesoaciditogaceae,Mesoaciditogales,Thermotogae,Thermotogota,gyrA,1,0,0
Atlantibacter,Enterobacteriaceae,Enterobacterales,Gammaproteobacteria,Pseudomonadota,gyrA,2,0,0
Atlanticothrix,Nostocaceae,Cyanobacteriales,Cyanobacteriia,Cyanobacteriota,gyrA,1,0,0
Atopobacter,Aerococcaceae,Lactobacillales,Bacilli,Bacillota,gyrA,1,0,0
Atopobium,Atopobiaceae,Coriobacteriales,Coriobacteriia,Actinomycetota,gyrA,3,2,0.6666666666666666
Atopococcus,Carnobacteriaceae_A,Lactobacillales,Bacilli,Bacillota,gyrA,1,0,0
Atopomonas,Pseudomonadaceae,Pseudomonadales,Gammaproteobacteria,Pseudomonadota,gyrA,2,0,0
Atopostipes,Carnobacteriaceae_A,Lactobacillales,Bacilli,Bacillota,gyrA,1,0,0
Atribacter,Atribacteraceae,Atribacterales,Atribacteria,Atribacterota,gyrA,1,0,0
Atrimonas,NA,NA,NA,NA,gyrA,1,0,0
Attibartonella,NA,NA,NA,NA,gyrA,1,0,0
Aurantiacibacter,NA,NA,NA,NA,gyrA,17,0,0
Aurantibacillus,Aurantibacillaceae,B-17B0,Bacteroidia,Bacteroidota,gyrA,1,1,1
Aurantibacter,Flavobacteriaceae,Flavobacteriales,Bacteroidia,Bacteroidota,gyrA,2,0,0
Aurantibrevibacter,Flavobacteriaceae,Flavobacteriales,Bacteroidia,Bacteroidota,gyrA,1,0,0
Aurantimicrobium,Microbacteriaceae,Actinomycetales,Actinomycetes,Actinomycetota,gyrA,2,0,0
Aurantimonas,Rhizobiaceae,Rhizobiales,Alphaproteobacteria,Pseudomonadota,gyrA,6,0,0
Aurantivibrio,NA,NA,NA,NA,gyrA,2,0,0
Auraticoccus,Propionibacteriaceae,Propionibacteriales,Actinomycetes,Actinomycetota,gyrA,2,0,0
Aureibacillus,DSM-28697,Bacillales,Bacilli,Bacillota,gyrA,1,0,0
Aureibacter,Cyclobacteriaceae,Cytophagales,Bacteroidia,Bacteroidota,gyrA,1,0,0
Aureibaculum,Flavobacteriaceae,Flavobacteriales,Bacteroidia,Bacteroidota,gyrA,6,0,0
Aureicoccus,Flavobacteriaceae,Flavobacteriales,Bacteroidia,Bacteroidota,gyrA,1,0,0
Aureimonas,Rhizobiaceae,Rhizobiales,Alphaproteobacteria,Pseudomonadota,gyrA,13,8,0.6153846153846154
Aureisphaera,Flavobacteriaceae,Flavobacteriales,Bacteroidia,Bacteroidota,gyrA,1,0,0
Aureispira,Saprospiraceae,Chitinophagales,Bacteroidia,Bacteroidota,gyrA,1,0,0
Aureitalea,Flavobacteriaceae,Flavobacteriales,Bacteroidia,Bacteroidota,gyrA,1,0,0
Aureivirga,Flavobacteriaceae,Flavobacteriales,Bacteroidia,Bacteroidota,gyrA,1,0,0
Aureliella,Pirellulaceae,Pirellulales,Planctomycetia,Planctomycetota,gyrA,1,1,1
Auritidibacter,Micrococcaceae,Actinomycetales,Actinomycetes,Actinomycetota,gyrA,1,1,1
Austwickia,Dermatophilaceae,Actinomycetales,Actinomycetes,Actinomycetota,gyrA,1,0,0
Autumnicola,Flavobacteriaceae,Flavobacteriales,Bacteroidia,Bacteroidota,gyrA,7,0,0
Avelusimicrobium,Elusimicrobiaceae,Elusimicrobiales,Elusimicrobia,Elusimicrobiota,gyrA,1,0,0
Avibacterium,Pasteurellaceae,Enterobacterales,Gammaproteobacteria,Pseudomonadota,gyrA,5,1,0.2
Avrilella,NA,NA,NA,NA,gyrA,1,0,0
Azoamicus,Azoamicaceae,UBA6186,Gammaproteobacteria,Pseudomonadota,gyrA,1,1,1
Azoarcus,Rhodocyclaceae,Burkholderiales,Gammaproteobacteria,Pseudomonadota,gyrA,3,0,0
Azobacteroides,Azobacteroidaceae,Bacteroidales,Bacteroidia,Bacteroidota,gyrA,1,0,0
Azohydromonas,Burkholderiaceae_C,Burkholderiales,Gammaproteobacteria,Pseudomonadota,gyrA,5,0,0
Azomonas,Pseudomonadaceae,Pseudomonadales,Gammaproteobacteria,Pseudomonadota,gyrA,2,0,0
Azonexus,Rhodocyclaceae,Burkholderiales,Gammaproteobacteria,Pseudomonadota,gyrA,3,0,0
Azorhizobium,Xanthobacteraceae,Rhizobiales,Alphaproteobacteria,Pseudomonadota,gyrA,3,1,0.3333333333333333
Azorhizophilus,NA,NA,NA,NA,gyrA,1,0,0
Azospira,Rhodocyclaceae,Burkholderiales,Gammaproteobacteria,Pseudomonadota,gyrA,3,0,0
Azospirillum,Azospirillaceae,Azospirillales,Alphaproteobacteria,Pseudomonadota,gyrA,30,0,0
Azotobacter,Pseudomonadaceae,Pseudomonadales,Gammaproteobacteria,Pseudomonadota,gyrA,7,0,0
Azotosporobacter,SG130,SG130,Negativicutes,Bacillota,gyrA,1,0,0
Azovibrio,Rhodocyclaceae,Burkholderiales,Gammaproteobacteria,Pseudomonadota,gyrA,1,0,0
Baaleninema,Geitlerinemataceae,Cyanobacteriales,Cyanobacteriia,Cyanobacteriota,gyrA,1,0,0
Babela,Babelaceae,Babelales,Babeliae,Babelota,gyrA,1,1,1
Bacilliculturomica,Anaerovoracaceae,Peptostreptococcales,Clostridia,Bacillota,gyrA,1,0,0
Bacillus,Bacillaceae,Bacillales,Bacilli,Bacillota,gyrA,134,4,0.029850746268656716
Bacterioplanes,Oceanobacteraceae,Pseudomonadales,Gammaproteobacteria,Pseudomonadota,gyrA,1,0,0
Bacterioplanoides,Oceanobacteraceae,Pseudomonadales,Gammaproteobacteria,Pseudomonadota,gyrA,1,0,0
Bacteriovorax,Bacteriovoracaceae,Bacteriovoracales,Bacteriovoracia,Bdellovibrionota,gyrA,2,2,1
Bacterium,NA,NA,NA,NA,gyrA,2,0,0
Bacteroides,Bacteroidaceae,Bacteroidales,Bacteroidia,Bacteroidota,gyrA,59,33,0.559322033898305
Bacteroidetes,NA,NA,NA,NA,gyrA,1,0,0
Baekduia,Solirubrobacteraceae,Solirubrobacterales,Thermoleophilia,Actinomycetota,gyrA,2,1,0.5
Baia,Thermoactinomycetaceae,Thermoactinomycetales,Bacilli,Bacillota,gyrA,1,0,0
Bailinhaonella,Streptosporangiaceae,Streptosporangiales,Actinomycetes,Actinomycetota,gyrA,1,0,0
Balneatrix,Balneatricaceae,Pseudomonadales,Gammaproteobacteria,Pseudomonadota,gyrA,1,0,0
Balneicella,Balneicellaceae,Bacteroidales,Bacteroidia,Bacteroidota,gyrA,1,1,1
Balneola,Balneolaceae,Balneolales,Rhodothermia,Bacteroidota,gyrA,1,0,0
Bandiella,NA,NA,NA,NA,gyrA,2,0,0
Banduia,Nevskiaceae,Nevskiales,Gammaproteobacteria,Pseudomonadota,gyrA,1,1,1
Bariatricus,NA,NA,NA,NA,gyrA,1,1,1
Barnesiella,Barnesiellaceae,Bacteroidales,Bacteroidia,Bacteroidota,gyrA,3,1,0.3333333333333333
Barrientosiimonas,Dermatophilaceae,Actinomycetales,Actinomycetes,Actinomycetota,gyrA,1,0,0
Bartonella,Rhizobiaceae,Rhizobiales,Alphaproteobacteria,Pseudomonadota,gyrA,54,50,0.9259259259259259
Basfia,Pasteurellaceae,Enterobacterales,Gammaproteobacteria,Pseudomonadota,gyrA,1,0,0
Basilea,Burkholderiaceae_B,Burkholderiales,Gammaproteobacteria,Pseudomonadota,gyrA,1,0,0
Bathymodiolus,NA,NA,NA,NA,gyrA,6,0,0
Bauldia,Kaistiaceae,Rhizobiales,Alphaproteobacteria,Pseudomonadota,gyrA,1,0,0
Bavariicoccus,Aerococcaceae,Lactobacillales,Bacilli,Bacillota,gyrA,1,0,0
Bdellovibrio,Bdellovibrionaceae,Bdellovibrionales,Bdellovibrionia,Bdellovibrionota,gyrA,4,2,0.5
Bealeia,UBA9655,UBA9655,Alphaproteobacteria,Pseudomonadota,gyrA,1,0,0
Beduinella,Aristaeellaceae,Christensenellales,Clostridia,Bacillota,gyrA,1,0,0
Beduini,Coprobacillaceae,Erysipelotrichales,Bacilli_A,Bacillota_I,gyrA,1,0,0
Beggiatoa,Beggiatoaceae,Beggiatoales,Gammaproteobacteria,Pseudomonadota,gyrA,2,0,0
Beijerinckia,Beijerinckiaceae,Rhizobiales,Alphaproteobacteria,Pseudomonadota,gyrA,2,0,0
Belliella,Cyclobacteriaceae,Cytophagales,Bacteroidia,Bacteroidota,gyrA,9,0,0
Bellilinea,Anaerolineaceae,Anaerolineales,Anaerolineae,Chloroflexota,gyrA,1,0,0
Belnapia,Acetobacteraceae,Acetobacterales,Alphaproteobacteria,Pseudomonadota,gyrA,4,1,0.25
Bengtsoniella,NA,NA,NA,NA,gyrA,1,0,0
Benzoatithermus,Geminicoccaceae,Geminicoccales,Alphaproteobacteria,Pseudomonadota,gyrA,1,1,1
Bergeriella,NA,NA,NA,NA,gyrA,1,0,0
Bergeyella,Weeksellaceae,Flavobacteriales,Bacteroidia,Bacteroidota,gyrA,4,1,0.25
Berkiella,Berkiellaceae,Berkiellales,Gammaproteobacteria,Pseudomonadota,gyrA,2,0,0
Bermanella,Oceanobacteraceae,Pseudomonadales,Gammaproteobacteria,Pseudomonadota,gyrA,1,0,0
Bernardella,NA,NA,NA,NA,gyrA,1,0,0
Bernardetia,Bernardetiaceae,Cytophagales,Bacteroidia,Bacteroidota,gyrA,2,0,0
Berryella,Eggerthellaceae,Coriobacteriales,Coriobacteriia,Actinomycetota,gyrA,1,0,0
Beutenbergia,Beutenbergiaceae,Actinomycetales,Actinomycetes,Actinomycetota,gyrA,1,0,0
Bhargavaea,Planococcaceae,Bacillales_A,Bacilli,Bacillota,gyrA,6,0,0
Bianquea,Bianqueaceae,Lachnospirales,Clostridia,Bacillota,gyrA,1,0,0
Bibersteinia,Pasteurellaceae,Enterobacterales,Gammaproteobacteria,Pseudomonadota,gyrA,1,0,0
Bifidobacterium,Bifidobacteriaceae,Actinomycetales,Actinomycetes,Actinomycetota,gyrA,109,47,0.43119266055045874
Biformimicrobium,Cellvibrionaceae,Pseudomonadales,Gammaproteobacteria,Pseudomonadota,gyrA,1,0,0
Bilifractor,Lachnospiraceae,Lachnospirales,Clostridia,Bacillota,gyrA,1,1,1
Billgrantia,NA,NA,NA,NA,gyrA,18,0,0
Bilophila,Desulfovibrionaceae,Desulfovibrionales,Desulfovibrionia,Desulfobacterota,gyrA,1,0,0
Biomaibacter,Tepidanaerobacteraceae,Thermosediminibacterales,Thermosediminibacteria,Bacillota,gyrA,1,1,1
Biostraticola,Enterobacteriaceae,Enterobacterales,Gammaproteobacteria,Pseudomonadota,gyrA,1,0,0
Bisbaumannia,Halomonadaceae,Pseudomonadales,Gammaproteobacteria,Pseudomonadota,gyrA,2,0,0
Bisgaardia,Pasteurellaceae,Enterobacterales,Gammaproteobacteria,Pseudomonadota,gyrA,1,0,0
Bizionia,Flavobacteriaceae,Flavobacteriales,Bacteroidia,Bacteroidota,gyrA,7,0,0
Blastochloris,Xanthobacteraceae,Rhizobiales,Alphaproteobacteria,Pseudomonadota,gyrA,3,0,0
Blastococcus,Geodermatophilaceae,Mycobacteriales,Actinomycetes,Actinomycetota,gyrA,16,0,0
Blastomonas,Sphingomonadaceae,Sphingomonadales,Alphaproteobacteria,Pseudomonadota,gyrA,4,0,0
Blastopirellula,Pirellulaceae,Pirellulales,Planctomycetia,Planctomycetota,gyrA,3,0,0
Blattabacterium,Blattabacteriaceae,Flavobacteriales,Bacteroidia,Bacteroidota,gyrA,3,3,1
Blautia,Lachnospiraceae,Lachnospirales,Clostridia,Bacillota,gyrA,29,29,1
Blochmannia,NA,NA,NA,NA,gyrA,10,2,0.2
Blochmanniella,Enterobacteriaceae,Enterobacterales,Gammaproteobacteria,Pseudomonadota,gyrA,4,0,0
Bodocaedibacter,NA,NA,NA,NA,gyrA,1,1,1
Bombella,Acetobacteraceae,Acetobacterales,Alphaproteobacteria,Pseudomonadota,gyrA,8,0,0
Bombilactobacillus,Lactobacillaceae,Lactobacillales,Bacilli,Bacillota,gyrA,6,2,0.3333333333333333
Bombiscardovia,Bifidobacteriaceae,Actinomycetales,Actinomycetes,Actinomycetota,gyrA,2,1,0.5
Borborobacter,NA,NA,NA,NA,gyrA,2,2,1
Bordetella,Burkholderiaceae_B,Burkholderiales,Gammaproteobacteria,Pseudomonadota,gyrA,17,0,0
Borkfalkia,Borkfalkiaceae,Christensenellales,Clostridia,Bacillota,gyrA,1,0,0
Borrelia,Borreliaceae,Borreliales,Spirochaetia,Spirochaetota,gyrA,26,0,0
Borreliella,Borreliaceae,Borreliales,Spirochaetia,Spirochaetota,gyrA,17,0,0
Boseongicola,Rhodobacteraceae,Rhodobacterales,Alphaproteobacteria,Pseudomonadota,gyrA,1,0,0
Botrimarina,Lacipirellulaceae,Pirellulales,Planctomycetia,Planctomycetota,gyrA,3,0,0
Botryobacter,NA,NA,NA,NA,gyrA,1,0,0
Boudabousia,Actinomycetaceae,Actinomycetales,Actinomycetes,Actinomycetota,gyrA,3,0,0
Bovifimicola,Lachnospiraceae,Lachnospirales,Clostridia,Bacillota,gyrA,1,1,1
Bowdeniella,Actinomycetaceae,Actinomycetales,Actinomycetes,Actinomycetota,gyrA,2,1,0.5
Bowmanella,Alteromonadaceae,Enterobacterales,Gammaproteobacteria,Pseudomonadota,gyrA,4,0,0
Brachybacterium,Dermabacteraceae,Actinomycetales,Actinomycetes,Actinomycetota,gyrA,24,0,0
Brachymonas,Burkholderiaceae_C,Burkholderiales,Gammaproteobacteria,Pseudomonadota,gyrA,1,0,0
Brachyspira,Brachyspiraceae,Brachyspirales,Brachyspiria,Spirochaetota,gyrA,11,11,1
Brackiella,NA,NA,NA,NA,gyrA,1,0,0
Bradymonas,Bradymonadaceae,Bradymonadales,Bradymonadia,Myxococcota_A,gyrA,1,0,0
Bradyrhizobium,Xanthobacteraceae,Rhizobiales,Alphaproteobacteria,Pseudomonadota,gyrA,89,0,0
Brakhagea,NA,NA,NA,NA,gyrA,3,3,1
Branchiibius,Dermatophilaceae,Actinomycetales,Actinomycetes,Actinomycetota,gyrA,2,0,0
Brasilonema,Nostocaceae,Cyanobacteriales,Cyanobacteriia,Cyanobacteriota,gyrA,2,0,0
Brassicibacter,Proteiniboraceae,Tissierellales,Clostridia,Bacillota,gyrA,2,1,0.5
Bremerella,Pirellulaceae,Pirellulales,Planctomycetia,Planctomycetota,gyrA,3,0,0
Brenneria,Enterobacteriaceae,Enterobacterales,Gammaproteobacteria,Pseudomonadota,gyrA,12,1,0.08333333333333333
Breoghania,Stappiaceae,Rhizobiales,Alphaproteobacteria,Pseudomonadota,gyrA,1,0,0
Brevibacillus,Brevibacillaceae,Brevibacillales,Bacilli,Bacillota,gyrA,32,2,0.0625
Brevibacterium,Brevibacteriaceae,Actinomycetales,Actinomycetes,Actinomycetota,gyrA,39,0,0
Brevifilum,Anaerolineaceae,Anaerolineales,Anaerolineae,Chloroflexota,gyrA,1,0,0
Brevirhabdus,Rhodobacteraceae,Rhodobacterales,Alphaproteobacteria,Pseudomonadota,gyrA,1,0,0
Brevundimonas,Caulobacteraceae,Caulobacterales,Alphaproteobacteria,Pseudomonadota,gyrA,40,33,0.825
Breznakia,Erysipelotrichaceae,Erysipelotrichales,Bacilli_A,Bacillota_I,gyrA,2,0,0
Breznakibacter,Marinilabiliaceae,Bacteroidales,Bacteroidia,Bacteroidota,gyrA,1,0,0
Breznakiella,Breznakiellaceae,Treponematales,Spirochaetia,Spirochaetota,gyrA,1,1,1
Brocadia,Brocadiaceae,Brocadiales,Brocadiia,Planctomycetota,gyrA,2,0,0
Brochothrix,Listeriaceae,Lactobacillales,Bacilli,Bacillota,gyrA,2,0,0
Brockia,DSM-22653,Thermicanales,Bacilli,Bacillota,gyrA,1,1,1
Brooklawnia,Propionibacteriaceae,Propionibacteriales,Actinomycetes,Actinomycetota,gyrA,2,0,0
Brotaphodocola,Lachnospiraceae,Lachnospirales,Clostridia,Bacillota,gyrA,1,1,1
Brotocaccenecus,NA,NA,NA,NA,gyrA,1,1,1
Brotomerdimonas,NA,NA,NA,NA,gyrA,1,0,0
Brotonthovivens,Lachnospiraceae,Lachnospirales,Clostridia,Bacillota,gyrA,1,1,1
Brucella,Rhizobiaceae,Rhizobiales,Alphaproteobacteria,Pseudomonadota,gyrA,27,24,0.8888888888888888
Brumicola,NA,NA,NA,NA,gyrA,3,0,0
Brumimicrobium,Crocinitomicaceae,Flavobacteriales_D,Bacteroidia,Bacteroidota,gyrA,5,0,0
Brunnivagina,Nostocaceae,Cyanobacteriales,Cyanobacteriia,Cyanobacteriota,gyrA,1,0,0
Bryobacter,Bryobacteraceae,Bryobacterales,Terriglobia,Acidobacteriota,gyrA,1,0,0
Bryocella,NA,NA,NA,NA,gyrA,1,0,0
Brytella,Acetobacteraceae,Acetobacterales,Alphaproteobacteria,Pseudomonadota,gyrA,1,0,0
Buchananella,Actinomycetaceae,Actinomycetales,Actinomycetes,Actinomycetota,gyrA,2,1,0.5
Buchnera,Enterobacteriaceae,Enterobacterales,Gammaproteobacteria,Pseudomonadota,gyrA,1,0,0
Budvicia,Enterobacteriaceae,Enterobacterales,Gammaproteobacteria,Pseudomonadota,gyrA,2,0,0
Bulleidia,Erysipelotrichaceae,Erysipelotrichales,Bacilli_A,Bacillota_I,gyrA,1,1,1
Bullifex,Sphaerochaetaceae,Sphaerochaetales,Spirochaetia,Spirochaetota,gyrA,1,1,1
Burkholderia,Burkholderiaceae,Burkholderiales,Gammaproteobacteria,Pseudomonadota,gyrA,47,2,0.0425531914893617
Buttiauxella,Enterobacteriaceae,Enterobacterales,Gammaproteobacteria,Pseudomonadota,gyrA,9,0,0
Butyribacter,Lachnospiraceae,Lachnospirales,Clostridia,Bacillota,gyrA,1,1,1
Butyricicoccus,Butyricicoccaceae,Oscillospirales,Clostridia,Bacillota,gyrA,4,4,1
Butyricimonas,Marinifilaceae,Bacteroidales,Bacteroidia,Bacteroidota,gyrA,7,0,0
Butyrivibrio,Lachnospiraceae,Lachnospirales,Clostridia,Bacillota,gyrA,3,3,1
Bythopirellula,Lacipirellulaceae,Pirellulales,Planctomycetia,Planctomycetota,gyrA,3,0,0
Caballeronia,Burkholderiaceae,Burkholderiales,Gammaproteobacteria,Pseudomonadota,gyrA,26,22,0.8461538461538461
Caecibacteroides,NA,NA,NA,NA,gyrA,1,1,1
Caedibacter,Francisellaceae,Francisellales,Gammaproteobacteria,Pseudomonadota,gyrA,1,0,0
Caenibacillus,Sporolactobacillaceae,Bacillales,Bacilli,Bacillota,gyrA,1,1,1
Caenibius,Sphingomonadaceae,Sphingomonadales,Alphaproteobacteria,Pseudomonadota,gyrA,1,0,0
Caenicola,Synergistaceae,Synergistales,Synergistia,Synergistota,gyrA,1,0,0
Caenimonas,NA,NA,NA,NA,gyrA,5,0,0
Caenispirillum,Rhodospirillaceae,Rhodospirillales,Alphaproteobacteria,Pseudomonadota,gyrA,2,0,0
Caldalkalibacillus,Caldalkalibacillaceae,Caldalkalibacillales,Bacilli,Bacillota,gyrA,5,0,0
Caldanaerobacter,NA,NA,NA,NA,gyrA,1,1,1
Caldanaerobius,Caldanaerobiaceae,Thermoanaerobacterales,Thermoanaerobacteria,Bacillota,gyrA,2,2,1
Caldanaerovirga,NA,NA,NA,NA,gyrA,1,1,1
Caldatribacterium,Caldatribacteriaceae,Atribacterales,Atribacteria,Atribacterota,gyrA,1,0,0
Calderihabitans,Calderihabitantaceae,Calderihabitantales,KKC1,Bacillota,gyrA,1,1,1
Caldibacillus,Caldibacillaceae,Bacillales,Bacilli,Bacillota,gyrA,1,1,1
Caldicellulosiruptor,Caldicellulosiruptoraceae,Caldicellulosiruptorales,Thermoanaerobacteria,Bacillota,gyrA,10,10,1
Caldichromatium,NA,NA,NA,NA,gyrA,1,1,1
Caldicoprobacter,Caldicoprobacteraceae,Caldicoprobacterales,Clostridia,Bacillota,gyrA,3,3,1
Caldifarcimen,NA,NA,NA,NA,gyrA,1,1,1
Caldifermentibacillus,Caldibacillaceae,Bacillales,Bacilli,Bacillota,gyrA,1,0,0
Caldilinea,Caldilineaceae,Caldilineales,Anaerolineae,Chloroflexota,gyrA,2,1,0.5
Caldimicrobium,Thermodesulfobacteriaceae,Thermodesulfobacteriales,Thermodesulfobacteria,Desulfobacterota,gyrA,1,1,1
Caldimonas,Burkholderiaceae_C,Burkholderiales,Gammaproteobacteria,Pseudomonadota,gyrA,9,0,0
Caldisalinibacter,Caldisalinibacteraceae,Tissierellales,Clostridia,Bacillota,gyrA,1,0,0
Caldisericum,Caldisericaceae,Caldisericales,Caldisericia,Caldisericota,gyrA,2,0,0
Calditerricola,Calditerricolaceae,Calditerricolales,Bacilli,Bacillota,gyrA,2,2,1
Calditerrivibrio,Calditerrivibrionaceae,Deferribacterales,Deferribacteres,Chrysiogenota,gyrA,1,0,0
Caldithrix,Calditrichaceae,Calditrichales,Calditrichia,Calditrichota,gyrA,1,0,0
Caldovatus,Acetobacteraceae,Acetobacterales,Alphaproteobacteria,Pseudomonadota,gyrA,2,2,1
Calidifontibacillus,Bacillaceae_J,Bacillales,Bacilli,Bacillota,gyrA,2,0,0
Calidifontibacter,NA,NA,NA,NA,gyrA,2,0,0
Calidithermus,Thermaceae,Deinococcales,Deinococci,Deinococcota,gyrA,4,4,1
Caloramator,Caloramatoraceae,Clostridiales,Clostridia,Bacillota,gyrA,5,0,0
Caloranaerobacter,Thermohalobacteraceae,Tissierellales,Clostridia,Bacillota,gyrA,3,0,0
Calorimonas,UBA4877,Thermoanaerobacterales,Thermoanaerobacteria,Bacillota,gyrA,1,1,1
Calothrix,NA,NA,NA,NA,gyrA,3,0,0
Calycomorphotria,Planctomycetaceae,Planctomycetales,Planctomycetia,Planctomycetota,gyrA,1,0,0
Calyptranema,NA,NA,NA,NA,gyrA,1,0,0
Camelimonas,Beijerinckiaceae,Rhizobiales,Alphaproteobacteria,Pseudomonadota,gyrA,3,0,0
Camelliibacillus,Sporolactobacillaceae,Bacillales,Bacilli,Bacillota,gyrA,1,1,1
Caminibacter,Nautiliaceae,Campylobacterales,Campylobacteria,Campylobacterota,gyrA,3,0,0
Caminicella,Caminicellaceae,Peptostreptococcales,Clostridia,Bacillota,gyrA,1,0,0
Campylobacter,Campylobacteraceae,Campylobacterales,Campylobacteria,Campylobacterota,gyrA,56,10,0.17857142857142858
Candidimonas,Burkholderiaceae_B,Burkholderiales,Gammaproteobacteria,Pseudomonadota,gyrA,2,0,0
Canibacter,Microbacteriaceae,Actinomycetales,Actinomycetes,Actinomycetota,gyrA,3,0,0
Canicola,Pasteurellaceae,Enterobacterales,Gammaproteobacteria,Pseudomonadota,gyrA,1,0,0
Caniella,NA,NA,NA,NA,gyrA,1,0,0
Capillibacterium,UBA10575,UBA10575,UBA4882,Bacillota,gyrA,1,1,1
Capillimicrobium,Solirubrobacteraceae,Solirubrobacterales,Thermoleophilia,Actinomycetota,gyrA,1,1,1
Capilliphycus,Microcoleaceae,Cyanobacteriales,Cyanobacteriia,Cyanobacteriota,gyrA,1,0,0
Capnocytophaga,Flavobacteriaceae,Flavobacteriales,Bacteroidia,Bacteroidota,gyrA,15,5,0.3333333333333333
Caproicibacter,Acutalibacteraceae,Oscillospirales,Clostridia,Bacillota,gyrA,1,1,1
Caproicibacterium,Acutalibacteraceae,Oscillospirales,Clostridia,Bacillota,gyrA,3,3,1
Caproiciproducens,Acutalibacteraceae,Oscillospirales,Clostridia,Bacillota,gyrA,4,4,1
Capsulimonas,Capsulimonadaceae,Armatimonadales,Armatimonadia,Armatimonadota,gyrA,1,1,1
Carbonactinospora,Carbonactinosporaceae,Streptomycetales,Actinomycetes,Actinomycetota,gyrA,1,1,1
Carbonatibacter,Kiloniellaceae,Kiloniellales,Alphaproteobacteria,Pseudomonadota,gyrA,1,0,0
Carbonicoccus,Propionibacteriaceae,Propionibacteriales,Actinomycetes,Actinomycetota,gyrA,2,0,0
Carboxydichorda,Geochordaceae,Limnochordales,Limnochordia,Bacillota,gyrA,1,1,1
Carboxydocella,Carboxydocellaceae,Carboxydocellales,GCA-003054495,Bacillota,gyrA,1,0,0
Carboxydothermus,Carboxydothermaceae,Carboxydothermales,Z-2901,Bacillota,gyrA,4,4,1
Carboxylicivirga,Marinilabiliaceae,Bacteroidales,Bacteroidia,Bacteroidota,gyrA,10,1,0.1
Cardinium,Amoebophilaceae,Cytophagales,Bacteroidia,Bacteroidota,gyrA,10,8,0.8
Cardiobacterium,Cardiobacteriaceae,Cardiobacteriales,Gammaproteobacteria,Pseudomonadota,gyrA,2,0,0
Carnimonas,Halomonadaceae,Pseudomonadales,Gammaproteobacteria,Pseudomonadota,gyrA,2,0,0
Carnobacterium,Carnobacteriaceae,Lactobacillales,Bacilli,Bacillota,gyrA,12,0,0
Caryophanon,Planococcaceae,Bacillales_A,Bacilli,Bacillota,gyrA,2,0,0
Casimicrobium,Casimicrobiaceae,Burkholderiales,Gammaproteobacteria,Pseudomonadota,gyrA,1,0,0
Castellaniella,Burkholderiaceae_B,Burkholderiales,Gammaproteobacteria,Pseudomonadota,gyrA,6,0,0
Catalinimonas,Cyclobacteriaceae,Cytophagales,Bacteroidia,Bacteroidota,gyrA,3,1,0.3333333333333333
Catellatospora,Micromonosporaceae,Mycobacteriales,Actinomycetes,Actinomycetota,gyrA,10,0,0
Catellicoccus,Catellicoccaceae,Lactobacillales,Bacilli,Bacillota,gyrA,1,0,0
Catelliglobosispora,Micromonosporaceae,Mycobacteriales,Actinomycetes,Actinomycetota,gyrA,1,0,0
Catenibacillus,Lachnospiraceae,Lachnospirales,Clostridia,Bacillota,gyrA,1,1,1
Catenibacterium,Coprobacillaceae,Erysipelotrichales,Bacilli_A,Bacillota_I,gyrA,2,0,0
Catenisphaera,Erysipelotrichaceae,Erysipelotrichales,Bacilli_A,Bacillota_I,gyrA,1,1,1
Catenovulum,Alteromonadaceae,Enterobacterales,Gammaproteobacteria,Pseudomonadota,gyrA,4,0,0
Catenulispora,Catenulisporaceae,Streptomycetales,Actinomycetes,Actinomycetota,gyrA,6,6,1
Catenuloplanes,Micromonosporaceae,Mycobacteriales,Actinomycetes,Actinomycetota,gyrA,5,0,0
Catonella,Lachnospiraceae,Lachnospirales,Clostridia,Bacillota,gyrA,2,2,1
Cauispirillum,Rhodospirillaceae,Rhodospirillales,Alphaproteobacteria,Pseudomonadota,gyrA,1,0,0
Caulifigura,Planctomycetaceae,Planctomycetales,Planctomycetia,Planctomycetota,gyrA,1,0,0
Caulobacter,Caulobacteraceae,Caulobacterales,Alphaproteobacteria,Pseudomonadota,gyrA,13,12,0.9230769230769231
Caviibacter,Leptotrichiaceae,Fusobacteriales,Fusobacteriia,Fusobacteriota,gyrA,1,1,1
Caviibacterium,Pasteurellaceae,Enterobacterales,Gammaproteobacteria,Pseudomonadota,gyrA,1,0,0
Cecembia,Cyclobacteriaceae,Cytophagales,Bacteroidia,Bacteroidota,gyrA,3,0,0
Cedecea,Enterobacteriaceae,Enterobacterales,Gammaproteobacteria,Pseudomonadota,gyrA,5,0,0
Celeribacter,Rhodobacteraceae,Rhodobacterales,Alphaproteobacteria,Pseudomonadota,gyrA,10,0,0
Celerinatantimonas,Celerinatantimonadaceae,Enterobacterales,Gammaproteobacteria,Pseudomonadota,gyrA,4,0,0
Cellulomonas,Cellulomonadaceae,Actinomycetales,Actinomycetes,Actinomycetota,gyrA,50,1,0.02
Cellulophaga,Flavobacteriaceae,Flavobacteriales,Bacteroidia,Bacteroidota,gyrA,6,0,0
Cellulosilyticum,Cellulosilyticaceae,Lachnospirales,Clostridia,Bacillota,gyrA,2,2,1
Cellulosimicrobium,Cellulomonadaceae,Actinomycetales,Actinomycetes,Actinomycetota,gyrA,7,0,0
Cellulosispirillum,Chitinispirillaceae,Chitinivibrionales,Chitinivibrionia,Fibrobacterota,gyrA,1,0,0
Cellvibrio,Cellvibrionaceae,Pseudomonadales,Gammaproteobacteria,Pseudomonadota,gyrA,7,0,0
Centipeda,Selenomonadaceae,Selenomonadales,Negativicutes,Bacillota,gyrA,9,0,0
Cephaloticoccus,Opitutaceae,Opitutales,Verrucomicrobiia,Verrucomicrobiota,gyrA,2,0,0
Cerasibacillus,Amphibacillaceae,Bacillales,Bacilli,Bacillota,gyrA,2,0,0
Cerasicoccus,Cerasicoccaceae,Opitutales,Verrucomicrobiia,Verrucomicrobiota,gyrA,4,0,0
Cereibacter,Rhodobacteraceae,Rhodobacterales,Alphaproteobacteria,Pseudomonadota,gyrA,6,2,0.3333333333333333
Cerina,Flavobacteriaceae,Flavobacteriales,Bacteroidia,Bacteroidota,gyrA,1,0,0
Cernens,Halomonadaceae,Pseudomonadales,Gammaproteobacteria,Pseudomonadota,gyrA,1,0,0
Cesiribacter,Cyclobacteriaceae,Cytophagales,Bacteroidia,Bacteroidota,gyrA,1,0,0
Cetobacterium,Fusobacteriaceae,Fusobacteriales,Fusobacteriia,Fusobacteriota,gyrA,3,3,1
Chachezhania,Rhodobacteraceae,Rhodobacterales,Alphaproteobacteria,Pseudomonadota,gyrA,2,0,0
Chakrabartyella,Anaerotignaceae,Lachnospirales,Clostridia,Bacillota,gyrA,1,1,1
Chamaesiphon,Chamaesiphonaceae,Cyanobacteriales,Cyanobacteriia,Cyanobacteriota,gyrA,2,0,0
Changchengzhania,Flavobacteriaceae,Flavobacteriales,Bacteroidia,Bacteroidota,gyrA,1,0,0
Changpingibacter,Actinomycetaceae,Actinomycetales,Actinomycetes,Actinomycetota,gyrA,1,1,1
Chania,Enterobacteriaceae,Enterobacterales,Gammaproteobacteria,Pseudomonadota,gyrA,1,0,0
Chelativorans,Rhizobiaceae,Rhizobiales,Alphaproteobacteria,Pseudomonadota,gyrA,8,8,1
Chelatococcus,Beijerinckiaceae,Rhizobiales,Alphaproteobacteria,Pseudomonadota,gyrA,6,0,0
Chelonobacter,Pasteurellaceae,Enterobacterales,Gammaproteobacteria,Pseudomonadota,gyrA,1,0,0
Chenggangzhangella,NA,NA,NA,NA,gyrA,1,0,0
Chengkuizengella,KCTC-33759,Paenibacillales,Bacilli,Bacillota,gyrA,3,0,0
Chiayiivirga,Xanthomonadaceae,Xanthomonadales,Gammaproteobacteria,Pseudomonadota,gyrA,1,0,0
Chimaeribacter,Enterobacteriaceae,Enterobacterales,Gammaproteobacteria,Pseudomonadota,gyrA,3,0,0
Chishuiella,NA,NA,NA,NA,gyrA,1,0,0
Chitinasiproducens,Burkholderiaceae,Burkholderiales,Gammaproteobacteria,Pseudomonadota,gyrA,1,0,0
Chitinibacter,Chitinibacteraceae,Burkholderiales,Gammaproteobacteria,Pseudomonadota,gyrA,4,1,0.25
Chitinilyticum,Chitinibacteraceae,Burkholderiales,Gammaproteobacteria,Pseudomonadota,gyrA,3,2,0.6666666666666666
Chitinimonas,Chitinimonadaceae,Burkholderiales,Gammaproteobacteria,Pseudomonadota,gyrA,7,3,0.42857142857142855
Chitiniphilus,Chitinibacteraceae,Burkholderiales,Gammaproteobacteria,Pseudomonadota,gyrA,3,2,0.6666666666666666
Chitinirhabdus,Chitinibacteraceae,Burkholderiales,Gammaproteobacteria,Pseudomonadota,gyrA,1,1,1
Chitinivibrio,Chitinivibrionaceae,Chitinivibrionales,Chitinivibrionia,Fibrobacterota,gyrA,1,0,0
Chitinivorax,SCOH01,Burkholderiales,Gammaproteobacteria,Pseudomonadota,gyrA,1,1,1
Chitinolyticbacter,Chitinibacteraceae,Burkholderiales,Gammaproteobacteria,Pseudomonadota,gyrA,2,0,0
Chitinophaga,Chitinophagaceae,Chitinophagales,Bacteroidia,Bacteroidota,gyrA,47,37,0.7872340425531915
Chlamydia,Chlamydiaceae,Chlamydiales,Chlamydiia,Chlamydiota,gyrA,19,1,0.05263157894736842
Chlamydiifrater,Chlamydiaceae,Chlamydiales,Chlamydiia,Chlamydiota,gyrA,2,0,0
Chloracidobacterium,Chloracidobacteriaceae,Chloracidobacteriales,Blastocatellia,Acidobacteriota,gyrA,3,2,0.6666666666666666
Chlorobaculum,Chlorobiaceae,Chlorobiales,Chlorobiia,Bacteroidota,gyrA,4,0,0
Chlorobium,Chlorobiaceae,Chlorobiales,Chlorobiia,Bacteroidota,gyrA,5,0,0
Chloroflexus,Chloroflexaceae,Chloroflexales,Chloroflexia,Chloroflexota,gyrA,3,0,0
Chlorogloeopsis,Nostocaceae,Cyanobacteriales,Cyanobacteriia,Cyanobacteriota,gyrA,1,0,0
Chlorohelix,Chloroheliaceae,Chloroheliales,Chloroflexia,Chloroflexota,gyrA,1,0,0
Chloroherpeton,Chloroherpetonaceae,Chlorobiales,Chlorobiia,Bacteroidota,gyrA,1,0,0
Chondrinema,Flammeovirgaceae,Cytophagales,Bacteroidia,Bacteroidota,gyrA,1,1,1
Chondromyces,Polyangiaceae,Polyangiales,Polyangia,Myxococcota_A,gyrA,5,0,0
Chordibacter,Seribacteraceae,Opitutales,Verrucomicrobiia,Verrucomicrobiota,gyrA,1,0,0
Chordicoccus,Lachnospiraceae,Lachnospirales,Clostridia,Bacillota,gyrA,1,1,1
Christensenella,Christensenellaceae,Christensenellales,Clostridia,Bacillota,gyrA,6,1,0.16666666666666666
Christiangramia,Flavobacteriaceae,Flavobacteriales,Bacteroidia,Bacteroidota,gyrA,18,1,0.05555555555555555
Chromatium,Chromatiaceae,Chromatiales,Gammaproteobacteria,Pseudomonadota,gyrA,1,0,0
Chromatocurvus,Halieaceae,Pseudomonadales,Gammaproteobacteria,Pseudomonadota,gyrA,1,0,0
Chromobacterium,Chromobacteriaceae,Burkholderiales,Gammaproteobacteria,Pseudomonadota,gyrA,16,0,0
Chromohalobacter,Halomonadaceae,Pseudomonadales,Gammaproteobacteria,Pseudomonadota,gyrA,7,0,0
Chromulinivorax,Chromulinivoraceae,Babelales,Babeliae,Babelota,gyrA,1,1,1
Chroococcidiopsis,Chroococcidiopsidaceae,Cyanobacteriales,Cyanobacteriia,Cyanobacteriota,gyrA,2,0,0
Chroogloeocystis,Chroococcidiopsidaceae,Cyanobacteriales,Cyanobacteriia,Cyanobacteriota,gyrA,1,0,0
Chryseobacillus,NA,NA,NA,NA,gyrA,1,0,0
Chryseobacterium,Weeksellaceae,Flavobacteriales,Bacteroidia,Bacteroidota,gyrA,136,2,0.014705882352941176
Chryseolinea,Cyclobacteriaceae,Cytophagales,Bacteroidia,Bacteroidota,gyrA,3,0,0
Chryseomicrobium,Planococcaceae,Bacillales_A,Bacilli,Bacillota,gyrA,3,0,0
Chryseopegocella,NA,NA,NA,NA,gyrA,1,1,1
Chryseosolibacter,Cyclobacteriaceae,Cytophagales,Bacteroidia,Bacteroidota,gyrA,2,2,1
Chryseotalea,Cyclobacteriaceae,Cytophagales,Bacteroidia,Bacteroidota,gyrA,1,1,1
Chrysiogenes,Chrysiogenaceae,Chrysiogenales,Chrysiogenetes,Chrysiogenota,gyrA,1,0,0
Chrysosporum,NA,NA,NA,NA,gyrA,1,0,0
Chthoniobacter,Chthoniobacteraceae,Chthoniobacterales,Verrucomicrobiia,Verrucomicrobiota,gyrA,1,0,0
Chthonobacter,Pleomorphomonadaceae,Rhizobiales,Alphaproteobacteria,Pseudomonadota,gyrA,2,0,0
Chthonomonas,Chthonomonadaceae,Chthonomonadales,Chthonomonadetes,Armatimonadota,gyrA,1,1,1
Chungangia,Planococcaceae,Bacillales_A,Bacilli,Bacillota,gyrA,1,0,0
Ciceribacter,NA,NA,NA,NA,gyrA,5,5,1
Citreicoccus,Myxococcaceae,Myxococcales,Myxococcia,Myxococcota,gyrA,1,0,0
Citreimonas,Rhodobacteraceae,Rhodobacterales,Alphaproteobacteria,Pseudomonadota,gyrA,1,0,0
Citricoccus,Micrococcaceae,Actinomycetales,Actinomycetes,Actinomycetota,gyrA,5,0,0
Citrifermentans,NA,NA,NA,NA,gyrA,2,0,0
Citrobacter,Enterobacteriaceae,Enterobacterales,Gammaproteobacteria,Pseudomonadota,gyrA,21,2,0.09523809523809523
Citromicrobium,NA,NA,NA,NA,gyrA,1,0,0
Citroniella,Peptoniphilaceae,Tissierellales,Clostridia,Bacillota,gyrA,1,0,0
Claveliimonas,Lachnospiraceae,Lachnospirales,Clostridia,Bacillota,gyrA,2,2,1
Clavibacter,Microbacteriaceae,Actinomycetales,Actinomycetes,Actinomycetota,gyrA,14,0,0
Clavichlamydia,Chlamydiaceae,Chlamydiales,Chlamydiia,Chlamydiota,gyrA,1,0,0
Cloacibacillus,Synergistaceae,Synergistales,Synergistia,Synergistota,gyrA,2,2,1
Cloacibacterium,Weeksellaceae,Flavobacteriales,Bacteroidia,Bacteroidota,gyrA,3,0,0
Cloacimonas,Cloacimonadaceae,Cloacimonadales,Cloacimonadia,Cloacimonadota,gyrA,1,0,0
Clostridiisalibacter,Clostridiisalibacteraceae,Tissierellales,Clostridia,Bacillota,gyrA,1,0,0
Clostridioides,Peptostreptococcaceae,Peptostreptococcales,Clostridia,Bacillota,gyrA,1,1,1
Clostridium,Clostridiaceae,Clostridiales,Clostridia,Bacillota,gyrA,178,32,0.1797752808988764
Cnuella,NA,NA,NA,NA,gyrA,1,0,0
Cnuibacter,Microbacteriaceae,Actinomycetales,Actinomycetes,Actinomycetota,gyrA,1,0,0
Cobetia,Halomonadaceae,Pseudomonadales,Gammaproteobacteria,Pseudomonadota,gyrA,3,0,0
Cochleicola,Flavobacteriaceae,Flavobacteriales,Bacteroidia,Bacteroidota,gyrA,1,0,0
Cochlodiniinecator,Rhodobacteraceae,Rhodobacterales,Alphaproteobacteria,Pseudomonadota,gyrA,1,0,0
Cocleimonas,Thiotrichaceae,Thiotrichales,Gammaproteobacteria,Pseudomonadota,gyrA,1,0,0
Cognataquiflexum,Cyclobacteriaceae,Cytophagales,Bacteroidia,Bacteroidota,gyrA,3,0,0
Cognatazoarcus,Rhodocyclaceae,Burkholderiales,Gammaproteobacteria,Pseudomonadota,gyrA,1,0,0
Cognaticolwellia,Alteromonadaceae,Enterobacterales,Gammaproteobacteria,Pseudomonadota,gyrA,3,0,0
Cognatiluteimonas,Xanthomonadaceae,Xanthomonadales,Gammaproteobacteria,Pseudomonadota,gyrA,5,0,0
Cognatilysobacter,Xanthomonadaceae,Xanthomonadales,Gammaproteobacteria,Pseudomonadota,gyrA,6,0,0
Cognatishimia,Rhodobacteraceae,Rhodobacterales,Alphaproteobacteria,Pseudomonadota,gyrA,3,0,0
Cognatitamlana,Flavobacteriaceae,Flavobacteriales,Bacteroidia,Bacteroidota,gyrA,1,0,0
Cognatiyoonia,Rhodobacteraceae,Rhodobacterales,Alphaproteobacteria,Pseudomonadota,gyrA,3,0,0
Cognatundibacterium,NA,NA,NA,NA,gyrA,10,10,1
Cohaesibacter,Cohaesibacteraceae,Rhizobiales,Alphaproteobacteria,Pseudomonadota,gyrA,5,0,0
Cohnella,Paenibacillaceae,Paenibacillales,Bacilli,Bacillota,gyrA,37,13,0.35135135135135137
Coleofasciculus,Coleofasciculaceae,Cyanobacteriales,Cyanobacteriia,Cyanobacteriota,gyrA,1,0,0
Collibacillus,BOQE01,Tumebacillales,Bacilli,Bacillota,gyrA,1,0,0
Collimonas,Burkholderiaceae_D,Burkholderiales,Gammaproteobacteria,Pseudomonadota,gyrA,7,7,1
Collinsella,Coriobacteriaceae,Coriobacteriales,Coriobacteriia,Actinomycetota,gyrA,12,6,0.5
Colwellia,Alteromonadaceae,Enterobacterales,Gammaproteobacteria,Pseudomonadota,gyrA,14,0,0
Comamonas,Burkholderiaceae_C,Burkholderiales,Gammaproteobacteria,Pseudomonadota,gyrA,32,5,0.15625
Comchoanobacter,Comchoanobacteraceae,Comchoanobacterales,Gammaproteobacteria,Pseudomonadota,gyrA,1,0,0
Commensalibacter,Acetobacteraceae,Acetobacterales,Alphaproteobacteria,Pseudomonadota,gyrA,5,0,0
Companilactobacillus,Lactobacillaceae,Lactobacillales,Bacilli,Bacillota,gyrA,36,0,0
Competibacter,Competibacteraceae,Competibacterales,Gammaproteobacteria,Pseudomonadota,gyrA,2,0,0
Compostibacillus,NA,NA,NA,NA,gyrA,1,0,0
Compostibacter,Chitinophagaceae,Chitinophagales,Bacteroidia,Bacteroidota,gyrA,1,1,1
Compostimonas,Microbacteriaceae,Actinomycetales,Actinomycetes,Actinomycetota,gyrA,1,1,1
Conchiformibius,Neisseriaceae,Burkholderiales,Gammaproteobacteria,Pseudomonadota,gyrA,2,0,0
Conexibacter,Solirubrobacteraceae,Solirubrobacterales,Thermoleophilia,Actinomycetota,gyrA,3,2,0.6666666666666666
Confluentibacter,Flavobacteriaceae,Flavobacteriales,Bacteroidia,Bacteroidota,gyrA,4,0,0
Congregibacter,Halieaceae,Pseudomonadales,Gammaproteobacteria,Pseudomonadota,gyrA,3,0,0
Congregicoccus,Opitutaceae,Opitutales,Verrucomicrobiia,Verrucomicrobiota,gyrA,1,1,1
Congzhengia,UBA9506,UBA1381,Clostridia,Bacillota,gyrA,1,1,1
Conservatibacter,Pasteurellaceae,Enterobacterales,Gammaproteobacteria,Pseudomonadota,gyrA,1,0,0
Consotaella,Rhizobiaceae,Rhizobiales,Alphaproteobacteria,Pseudomonadota,gyrA,2,2,1
Constantimarinum,Flavobacteriaceae,Flavobacteriales,Bacteroidia,Bacteroidota,gyrA,1,0,0
Contubernalis,SKNC01,SKNC01,Dethiobacteria,Bacillota,gyrA,1,1,1
Convivina,Lactobacillaceae,Lactobacillales,Bacilli,Bacillota,gyrA,2,0,0
Conyzicola,Microbacteriaceae,Actinomycetales,Actinomycetes,Actinomycetota,gyrA,2,0,0
Copranaerobaculum,Erysipelotrichaceae,Erysipelotrichales,Bacilli_A,Bacillota_I,gyrA,1,0,0
Coprobacillus,Coprobacillaceae,Erysipelotrichales,Bacilli_A,Bacillota_I,gyrA,1,0,0
Coprobacter,Coprobacteraceae,Bacteroidales,Bacteroidia,Bacteroidota,gyrA,3,0,0
Coprococcus,Lachnospiraceae,Lachnospirales,Clostridia,Bacillota,gyrA,5,2,0.4
Coraliomargarita,Coraliomargaritaceae,Opitutales,Verrucomicrobiia,Verrucomicrobiota,gyrA,4,0,0
Corallibacter,Flavobacteriaceae,Flavobacteriales,Bacteroidia,Bacteroidota,gyrA,1,0,0
Corallincola,Neiellaceae,Enterobacterales,Gammaproteobacteria,Pseudomonadota,gyrA,4,0,0
Coralliovum,Cohaesibacteraceae,Rhizobiales,Alphaproteobacteria,Pseudomonadota,gyrA,1,0,0
Corallococcus,Myxococcaceae,Myxococcales,Myxococcia,Myxococcota,gyrA,14,0,0
Coralloluteibacterium,Xanthomonadaceae,Xanthomonadales,Gammaproteobacteria,Pseudomonadota,gyrA,2,2,1
Coriobacterium,Coriobacteriaceae,Coriobacteriales,Coriobacteriia,Actinomycetota,gyrA,1,0,0
Corticibacter,NA,NA,NA,NA,gyrA,1,0,0
Corticicoccus,Salinicoccaceae,Staphylococcales,Bacilli,Bacillota,gyrA,1,0,0
Corticimicrobacter,Burkholderiaceae_B,Burkholderiales,Gammaproteobacteria,Pseudomonadota,gyrA,1,0,0
Corynebacterium,Mycobacteriaceae,Mycobacteriales,Actinomycetes,Actinomycetota,gyrA,184,28,0.15217391304347827
Costertonia,Flavobacteriaceae,Flavobacteriales,Bacteroidia,Bacteroidota,gyrA,1,0,0
Couchioplanes,NA,NA,NA,NA,gyrA,2,0,0
Coxiella,Coxiellaceae,Coxiellales,Gammaproteobacteria,Pseudomonadota,gyrA,9,9,1
Coxiella-Like,NA,NA,NA,NA,gyrA,2,2,1
Crassaminicella,Thermotaleaceae,Peptostreptococcales,Clostridia,Bacillota,gyrA,3,0,0
Crateriforma,Pirellulaceae,Pirellulales,Planctomycetia,Planctomycetota,gyrA,2,0,0
Craterilacuibacter,Chromobacteriaceae,Burkholderiales,Gammaproteobacteria,Pseudomonadota,gyrA,1,0,0
Craurococcus,Acetobacteraceae,Acetobacterales,Alphaproteobacteria,Pseudomonadota,gyrA,1,0,0
Crenalkalicoccus,Acetobacteraceae,Acetobacterales,Alphaproteobacteria,Pseudomonadota,gyrA,1,1,1
Crenobacter,Chromobacteriaceae,Burkholderiales,Gammaproteobacteria,Pseudomonadota,gyrA,5,2,0.4
Crenothrix,Methylomonadaceae,Methylococcales,Gammaproteobacteria,Pseudomonadota,gyrA,1,0,0
Criblamydia,Criblamydiaceae,Chlamydiales,Chlamydiia,Chlamydiota,gyrA,1,0,0
Cribrihabitans,Rhodobacteraceae,Rhodobacterales,Alphaproteobacteria,Pseudomonadota,gyrA,3,0,0
Cricetibacter,Pasteurellaceae,Enterobacterales,Gammaproteobacteria,Pseudomonadota,gyrA,1,0,0
Criibacterium,NA,NA,NA,NA,gyrA,1,0,0
Crinalium,PCC-9333,Cyanobacteriales,Cyanobacteriia,Cyanobacteriota,gyrA,1,0,0
Croceibacter,Flavobacteriaceae,Flavobacteriales,Bacteroidia,Bacteroidota,gyrA,1,0,0
Croceibacterium,Sphingomonadaceae,Sphingomonadales,Alphaproteobacteria,Pseudomonadota,gyrA,9,4,0.4444444444444444
Croceicoccus,Sphingomonadaceae,Sphingomonadales,Alphaproteobacteria,Pseudomonadota,gyrA,11,0,0
Croceifilum,NA,NA,NA,NA,gyrA,1,0,0
Croceimicrobium,Schleiferiaceae,Flavobacteriales,Bacteroidia,Bacteroidota,gyrA,1,0,0
Croceiramulus,Flavobacteriaceae,Flavobacteriales,Bacteroidia,Bacteroidota,gyrA,1,0,0
Croceitalea,Flavobacteriaceae,Flavobacteriales,Bacteroidia,Bacteroidota,gyrA,4,0,0
Croceivirga,Flavobacteriaceae,Flavobacteriales,Bacteroidia,Bacteroidota,gyrA,3,0,0
Crocinitomix,Crocinitomicaceae,Flavobacteriales_D,Bacteroidia,Bacteroidota,gyrA,2,0,0
Crocosphaera,Microcystaceae,Cyanobacteriales,Cyanobacteriia,Cyanobacteriota,gyrA,3,0,0
Cronobacter,Enterobacteriaceae,Enterobacterales,Gammaproteobacteria,Pseudomonadota,gyrA,7,0,0
Crossiella,Pseudonocardiaceae,Mycobacteriales,Actinomycetes,Actinomycetota,gyrA,2,1,0.5
Cruoricaptor,Weeksellaceae,Flavobacteriales,Bacteroidia,Bacteroidota,gyrA,1,0,0
Cryobacterium,Microbacteriaceae,Actinomycetales,Actinomycetes,Actinomycetota,gyrA,35,0,0
Cryomorpha,Cryomorphaceae,Flavobacteriales_D,Bacteroidia,Bacteroidota,gyrA,1,0,0
Cryptobacterium,Eggerthellaceae,Coriobacteriales,Coriobacteriia,Actinomycetota,gyrA,1,0,0
Cryptocyanus,NA,NA,NA,NA,gyrA,1,0,0
Cryptosporangium,Cryptosporangiaceae,Mycobacteriales,Actinomycetes,Actinomycetota,gyrA,5,0,0
Crystallibacter,Micrococcaceae,Actinomycetales,Actinomycetes,Actinomycetota,gyrA,3,0,0
Cucumibacter,Devosiaceae,Rhizobiales,Alphaproteobacteria,Pseudomonadota,gyrA,1,1,1
Culicoidibacter,Culicoidibacteraceae,Culicoidibacterales,Bacilli_A,Bacillota_I,gyrA,1,1,1
Culturomica,Marinifilaceae,Bacteroidales,Bacteroidia,Bacteroidota,gyrA,1,0,0
Cumulibacter,Antricoccaceae,Mycobacteriales,Actinomycetes,Actinomycetota,gyrA,2,0,0
Cuneatibacter,Lachnospiraceae,Lachnospirales,Clostridia,Bacillota,gyrA,1,1,1
Cupriavidus,Burkholderiaceae,Burkholderiales,Gammaproteobacteria,Pseudomonadota,gyrA,29,0,0
Curculioniphilus,Enterobacteriaceae,Enterobacterales,Gammaproteobacteria,Pseudomonadota,gyrA,1,0,0
Curtanaerobium,Eggerthellaceae,Coriobacteriales,Coriobacteriia,Actinomycetota,gyrA,1,0,0
Curtobacterium,Microbacteriaceae,Actinomycetales,Actinomycetes,Actinomycetota,gyrA,19,0,0
Curvibacter,Burkholderiaceae_C,Burkholderiales,Gammaproteobacteria,Pseudomonadota,gyrA,7,0,0
Curvivirga,Aestuariispiraceae,UBA8366,Alphaproteobacteria,Pseudomonadota,gyrA,1,0,0
Cuspidothrix,Nostocaceae,Cyanobacteriales,Cyanobacteriia,Cyanobacteriota,gyrA,1,0,0
Cutibacterium,Propionibacteriaceae,Propionibacteriales,Actinomycetes,Actinomycetota,gyrA,8,1,0.125
Cyanobacterium,Cyanobacteriaceae,Cyanobacteriales,Cyanobacteriia,Cyanobacteriota,gyrA,6,1,0.16666666666666666
Cyanobium,Cyanobiaceae,PCC-6307,Cyanobacteriia,Cyanobacteriota,gyrA,2,0,0
Cyclobacterium,Cyclobacteriaceae,Cytophagales,Bacteroidia,Bacteroidota,gyrA,10,1,0.1
Cycloclasticus,Cycloclasticaceae,Methylococcales,Gammaproteobacteria,Pseudomonadota,gyrA,1,0,0
Cyclonatronum,Cyclonatronaceae,Balneolales,Rhodothermia,Bacteroidota,gyrA,1,0,0
Cylindrospermopsis,NA,NA,NA,NA,gyrA,1,0,0
Cylindrospermum,Nostocaceae,Cyanobacteriales,Cyanobacteriia,Cyanobacteriota,gyrA,1,0,0
Cypionkella,Rhodobacteraceae,Rhodobacterales,Alphaproteobacteria,Pseudomonadota,gyrA,3,0,0
Cyrtobacter,Midichloriaceae,Rickettsiales,Alphaproteobacteria,Pseudomonadota,gyrA,1,0,0
Cysteiniphilum,NA,NA,NA,NA,gyrA,3,0,0
Cystobacter,Myxococcaceae,Myxococcales,Myxococcia,Myxococcota,gyrA,6,4,0.6666666666666666
Cytobacillus,Cytobacillaceae,Bacillales,Bacilli,Bacillota,gyrA,18,0,0
Cytomitobacter,1604HC,CAJXXZ01,Alphaproteobacteria,Pseudomonadota,gyrA,2,1,0.5
Cytophaga,Cytophagaceae,Cytophagales,Bacteroidia,Bacteroidota,gyrA,2,0,0
Dactylococcopsis,NA,NA,NA,NA,gyrA,1,0,0
Dactylopiibacterium,NA,NA,NA,NA,gyrA,1,0,0
Dactylosporangium,Micromonosporaceae,Mycobacteriales,Actinomycetes,Actinomycetota,gyrA,11,11,1
Daeguia,NA,NA,NA,NA,gyrA,1,1,1
Daejeonella,Sphingobacteriaceae,Sphingobacteriales,Bacteroidia,Bacteroidota,gyrA,3,0,0
Dankookia,NA,NA,NA,NA,gyrA,1,1,1
Danxiaibacter,Chitinophagaceae,Chitinophagales,Bacteroidia,Bacteroidota,gyrA,1,0,0
Dapis,NA,NA,NA,NA,gyrA,3,0,0
Daquilactobacillus,NA,NA,NA,NA,gyrA,1,0,0
Dasania,Dasaniaceae,Pseudomonadales,Gammaproteobacteria,Pseudomonadota,gyrA,2,0,0
Dawidia,NA,NA,NA,NA,gyrA,2,2,1
Dechloromonas,NA,NA,NA,NA,gyrA,5,0,0
Dedyshia,NA,NA,NA,NA,gyrA,1,0,0
Deefgea,Chitinibacteraceae,Burkholderiales,Gammaproteobacteria,Pseudomonadota,gyrA,5,3,0.6
Deferribacter,Deferribacteraceae,Deferribacterales,Deferribacteres,Chrysiogenota,gyrA,4,2,0.5
Deferrisoma,Deferrisomataceae,Deferrisomatales,Deferrisomatia,Desulfobacterota,gyrA,2,2,1
Deferrivibrio,Deferrivibrionaceae,Deferribacterales,Deferribacteres,Chrysiogenota,gyrA,2,2,1
Defluviimonas,NA,NA,NA,NA,gyrA,1,1,1
Defluviitalea,Defluviitaleaceae,Lachnospirales,Clostridia,Bacillota,gyrA,3,0,0
Defluviitoga,Petrotogaceae,Petrotogales,Thermotogae,Thermotogota,gyrA,1,1,1
Dehalobacter,Syntrophobotulaceae,Desulfitobacteriales,Desulfitobacteriia,Bacillota,gyrA,1,0,0
Dehalobacterium,Dehalobacteriaceae,Dehalobacteriales,Dehalobacteriia,Bacillota,gyrA,1,0,0
Dehalococcoides,Dehalococcoidaceae,Dehalococcoidales,Dehalococcoidia,Chloroflexota,gyrA,1,0,0
Dehalogenimonas,Dehalococcoidaceae,Dehalococcoidales,Dehalococcoidia,Chloroflexota,gyrA,4,0,0
Deianiraea,Deianiraeaceae,Rickettsiales,Alphaproteobacteria,Pseudomonadota,gyrA,1,0,0
Deinobacterium,Deinococcaceae,Deinococcales,Deinococci,Deinococcota,gyrA,1,1,1
Deinococcus,Deinococcaceae,Deinococcales,Deinococci,Deinococcota,gyrA,88,10,0.11363636363636363
Delftia,NA,NA,NA,NA,gyrA,4,1,0.25
Dellaglioa,Lactobacillaceae,Lactobacillales,Bacilli,Bacillota,gyrA,3,0,0
Demequina,Demequinaceae,Actinomycetales,Actinomycetes,Actinomycetota,gyrA,25,0,0
Demetria,Dermatophilaceae,Actinomycetales,Actinomycetes,Actinomycetota,gyrA,1,0,0
Deminuibacter,Chitinophagaceae,Chitinophagales,Bacteroidia,Bacteroidota,gyrA,1,0,0
Dendronalium,Nostocaceae,Cyanobacteriales,Cyanobacteriia,Cyanobacteriota,gyrA,1,0,0
Dendrosporobacter,Dendrosporobacteraceae,DSM-1736,Negativicutes,Bacillota,gyrA,1,0,0
Denitraticella,NA,NA,NA,NA,gyrA,1,0,0
Denitratimonas,Xanthomonadaceae,Xanthomonadales,Gammaproteobacteria,Pseudomonadota,gyrA,2,0,0
Denitratisoma,Rhodocyclaceae,Burkholderiales,Gammaproteobacteria,Pseudomonadota,gyrA,1,0,0
Denitrificimonas,Pseudomonadaceae,Pseudomonadales,Gammaproteobacteria,Pseudomonadota,gyrA,2,1,0.5
Denitrobacterium,Eggerthellaceae,Coriobacteriales,Coriobacteriia,Actinomycetota,gyrA,1,0,0
Denitrobaculum,Kiloniellaceae,Kiloniellales,Alphaproteobacteria,Pseudomonadota,gyrA,1,0,0
Denitromonas,NA,NA,NA,NA,gyrA,3,0,0
Denitrovibrio,Geovibrionaceae,Deferribacterales,Deferribacteres,Chrysiogenota,gyrA,1,0,0
Dentiradicibacter,NA,NA,NA,NA,gyrA,1,0,0
Dermabacter,Dermabacteraceae,Actinomycetales,Actinomycetes,Actinomycetota,gyrA,3,0,0
Dermacoccus,Dermatophilaceae,Actinomycetales,Actinomycetes,Actinomycetota,gyrA,4,0,0
Dermatobacter,Microtrichaceae,Acidimicrobiales,Acidimicrobiia,Actinomycetota,gyrA,1,0,0
Dermatophilus,Dermatophilaceae,Actinomycetales,Actinomycetes,Actinomycetota,gyrA,1,0,0
Derxia,Burkholderiaceae_E,Burkholderiales,Gammaproteobacteria,Pseudomonadota,gyrA,2,0,0
Desemzia,Carnobacteriaceae,Lactobacillales,Bacilli,Bacillota,gyrA,1,0,0
Desertibacillus,KJ1-10-99,Bacillales,Bacilli,Bacillota,gyrA,1,0,0
Desertibaculum,Ferrovibrionaceae,Ferrovibrionales,Alphaproteobacteria,Pseudomonadota,gyrA,1,0,0
Desertifilum,Desertifilaceae,Cyanobacteriales,Cyanobacteriia,Cyanobacteriota,gyrA,1,0,0
Desertihabitans,Propionibacteriaceae,Propionibacteriales,Actinomycetes,Actinomycetota,gyrA,2,0,0
Desertimonas,Ilumatobacteraceae,Acidimicrobiales,Acidimicrobiia,Actinomycetota,gyrA,1,0,0
Desertivibrio,NA,NA,NA,NA,gyrA,1,1,1
Desertivirga,Sphingobacteriaceae,Sphingobacteriales,Bacteroidia,Bacteroidota,gyrA,3,0,0
Desmonostoc,Nostocaceae,Cyanobacteriales,Cyanobacteriia,Cyanobacteriota,gyrA,1,0,0
Desmospora,DSM-45169,Thermoactinomycetales,Bacilli,Bacillota,gyrA,2,2,1
Desnuesiella,Clostridiaceae,Clostridiales,Clostridia,Bacillota,gyrA,1,1,1
Desulfacinum,DSM-9756,Syntrophobacterales,Syntrophobacteria,Desulfobacterota,gyrA,2,1,0.5
Desulfallas,NA,NA,NA,NA,gyrA,1,1,1
Desulfamplus,Desulfobacteraceae,Desulfobacterales,Desulfobacteria,Desulfobacterota,gyrA,1,0,0
Desulfarculus,Desulfarculaceae,Desulfarculales,Desulfarculia,Desulfobacterota,gyrA,1,0,0
Desulfatibacillum,Desulfatibacillaceae,Desulfobacterales,Desulfobacteria,Desulfobacterota,gyrA,2,2,1
Desulfatiferula,NA,NA,NA,NA,gyrA,1,0,0
Desulfatiglans,Desulfatiglandaceae,Desulfatiglandales,DSM-4660,Desulfobacterota,gyrA,2,1,0.5
Desulfatirhabdium,Desulfatirhabdiaceae,Desulfobacterales,Desulfobacteria,Desulfobacterota,gyrA,1,0,0
Desulfatitalea,Desulfosarcinaceae,Desulfobacterales,Desulfobacteria,Desulfobacterota,gyrA,2,0,0
Desulfitibacter,Desulfitibacteraceae,Desulfitibacterales,DSM-16504,Bacillota,gyrA,1,0,0
Desulfitispora,Desulfitisporaceae,Desulfitisporales,Desulfitisporia,Bacillota,gyrA,1,0,0
Desulfitobacterium,Desulfitobacteriaceae,Desulfitobacteriales,Desulfitobacteriia,Bacillota,gyrA,7,0,0
Desulfobacca,Desulfobaccaceae,Desulfobaccales,Desulfobaccia,Desulfobacterota,gyrA,1,0,0
Desulfobacter,Desulfobacteraceae,Desulfobacterales,Desulfobacteria,Desulfobacterota,gyrA,5,0,0
Desulfobacula,Desulfobacteraceae,Desulfobacterales,Desulfobacteria,Desulfobacterota,gyrA,2,0,0
Desulfobaculum,Desulfovibrionaceae,Desulfovibrionales,Desulfovibrionia,Desulfobacterota,gyrA,3,0,0
Desulfobotulus,ASO4-4,Desulfobacterales,Desulfobacteria,Desulfobacterota,gyrA,4,2,0.5
Desulfobulbus,Desulfobulbaceae,Desulfobulbales,Desulfobulbia,Desulfobacterota,gyrA,6,0,0
Desulfocapsa,Desulfocapsaceae,Desulfobulbales,Desulfobulbia,Desulfobacterota,gyrA,1,0,0
Desulfocastanea,NA,NA,NA,NA,gyrA,1,0,0
Desulfocicer,Desulfobacteraceae,Desulfobacterales,Desulfobacteria,Desulfobacterota,gyrA,2,0,0
Desulfococcus,Desulfococcaceae,Desulfobacterales,Desulfobacteria,Desulfobacterota,gyrA,1,0,0
Desulfoconvexum,NA,NA,NA,NA,gyrA,1,0,0
Desulfocucumis,Desulfocucumaceae,Desulfotomaculales,Desulfotomaculia,Bacillota,gyrA,1,0,0
Desulfocurvibacter,Desulfovibrionaceae,Desulfovibrionales,Desulfovibrionia,Desulfobacterota,gyrA,1,0,0
Desulfocurvus,Desulfovibrionaceae,Desulfovibrionales,Desulfovibrionia,Desulfobacterota,gyrA,2,0,0
Desulfofalx,Desulfohalotomaculaceae,Desulfotomaculales,Desulfotomaculia,Bacillota,gyrA,1,1,1
Desulfofarcimen,Desulfofarciminaceae,Desulfotomaculales,Desulfotomaculia,Bacillota,gyrA,1,1,1
Desulfoferrobacter,Syntrophobacteraceae,Syntrophobacterales,Syntrophobacteria,Desulfobacterota,gyrA,1,0,0
Desulfoferula,Desulfarculaceae,Desulfarculales,Desulfarculia,Desulfobacterota,gyrA,1,0,0
Desulfofervidus,Desulfofervidaceae,Desulfofervidales,Desulfofervidia,Desulfobacterota,gyrA,1,0,0
Desulfofundulus,Desulfovirgulaceae,Desulfotomaculales,Desulfotomaculia,Bacillota,gyrA,7,0,0
Desulfofustis,Desulfocapsaceae,Desulfobulbales,Desulfobulbia,Desulfobacterota,gyrA,2,0,0
Desulfoglaeba,DSM-9756,Syntrophobacterales,Syntrophobacteria,Desulfobacterota,gyrA,1,1,1
Desulfogranum,Desulfobulbaceae,Desulfobulbales,Desulfobulbia,Desulfobacterota,gyrA,4,0,0
Desulfohalobium,Desulfohalobiaceae,Desulfovibrionales,Desulfovibrionia,Desulfobacterota,gyrA,1,1,1
Desulfohalovibrio,Desulfovibrionaceae,Desulfovibrionales,Desulfovibrionia,Desulfobacterota,gyrA,1,0,0
Desulfolithobacter,Desulfobulbaceae,Desulfobulbales,Desulfobulbia,Desulfobacterota,gyrA,1,0,0
Desulfolucanica,Desulfofarciminaceae,Desulfotomaculales,Desulfotomaculia,Bacillota,gyrA,1,1,1
Desulfoluna,Desulfolunaceae,Desulfobacterales,Desulfobacteria,Desulfobacterota,gyrA,3,0,0
Desulfolutivibrio,Desulfovibrionaceae,Desulfovibrionales,Desulfovibrionia,Desulfobacterota,gyrA,2,0,0
Desulfomarina,Desulfocapsaceae,Desulfobulbales,Desulfobulbia,Desulfobacterota,gyrA,1,0,0
Desulfomicrobium,Desulfomicrobiaceae,Desulfovibrionales,Desulfovibrionia,Desulfobacterota,gyrA,8,0,0
Desulfomonile,Desulfomonilaceae,Desulfomonilales,Desulfomonilia,Desulfobacterota,gyrA,1,1,1
Desulfonatronospira,Desulfonatronovibrionaceae,Desulfovibrionales,Desulfovibrionia,Desulfobacterota,gyrA,1,0,0
Desulfonatronovibrio,Desulfonatronovibrionaceae,Desulfovibrionales,Desulfovibrionia,Desulfobacterota,gyrA,2,0,0
Desulfonatronum,Desulfonatronaceae,Desulfovibrionales,Desulfovibrionia,Desulfobacterota,gyrA,5,0,0
Desulfonauticus,Desulfonatronovibrionaceae,Desulfovibrionales,Desulfovibrionia,Desulfobacterota,gyrA,2,1,0.5
Desulfonema,Desulfococcaceae,Desulfobacterales,Desulfobacteria,Desulfobacterota,gyrA,3,0,0
Desulfonispora,Desulfonisporaceae,Peptococcales,Peptococcia,Bacillota,gyrA,1,0,0
Desulfopila,Desulfocapsaceae,Desulfobulbales,Desulfobulbia,Desulfobacterota,gyrA,2,0,0
Desulfoplanes,Desulfomicrobiaceae,Desulfovibrionales,Desulfovibrionia,Desulfobacterota,gyrA,1,0,0
Desulfoprunum,Desulfocapsaceae,Desulfobulbales,Desulfobulbia,Desulfobacterota,gyrA,1,0,0
Desulforadius,Desulfohalotomaculaceae,Desulfotomaculales,Desulfotomaculia,Bacillota,gyrA,1,1,1
Desulforamulus,NA,NA,NA,NA,gyrA,8,4,0.5
Desulforapulum,Desulfobacteraceae,Desulfobacterales,Desulfobacteria,Desulfobacterota,gyrA,1,0,0
Desulforegula,Desulforegulaceae,Desulfobacterales,Desulfobacteria,Desulfobacterota,gyrA,1,0,0
Desulforhabdus,Syntrophobacteraceae,Syntrophobacterales,Syntrophobacteria,Desulfobacterota,gyrA,1,0,0
Desulforhopalus,Desulfocapsaceae,Desulfobulbales,Desulfobulbia,Desulfobacterota,gyrA,3,1,0.3333333333333333
Desulforudis,Desulforudaceae,Desulfotomaculales,Desulfotomaculia,Bacillota,gyrA,1,1,1
Desulfosalsimonas,Desulfosalsimonadaceae,Desulfobacterales,Desulfobacteria,Desulfobacterota,gyrA,1,0,0
Desulfosarcina,Desulfosarcinaceae,Desulfobacterales,Desulfobacteria,Desulfobacterota,gyrA,5,1,0.2
Desulfosceptrum,NA,NA,NA,NA,gyrA,1,0,0
Desulfoscipio,Desulfallaceae,Desulfotomaculales,Desulfotomaculia,Bacillota,gyrA,2,1,0.5
Desulfosediminicola,NA,NA,NA,NA,gyrA,2,0,0
Desulfosoma,DSM-9756,Syntrophobacterales,Syntrophobacteria,Desulfobacterota,gyrA,2,2,1
Desulfospira,Desulfobacteraceae,Desulfobacterales,Desulfobacteria,Desulfobacterota,gyrA,1,0,0
Desulfosporomusa,NA,NA,NA,NA,gyrA,1,0,0
Desulfosporosinus,Desulfitobacteriaceae,Desulfitobacteriales,Desulfitobacteriia,Bacillota,gyrA,15,1,0.06666666666666667
Desulfosudis,Desulfosudaceae,Desulfobacterales,Desulfobacteria,Desulfobacterota,gyrA,1,0,0
Desulfotalea,Desulfocapsaceae,Desulfobulbales,Desulfobulbia,Desulfobacterota,gyrA,1,0,0
Desulfothermobacter,Ammonificaceae,Desulfotomaculales,Desulfotomaculia,Bacillota,gyrA,1,1,1
Desulfothermus,Desulfothermaceae,Desulfovibrionales,Desulfovibrionia,Desulfobacterota,gyrA,2,1,0.5
Desulfotignum,Desulfobacteraceae,Desulfobacterales,Desulfobacteria,Desulfobacterota,gyrA,2,0,0
Desulfotomaculum,Desulfotomaculaceae,Desulfotomaculales,Desulfotomaculia,Bacillota,gyrA,3,0,0
Desulfotruncus,Desulfallaceae,Desulfotomaculales,Desulfotomaculia,Bacillota,gyrA,2,2,1
Desulfovectis,NA,NA,NA,NA,gyrA,1,1,1
Desulfovermiculus,Desulfothermaceae,Desulfovibrionales,Desulfovibrionia,Desulfobacterota,gyrA,1,1,1
Desulfovibrio,Desulfovibrionaceae,Desulfovibrionales,Desulfovibrionia,Desulfobacterota,gyrA,20,1,0.05
Desulfovirgula,Desulfovirgulaceae,Desulfotomaculales,Desulfotomaculia,Bacillota,gyrA,1,0,0
Desulfovulcanus,Desulfonatronovibrionaceae,Desulfovibrionales,Desulfovibrionia,Desulfobacterota,gyrA,1,1,1
Desulfurella,Desulfurellaceae,Desulfurellales,Desulfurellia,Campylobacterota_A,gyrA,2,0,0
Desulfuribacillus,Desulfuribacillaceae,Desulfuribacillales,Bacilli,Bacillota,gyrA,2,0,0
Desulfurispira,Chrysiogenaceae,Chrysiogenales,Chrysiogenetes,Chrysiogenota,gyrA,1,0,0
Desulfurispirillum,Chrysiogenaceae,Chrysiogenales,Chrysiogenetes,Chrysiogenota,gyrA,2,0,0
Desulfurispora,Desulfurisporaceae,Desulfotomaculales,Desulfotomaculia,Bacillota,gyrA,1,1,1
Desulfurivibrio,Desulfurivibrionaceae,Desulfobulbales,Desulfobulbia,Desulfobacterota,gyrA,4,0,0
Desulfurobacterium,Desulfurobacteriaceae,Desulfurobacteriales,Aquificia,Aquificota,gyrA,4,0,0
Desulfuromonas,Desulfuromonadaceae,Desulfuromonadales,Desulfuromonadia,Desulfobacterota,gyrA,6,0,0
Desulfuromusa,Geopsychrobacteraceae,Desulfuromonadales,Desulfuromonadia,Desulfobacterota,gyrA,2,0,0
Dethiobacter,Dethiobacteraceae,Dethiobacterales,Dethiobacteria,Bacillota,gyrA,1,0,0
Dethiosulfatarculus,Desulfarculaceae,Desulfarculales,Desulfarculia,Desulfobacterota,gyrA,1,0,0
Dethiosulfatibacter,Dethiosulfatibacteraceae,Tissierellales,Clostridia,Bacillota,gyrA,1,0,0
Dethiosulfovibrio,Dethiosulfovibrionaceae,Synergistales,Synergistia,Synergistota,gyrA,6,0,0
Dethiothermospora,VENL01,Tissierellales,Clostridia,Bacillota,gyrA,1,0,0
Devosia,Devosiaceae,Rhizobiales,Alphaproteobacteria,Pseudomonadota,gyrA,42,3,0.07142857142857142
Devriesea,Dermabacteraceae,Actinomycetales,Actinomycetes,Actinomycetota,gyrA,1,0,0
Dialister,Dialisteraceae,Veillonellales,Negativicutes,Bacillota,gyrA,6,1,0.16666666666666666
Diaminobutyricimonas,Microbacteriaceae,Actinomycetales,Actinomycetes,Actinomycetota,gyrA,1,1,1
Diaphorobacter,Burkholderiaceae_C,Burkholderiales,Gammaproteobacteria,Pseudomonadota,gyrA,6,2,0.3333333333333333
Dichelobacter,Cardiobacteriaceae,Cardiobacteriales,Gammaproteobacteria,Pseudomonadota,gyrA,1,0,0
Dichotomicrobium,Rhodomicrobiaceae,Rhizobiales,Alphaproteobacteria,Pseudomonadota,gyrA,1,0,0
Dickeya,Enterobacteriaceae,Enterobacterales,Gammaproteobacteria,Pseudomonadota,gyrA,13,0,0
Dictyobacter,Ktedonobacteraceae,Ktedonobacterales,Ktedonobacteria,Chloroflexota,gyrA,7,6,0.8571428571428571
Dictyoglomus,Dictyoglomaceae,Dictyoglomales,Dictyoglomia,Dictyoglomota,gyrA,2,2,1
Dielma,Erysipelotrichaceae,Erysipelotrichales,Bacilli_A,Bacillota_I,gyrA,1,0,0
Dietzia,Mycobacteriaceae,Mycobacteriales,Actinomycetes,Actinomycetota,gyrA,13,0,0
Dinghuibacter,Chitinophagaceae,Chitinophagales,Bacteroidia,Bacteroidota,gyrA,1,0,0
Dinoroseobacter,Rhodobacteraceae,Rhodobacterales,Alphaproteobacteria,Pseudomonadota,gyrA,1,0,0
Diplocloster,Lachnospiraceae,Lachnospirales,Clostridia,Bacillota,gyrA,3,3,1
Dissulfuribacter,Dissulfuribacteraceae,Dissulfuribacterales,Dissulfuribacteria,Desulfobacterota,gyrA,1,1,1
Dissulfurimicrobium,Sh68,Dissulfuribacterales,Dissulfuribacteria,Desulfobacterota,gyrA,1,1,1
Dissulfurirhabdus,Dissulfurirhabdaceae,Dissulfuribacterales,Dissulfuribacteria,Desulfobacterota,gyrA,1,0,0
Dissulfurispira,Dissulfurispiraceae,Thermodesulfovibrionales,Thermodesulfovibrionia,Nitrospirota,gyrA,1,0,0
Ditibartonella,NA,NA,NA,NA,gyrA,3,1,0.3333333333333333
Dokdonella,Rhodanobacteraceae,Xanthomonadales,Gammaproteobacteria,Pseudomonadota,gyrA,6,0,0
Dokdonia,Flavobacteriaceae,Flavobacteriales,Bacteroidia,Bacteroidota,gyrA,5,0,0
Dolichospermum,Nostocaceae,Cyanobacteriales,Cyanobacteriia,Cyanobacteriota,gyrA,6,0,0
Dolomitihabitans,NA,NA,NA,NA,gyrA,1,0,0
Dolosicoccus,Aerococcaceae,Lactobacillales,Bacilli,Bacillota,gyrA,1,0,0
Dolosigranulum,Carnobacteriaceae_A,Lactobacillales,Bacilli,Bacillota,gyrA,2,0,0
Domibacillus,Domibacillaceae,Bacillales,Bacilli,Bacillota,gyrA,9,0,0
Donghicola,Rhodobacteraceae,Rhodobacterales,Alphaproteobacteria,Pseudomonadota,gyrA,3,0,0
Dongia,Dongiaceae,Dongiales,Alphaproteobacteria,Pseudomonadota,gyrA,5,0,0
Dongibacter,NA,NA,NA,NA,gyrA,1,0,0
Dongshaea,Aeromonadaceae,Enterobacterales,Gammaproteobacteria,Pseudomonadota,gyrA,1,0,0
Doolittlea,Enterobacteriaceae,Enterobacterales,Gammaproteobacteria,Pseudomonadota,gyrA,1,0,0
Dorea,Lachnospiraceae,Lachnospirales,Clostridia,Bacillota,gyrA,7,7,1
Draconibacterium,Prolixibacteraceae,Bacteroidales,Bacteroidia,Bacteroidota,gyrA,5,0,0
Dryocola,Enterobacteriaceae,Enterobacterales,Gammaproteobacteria,Pseudomonadota,gyrA,5,0,0
Dubosiella,Erysipelotrichaceae,Erysipelotrichales,Bacilli_A,Bacillota_I,gyrA,2,0,0
Duffyella,Enterobacteriaceae,Enterobacterales,Gammaproteobacteria,Pseudomonadota,gyrA,1,0,0
Duganella,NA,NA,NA,NA,gyrA,24,24,1
Dulcicalothrix,Nostocaceae,Cyanobacteriales,Cyanobacteriia,Cyanobacteriota,gyrA,1,0,0
Duncaniella,Muribaculaceae,Bacteroidales,Bacteroidia,Bacteroidota,gyrA,4,4,1
Duodenibacillus,Burkholderiaceae_F,Burkholderiales,Gammaproteobacteria,Pseudomonadota,gyrA,1,0,0
Dyadobacter,Spirosomataceae,Cytophagales,Bacteroidia,Bacteroidota,gyrA,30,30,1
Dyella,Rhodanobacteraceae,Xanthomonadales,Gammaproteobacteria,Pseudomonadota,gyrA,36,28,0.7777777777777778
Dysgonomonas,Dysgonomonadaceae,Bacteroidales,Bacteroidia,Bacteroidota,gyrA,6,0,0
Dysosmobacter,NA,NA,NA,NA,gyrA,3,2,0.6666666666666666
Echinicola,Cyclobacteriaceae,Cytophagales,Bacteroidia,Bacteroidota,gyrA,11,0,0
Echinimonas,Neiellaceae,Enterobacterales,Gammaproteobacteria,Pseudomonadota,gyrA,1,0,0
Ectobacillus,Bacillaceae_G,Bacillales,Bacilli,Bacillota,gyrA,6,3,0.5
Ectopseudomonas,NA,NA,NA,NA,gyrA,9,1,0.1111111111111111
Ectorhizobium,Rhizobiaceae,Rhizobiales,Alphaproteobacteria,Pseudomonadota,gyrA,1,1,1
Ectothiorhodosinus,NA,NA,NA,NA,gyrA,1,0,0
Ectothiorhodospira,Ectothiorhodospiraceae,Ectothiorhodospirales,Gammaproteobacteria,Pseudomonadota,gyrA,7,0,0
Edaphobacillus,NA,NA,NA,NA,gyrA,1,0,0
Edaphobacter,Acidobacteriaceae,Terriglobales,Terriglobia,Acidobacteriota,gyrA,8,2,0.25
Edaphocola,Chitinophagaceae,Chitinophagales,Bacteroidia,Bacteroidota,gyrA,2,0,0
Edaphosphingomonas,NA,NA,NA,NA,gyrA,2,2,1
Edaphovirga,Enterobacteriaceae,Enterobacterales,Gammaproteobacteria,Pseudomonadota,gyrA,1,0,0
Edwardsiella,Enterobacteriaceae,Enterobacterales,Gammaproteobacteria,Pseudomonadota,gyrA,5,0,0
Effusibacillus,Effusibacillaceae,Tumebacillales,Bacilli,Bacillota,gyrA,4,0,0
Egbenema,Elainellaceae,Elainellales,Cyanobacteriia,Cyanobacteriota,gyrA,1,0,0
Eggerthella,Eggerthellaceae,Coriobacteriales,Coriobacteriia,Actinomycetota,gyrA,5,1,0.2
Eggerthia,Coprobacillaceae,Erysipelotrichales,Bacilli_A,Bacillota_I,gyrA,1,0,0
Egibacter,Egibacteraceae,Euzebyales,Nitriliruptoria,Actinomycetota,gyrA,1,0,0
Egicoccus,Nitriliruptoraceae,Nitriliruptorales,Nitriliruptoria,Actinomycetota,gyrA,1,0,0
Ehrlichia,Anaplasmataceae,Rickettsiales,Alphaproteobacteria,Pseudomonadota,gyrA,7,6,0.8571428571428571
Eikenella,Neisseriaceae,Burkholderiales,Gammaproteobacteria,Pseudomonadota,gyrA,5,0,0
Eilatimonas,Kordiimonadaceae,Sphingomonadales,Alphaproteobacteria,Pseudomonadota,gyrA,1,0,0
Eionea,NA,NA,NA,NA,gyrA,1,0,0
Eisenbergiella,Lachnospiraceae,Lachnospirales,Clostridia,Bacillota,gyrA,3,3,1
Ekhidna,Cyclobacteriaceae,Cytophagales,Bacteroidia,Bacteroidota,gyrA,2,0,0
Eleftheria,NA,NA,NA,NA,gyrA,1,0,0
Elioraea,Acetobacteraceae,Acetobacterales,Alphaproteobacteria,Pseudomonadota,gyrA,3,3,1
Elizabethkingia,Weeksellaceae,Flavobacteriales,Bacteroidia,Bacteroidota,gyrA,7,0,0
Ellagibacter,Eggerthellaceae,Coriobacteriales,Coriobacteriia,Actinomycetota,gyrA,1,0,0
Elongatibacter,SZUA-36,Xanthomonadales,Gammaproteobacteria,Pseudomonadota,gyrA,1,0,0
Elstera,Elsteraceae,Elsterales,Alphaproteobacteria,Pseudomonadota,gyrA,2,2,1
Elusimicrobium,Elusimicrobiaceae,Elusimicrobiales,Elusimicrobia,Elusimicrobiota,gyrA,3,0,0
Embleya,Streptomycetaceae,Streptomycetales,Actinomycetes,Actinomycetota,gyrA,3,0,0
Emcibacter,Emcibacteraceae,Sphingomonadales,Alphaproteobacteria,Pseudomonadota,gyrA,1,0,0
Emergencia,NA,NA,NA,NA,gyrA,1,0,0
Empedobacter,Weeksellaceae,Flavobacteriales,Bacteroidia,Bacteroidota,gyrA,5,0,0
Emticicia,Spirosomataceae,Cytophagales,Bacteroidia,Bacteroidota,gyrA,6,4,0.6666666666666666
Endobacter,Acetobacteraceae,Acetobacterales,Alphaproteobacteria,Pseudomonadota,gyrA,1,0,0
Endobacterium,NA,NA,NA,NA,gyrA,2,1,0.5
Endolissoclinum,NA,NA,NA,NA,gyrA,1,0,0
Endomicrobiellum,Endomicrobiaceae,Endomicrobiales,Endomicrobiia,Elusimicrobiota,gyrA,1,1,1
Endomicrobium,Endomicrobiaceae,Endomicrobiales,Endomicrobiia,Elusimicrobiota,gyrA,1,0,0
Endoriftia,Chromatiaceae,Chromatiales,Gammaproteobacteria,Pseudomonadota,gyrA,1,0,0
Endoryza,Chitinophagaceae,Chitinophagales,Bacteroidia,Bacteroidota,gyrA,1,0,0
Endosaccharibacter,NA,NA,NA,NA,gyrA,1,0,0
Endosymbiont,NA,NA,NA,NA,gyrA,10,2,0.2
Endothiovibrio,NA,NA,NA,NA,gyrA,1,0,0
Endowatersipora,NA,NA,NA,NA,gyrA,1,1,1
Endozoicomonas,Endozoicomonadaceae,Pseudomonadales,Gammaproteobacteria,Pseudomonadota,gyrA,10,0,0
Enemella,Propionibacteriaceae,Propionibacteriales,Actinomycetes,Actinomycetota,gyrA,2,0,0
Engelhardtia,GCA-002686595,UBA1135,UBA1135,Planctomycetota,gyrA,1,0,0
Enhydrobacter,NA,NA,NA,NA,gyrA,1,0,0
Enhygromyxa,NA,NA,NA,NA,gyrA,1,0,0
Enorma,Coriobacteriaceae,Coriobacteriales,Coriobacteriia,Actinomycetota,gyrA,5,3,0.6
Ensifer,Rhizobiaceae,Rhizobiales,Alphaproteobacteria,Pseudomonadota,gyrA,6,6,1
Enteractinococcus,NA,NA,NA,NA,gyrA,3,0,0
Enterobacillus,Enterobacteriaceae,Enterobacterales,Gammaproteobacteria,Pseudomonadota,gyrA,1,0,0
Enterobacter,Enterobacteriaceae,Enterobacterales,Gammaproteobacteria,Pseudomonadota,gyrA,29,4,0.13793103448275862
Enterobacteriaceae,NA,NA,NA,NA,gyrA,25,1,0.04
Enterocloster,Lachnospiraceae,Lachnospirales,Clostridia,Bacillota,gyrA,7,7,1
Enterococcus,Enterococcaceae,Lactobacillales,Bacilli,Bacillota,gyrA,87,1,0.011494252873563218
Enteroscipio,Eggerthellaceae,Coriobacteriales,Coriobacteriia,Actinomycetota,gyrA,1,0,0
Enterovibrio,Vibrionaceae,Enterobacterales,Gammaproteobacteria,Pseudomonadota,gyrA,12,0,0
Enterovirga,Beijerinckiaceae,Rhizobiales,Alphaproteobacteria,Pseudomonadota,gyrA,2,1,0.5
Entomobacter,Acetobacteraceae,Acetobacterales,Alphaproteobacteria,Pseudomonadota,gyrA,1,0,0
Entomohabitans,Enterobacteriaceae,Enterobacterales,Gammaproteobacteria,Pseudomonadota,gyrA,1,0,0
Entomomonas,Pseudomonadaceae,Pseudomonadales,Gammaproteobacteria,Pseudomonadota,gyrA,2,0,0
Entomoplasma,Mycoplasmataceae,Mycoplasmatales,Bacilli_A,Bacillota_I,gyrA,2,0,0
Entomospira,WRBN01,WRBN01,Spirochaetia,Spirochaetota,gyrA,3,3,1
Eoetvoesiella,NA,NA,NA,NA,gyrA,1,0,0
Ephemeroptericola,NA,NA,NA,NA,gyrA,1,0,0
Epibacterium,Rhodobacteraceae,Rhodobacterales,Alphaproteobacteria,Pseudomonadota,gyrA,1,0,0
Epidermidibacterium,Antricoccaceae,Mycobacteriales,Actinomycetes,Actinomycetota,gyrA,1,0,0
Epilithonimonas,Weeksellaceae,Flavobacteriales,Bacteroidia,Bacteroidota,gyrA,14,0,0
Epulonipiscium,NA,NA,NA,NA,gyrA,1,1,1
Ercella,NA,NA,NA,NA,gyrA,1,1,1
Eremococcus,Aerococcaceae,Lactobacillales,Bacilli,Bacillota,gyrA,1,0,0
Erwinia,Enterobacteriaceae,Enterobacterales,Gammaproteobacteria,Pseudomonadota,gyrA,27,1,0.037037037037037035
Erysipelothrix,Erysipelotrichaceae,Erysipelotrichales,Bacilli_A,Bacillota_I,gyrA,10,2,0.2
Erythrobacter,Sphingomonadaceae,Sphingomonadales,Alphaproteobacteria,Pseudomonadota,gyrA,21,7,0.3333333333333333
Escherichia,Enterobacteriaceae,Enterobacterales,Gammaproteobacteria,Pseudomonadota,gyrA,7,0,0
Eshraghiella,Lachnospiraceae,Lachnospirales,Clostridia,Bacillota,gyrA,1,0,0
Estrella,Criblamydiaceae,Chlamydiales,Chlamydiia,Chlamydiota,gyrA,1,0,0
Ethanoligenens,Ethanoligenentaceae,Oscillospirales,Clostridia,Bacillota,gyrA,1,1,1
Eubacterium,Eubacteriaceae,Eubacteriales,Clostridia,Bacillota,gyrA,16,9,0.5625
Eudoraea,Flavobacteriaceae,Flavobacteriales,Bacteroidia,Bacteroidota,gyrA,3,0,0
Euhalothece,NA,NA,NA,NA,gyrA,1,0,0
Eupransor,Lactobacillaceae,Lactobacillales,Bacilli,Bacillota,gyrA,1,0,0
Euryhalocaulis,Maricaulaceae,Caulobacterales,Alphaproteobacteria,Pseudomonadota,gyrA,1,0,0
Euzebya,Euzebyaceae,Euzebyales,Nitriliruptoria,Actinomycetota,gyrA,3,0,0
Euzebyella,Flavobacteriaceae,Flavobacteriales,Bacteroidia,Bacteroidota,gyrA,2,0,0
Evansella,Salisediminibacteriaceae,Bacillales,Bacilli,Bacillota,gyrA,6,0,0
Evtepia,Oscillospiraceae,Oscillospirales,Clostridia,Bacillota,gyrA,1,0,0
Ewingella,Enterobacteriaceae,Enterobacterales,Gammaproteobacteria,Pseudomonadota,gyrA,3,0,0
Exercitatus,Pasteurellaceae,Enterobacterales,Gammaproteobacteria,Pseudomonadota,gyrA,1,0,0
Exiguobacterium,Exiguobacteriaceae,Exiguobacteriales,Bacilli,Bacillota,gyrA,18,0,0
Exilibacterium,Cellvibrionaceae,Pseudomonadales,Gammaproteobacteria,Pseudomonadota,gyrA,1,1,1
Exilispira,JAAYUW01,JAAYUW01,JAAYUW01,Spirochaetota,gyrA,1,0,0
Eximiradius,NA,NA,NA,NA,gyrA,1,0,0
Exobacillus,Guptibacillaceae,Bacillales,Bacilli,Bacillota,gyrA,1,0,0
Extensimonas,Burkholderiaceae_C,Burkholderiales,Gammaproteobacteria,Pseudomonadota,gyrA,3,0,0
Extibacter,Lachnospiraceae,Lachnospirales,Clostridia,Bacillota,gyrA,1,1,1
Ezakiella,Peptoniphilaceae,Tissierellales,Clostridia,Bacillota,gyrA,3,0,0
Facilibium,Francisellaceae,Francisellales,Gammaproteobacteria,Pseudomonadota,gyrA,1,0,0
Facivitalis,NA,NA,NA,NA,gyrA,1,0,0
Facklamia,Aerococcaceae,Lactobacillales,Bacilli,Bacillota,gyrA,4,0,0
Faecalibacillus,Coprobacillaceae,Erysipelotrichales,Bacilli_A,Bacillota_I,gyrA,2,0,0
Faecalibacter,NA,NA,NA,NA,gyrA,3,0,0
Faecalibacterium,Ruminococcaceae,Oscillospirales,Clostridia,Bacillota,gyrA,12,12,1
Faecalibaculum,Erysipelotrichaceae,Erysipelotrichales,Bacilli_A,Bacillota_I,gyrA,1,0,0
Faecalicatena,Lachnospiraceae,Lachnospirales,Clostridia,Bacillota,gyrA,5,5,1
Faecalicoccus,Erysipelotrichaceae,Erysipelotrichales,Bacilli_A,Bacillota_I,gyrA,2,0,0
Faecalimicrobium,Peptostreptococcaceae,Peptostreptococcales,Clostridia,Bacillota,gyrA,1,0,0
Faecalimonas,Lachnospiraceae,Lachnospirales,Clostridia,Bacillota,gyrA,4,4,1
Faecalispora,Acutalibacteraceae,Oscillospirales,Clostridia,Bacillota,gyrA,3,3,1
Faecalitalea,Erysipelotrichaceae,Erysipelotrichales,Bacilli_A,Bacillota_I,gyrA,1,0,0
Faecousia,Oscillospiraceae,Oscillospirales,Clostridia,Bacillota,gyrA,1,1,1
Falsarthrobacter,Micrococcaceae,Actinomycetales,Actinomycetes,Actinomycetota,gyrA,1,0,0
Falseniella,Aerococcaceae,Lactobacillales,Bacilli,Bacillota,gyrA,1,1,1
Falsibacillus,DSM-25281,Bacillales,Bacilli,Bacillota,gyrA,2,0,0
Falsigemmobacter,NA,NA,NA,NA,gyrA,2,0,0
Falsihalocynthiibacter,Rhodobacteraceae,Rhodobacterales,Alphaproteobacteria,Pseudomonadota,gyrA,1,0,0
Falsiphaeobacter,NA,NA,NA,NA,gyrA,1,0,0
Falsiporphyromonas,NA,NA,NA,NA,gyrA,1,0,0
Falsirhodobacter,Rhodobacteraceae,Rhodobacterales,Alphaproteobacteria,Pseudomonadota,gyrA,4,0,0
Falsiroseomonas,Acetobacteraceae,Acetobacterales,Alphaproteobacteria,Pseudomonadota,gyrA,10,6,0.6
Falsiruegeria,Rhodobacteraceae,Rhodobacterales,Alphaproteobacteria,Pseudomonadota,gyrA,2,0,0
Falsochrobactrum,NA,NA,NA,NA,gyrA,3,3,1
Fangia,Francisellaceae,Francisellales,Gammaproteobacteria,Pseudomonadota,gyrA,1,0,0
Fannyhessea,Atopobiaceae,Coriobacteriales,Coriobacteriia,Actinomycetota,gyrA,1,0,0
Fastidiosibacter,NA,NA,NA,NA,gyrA,1,0,0
Fastidiosipila,Fastidiosipilaceae,Saccharofermentanales,Clostridia,Bacillota,gyrA,1,0,0
Faucicola,Moraxellaceae,Pseudomonadales,Gammaproteobacteria,Pseudomonadota,gyrA,4,0,0
Faunimonas,Afifellaceae,Rhizobiales,Alphaproteobacteria,Pseudomonadota,gyrA,1,0,0
Feifania,Feifaniaceae,Oscillospirales,Clostridia,Bacillota,gyrA,1,1,1
Fenollaria,Peptoniphilaceae,Tissierellales,Clostridia,Bacillota,gyrA,3,0,0
Ferdinandcohnia,Bacillaceae_L,Bacillales,Bacilli,Bacillota,gyrA,4,1,0.25
Ferirhizobium,Rhizobiaceae,Rhizobiales,Alphaproteobacteria,Pseudomonadota,gyrA,1,1,1
Ferranicluibacter,Rhizobiaceae,Rhizobiales,Alphaproteobacteria,Pseudomonadota,gyrA,1,1,1
Ferribacterium,NA,NA,NA,NA,gyrA,1,0,0
Ferrigenium,NA,NA,NA,NA,gyrA,2,0,0
Ferrimicrobium,Acidimicrobiaceae,Acidimicrobiales,Acidimicrobiia,Actinomycetota,gyrA,1,1,1
Ferrimonas,Shewanellaceae,Enterobacterales,Gammaproteobacteria,Pseudomonadota,gyrA,11,0,0
Ferriphaselus,Gallionellaceae,Burkholderiales,Gammaproteobacteria,Pseudomonadota,gyrA,1,0,0
Ferrithrix,Acidimicrobiaceae,Acidimicrobiales,Acidimicrobiia,Actinomycetota,gyrA,1,0,0
Ferroacidibacillus,SLC66,Alicyclobacillales,Bacilli,Bacillota,gyrA,1,0,0
Ferrovibrio,Ferrovibrionaceae,Ferrovibrionales,Alphaproteobacteria,Pseudomonadota,gyrA,3,0,0
Ferrovum,Ferrovaceae,Burkholderiales,Gammaproteobacteria,Pseudomonadota,gyrA,1,0,0
Ferruginibacter,Chitinophagaceae,Chitinophagales,Bacteroidia,Bacteroidota,gyrA,5,5,1
Ferruginivarius,Rhodovibrionaceae,Kiloniellales,Alphaproteobacteria,Pseudomonadota,gyrA,1,1,1
Fertoeibacter,Rhodobacteraceae,Rhodobacterales,Alphaproteobacteria,Pseudomonadota,gyrA,1,0,0
Fervidibacillus,Caldibacillaceae,Bacillales,Bacilli,Bacillota,gyrA,2,0,0
Fervidibacter,Fervidibacteraceae,Fervidibacterales,Fervidibacteria,Armatimonadota,gyrA,1,1,1
Fervidicella,Caloramatoraceae,Clostridiales,Clostridia,Bacillota,gyrA,1,0,0
Fervidicola,Thermosediminibacteraceae,Thermosediminibacterales,Thermosediminibacteria,Bacillota,gyrA,1,1,1
Ferviditalea,KCTC-25726,Paenibacillales,Bacilli,Bacillota,gyrA,1,0,0
Fervidobacterium,Fervidobacteriaceae,Thermotogales,Thermotogae,Thermotogota,gyrA,7,6,0.8571428571428571
Fibrella,Spirosomataceae,Cytophagales,Bacteroidia,Bacteroidota,gyrA,7,3,0.42857142857142855
Fibrisoma,Spirosomataceae,Cytophagales,Bacteroidia,Bacteroidota,gyrA,2,2,1
Fibrivirga,NA,NA,NA,NA,gyrA,1,0,0
Fibrobacter,Fibrobacteraceae,Fibrobacterales,Fibrobacteria,Fibrobacterota,gyrA,2,2,1
Fictibacillus,Fictibacillaceae,Bacillales,Bacilli,Bacillota,gyrA,16,0,0
Fidelibacter,Fidelibacteraceae,Fidelibacterales,Fidelibacteria,Fidelibacterota,gyrA,1,0,0
Filibacter,NA,NA,NA,NA,gyrA,1,0,0
Filifactor,Filifactoraceae,Peptostreptococcales,Clostridia,Bacillota,gyrA,2,1,0.5
Filimonas,Chitinophagaceae,Chitinophagales,Bacteroidia,Bacteroidota,gyrA,3,0,0
Filobacillus,Alkalibacillaceae,Bacillales,Bacilli,Bacillota,gyrA,1,0,0
Filomicrobium,Hyphomicrobiaceae,Rhizobiales,Alphaproteobacteria,Pseudomonadota,gyrA,1,0,0
Fimbriiglobus,Gemmataceae,Gemmatales,Planctomycetia,Planctomycetota,gyrA,1,1,1
Fimbriimonas,Fimbriimonadaceae,Fimbriimonadales,Fimbriimonadia,Armatimonadota,gyrA,1,1,1
Finegoldia,Peptoniphilaceae,Tissierellales,Clostridia,Bacillota,gyrA,2,0,0
Finniella,CAIULA01,Paracaedibacterales,Alphaproteobacteria,Pseudomonadota,gyrA,1,0,0
Fischerella,Nostocaceae,Cyanobacteriales,Cyanobacteriia,Cyanobacteriota,gyrA,2,0,0
Flagellatimonas,NA,NA,NA,NA,gyrA,1,0,0
Flagellimonas,Flavobacteriaceae,Flavobacteriales,Bacteroidia,Bacteroidota,gyrA,49,0,0
Flammeovirga,Flammeovirgaceae,Cytophagales,Bacteroidia,Bacteroidota,gyrA,6,0,0
Flaviaestuariibacter,NA,NA,NA,NA,gyrA,3,0,0
Flaviaesturariibacter,NA,NA,NA,NA,gyrA,1,0,0
Flavicella,Flavobacteriaceae,Flavobacteriales,Bacteroidia,Bacteroidota,gyrA,2,0,0
Flaviflagellibacter,Methylopilaceae,Rhizobiales,Alphaproteobacteria,Pseudomonadota,gyrA,1,0,0
Flaviflexus,Actinomycetaceae,Actinomycetales,Actinomycetes,Actinomycetota,gyrA,5,0,0
Flavihumibacter,Chitinophagaceae,Chitinophagales,Bacteroidia,Bacteroidota,gyrA,8,6,0.75
Flavilitoribacter,Saprospiraceae,Chitinophagales,Bacteroidia,Bacteroidota,gyrA,1,0,0
Flavimaribacter,Rhizobiaceae,Rhizobiales,Alphaproteobacteria,Pseudomonadota,gyrA,1,0,0
Flavimaricola,Rhodobacteraceae,Rhodobacterales,Alphaproteobacteria,Pseudomonadota,gyrA,1,0,0
Flavimobilis,Cellulomonadaceae,Actinomycetales,Actinomycetes,Actinomycetota,gyrA,3,0,0
Flavipsychrobacter,Chitinophagaceae,Chitinophagales,Bacteroidia,Bacteroidota,gyrA,1,0,0
Flaviramulus,Flavobacteriaceae,Flavobacteriales,Bacteroidia,Bacteroidota,gyrA,3,0,0
Flavisericum,Flavobacteriaceae,Flavobacteriales,Bacteroidia,Bacteroidota,gyrA,1,0,0
Flavisolibacter,Chitinophagaceae,Chitinophagales,Bacteroidia,Bacteroidota,gyrA,5,0,0
Flavisphingomonas,Sphingomonadaceae,Sphingomonadales,Alphaproteobacteria,Pseudomonadota,gyrA,1,0,0
Flavisphingopyxis,Sphingomonadaceae,Sphingomonadales,Alphaproteobacteria,Pseudomonadota,gyrA,1,0,0
Flavitalea,Chitinophagaceae,Chitinophagales,Bacteroidia,Bacteroidota,gyrA,3,3,1
Flavivirga,Flavobacteriaceae,Flavobacteriales,Bacteroidia,Bacteroidota,gyrA,9,0,0
Flavobacterium,Flavobacteriaceae,Flavobacteriales,Bacteroidia,Bacteroidota,gyrA,327,8,0.024464831804281346
Flavonifractor,Oscillospiraceae,Oscillospirales,Clostridia,Bacillota,gyrA,3,1,0.3333333333333333
Flectobacillus,Spirosomataceae,Cytophagales,Bacteroidia,Bacteroidota,gyrA,4,0,0
Flexibacter,Flexibacteraceae,Cytophagales,Bacteroidia,Bacteroidota,gyrA,1,0,0
Flexibacterium,NA,NA,NA,NA,gyrA,1,0,0
Flexilinea,Anaerolineaceae,Anaerolineales,Anaerolineae,Chloroflexota,gyrA,1,0,0
Flexistipes,Flexistipitaceae,Deferribacterales,Deferribacteres,Chrysiogenota,gyrA,1,1,1
Flexithrix,Flammeovirgaceae,Cytophagales,Bacteroidia,Bacteroidota,gyrA,1,0,0
Flexivirga,Dermatophilaceae,Actinomycetales,Actinomycetes,Actinomycetota,gyrA,7,0,0
Flintibacter,NA,NA,NA,NA,gyrA,4,1,0.25
Floccifex,Erysipelotrichaceae,Erysipelotrichales,Bacilli_A,Bacillota_I,gyrA,1,0,0
Flocculibacter,Alteromonadaceae,Enterobacterales,Gammaproteobacteria,Pseudomonadota,gyrA,1,0,0
Floricoccus,Streptococcaceae,Lactobacillales,Bacilli,Bacillota,gyrA,2,0,0
Floridanema,Aerosakkonemataceae,Cyanobacteriales,Cyanobacteriia,Cyanobacteriota,gyrA,4,0,0
Fluctibacter,Alteromonadaceae,Enterobacterales,Gammaproteobacteria,Pseudomonadota,gyrA,2,0,0
Fluoribacter,NA,NA,NA,NA,gyrA,2,0,0
Fluviibacter,Rhodocyclaceae,Burkholderiales,Gammaproteobacteria,Pseudomonadota,gyrA,1,1,1
Fluviicoccus,Moraxellaceae,Pseudomonadales,Gammaproteobacteria,Pseudomonadota,gyrA,1,0,0
Fluviicola,Crocinitomicaceae,Flavobacteriales_D,Bacteroidia,Bacteroidota,gyrA,2,0,0
Fluviirhizobium,NA,NA,NA,NA,gyrA,1,1,1
Fluviispira,NA,NA,NA,NA,gyrA,3,0,0
Fodinibacter,Dermatophilaceae,Actinomycetales,Actinomycetes,Actinomycetota,gyrA,1,0,0
Fodinibius,Balneolaceae,Balneolales,Rhodothermia,Bacteroidota,gyrA,9,0,0
Fodinicola,HKI-0501,Mycobacteriales,Actinomycetes,Actinomycetota,gyrA,2,0,0
Fodinicurvata,DSM-21159,Kiloniellales,Alphaproteobacteria,Pseudomonadota,gyrA,3,0,0
Fodinisporobacter,MYW30-H2,Tumebacillales,Bacilli,Bacillota,gyrA,1,0,0
Foetidibacter,Chitinophagaceae,Chitinophagales,Bacteroidia,Bacteroidota,gyrA,1,1,1
Fokinia,Midichloriaceae,Rickettsiales,Alphaproteobacteria,Pseudomonadota,gyrA,2,0,0
Foliimonas,Rhizobiaceae,Rhizobiales,Alphaproteobacteria,Pseudomonadota,gyrA,1,1,1
Fontibacillus,Paenibacillaceae,Paenibacillales,Bacilli,Bacillota,gyrA,3,0,0
Fontibacter,Cyclobacteriaceae,Cytophagales,Bacteroidia,Bacteroidota,gyrA,1,0,0
Fonticella,Caloramatoraceae,Clostridiales,Clostridia,Bacillota,gyrA,1,0,0
Fontimonas,NA,NA,NA,NA,gyrA,1,0,0
Fontisphaera,Fontisphaeraceae,Limisphaerales,Verrucomicrobiia,Verrucomicrobiota,gyrA,1,0,0
Fontisubflavum,NA,NA,NA,NA,gyrA,1,0,0
Fontivita,Tepidisphaeraceae,Tepidisphaerales,Phycisphaerae,Planctomycetota,gyrA,1,1,1
Formicincola,Acetobacteraceae,Acetobacterales,Alphaproteobacteria,Pseudomonadota,gyrA,1,0,0
Formimonas,Dehalobacteriaceae,Dehalobacteriales,Dehalobacteriia,Bacillota,gyrA,1,0,0
Formivibrio,Chitinibacteraceae,Burkholderiales,Gammaproteobacteria,Pseudomonadota,gyrA,1,0,0
Formosa,Flavobacteriaceae,Flavobacteriales,Bacteroidia,Bacteroidota,gyrA,7,0,0
Fortiea,Nostocaceae,Cyanobacteriales,Cyanobacteriia,Cyanobacteriota,gyrA,1,0,0
Francisella,Francisellaceae,Francisellales,Gammaproteobacteria,Pseudomonadota,gyrA,16,0,0
Francisella-Like,NA,NA,NA,NA,gyrA,1,0,0
Franconibacter,Enterobacteriaceae,Enterobacterales,Gammaproteobacteria,Pseudomonadota,gyrA,2,0,0
Frankia,Frankiaceae,Frankiales,Actinomycetes,Actinomycetota,gyrA,10,0,0
Franzmannia,Halomonadaceae,Pseudomonadales,Gammaproteobacteria,Pseudomonadota,gyrA,2,0,0
Frateuria,Rhodanobacteraceae,Xanthomonadales,Gammaproteobacteria,Pseudomonadota,gyrA,7,6,0.8571428571428571
Frederiksenia,Pasteurellaceae,Enterobacterales,Gammaproteobacteria,Pseudomonadota,gyrA,1,0,0
Fretibacter,Maricaulaceae,Caulobacterales,Alphaproteobacteria,Pseudomonadota,gyrA,1,0,0
Fretibacterium,Aminobacteriaceae,Synergistales,Synergistia,Synergistota,gyrA,1,0,0
Friedmanniella,NA,NA,NA,NA,gyrA,1,0,0
Frigidibacter,Rhodobacteraceae,Rhodobacterales,Alphaproteobacteria,Pseudomonadota,gyrA,3,2,0.6666666666666666
Frigoribacterium,Microbacteriaceae,Actinomycetales,Actinomycetes,Actinomycetota,gyrA,3,0,0
Frigoriflavimonas,Weeksellaceae,Flavobacteriales,Bacteroidia,Bacteroidota,gyrA,1,0,0
Frigoriglobus,NA,NA,NA,NA,gyrA,1,1,1
Frischella,Orbaceae,Enterobacterales,Gammaproteobacteria,Pseudomonadota,gyrA,2,0,0
Frisingicoccus,Lachnospiraceae,Lachnospirales,Clostridia,Bacillota,gyrA,1,1,1
Frondihabitans,Microbacteriaceae,Actinomycetales,Actinomycetes,Actinomycetota,gyrA,4,0,0
Fructilactobacillus,Lactobacillaceae,Lactobacillales,Bacilli,Bacillota,gyrA,11,1,0.09090909090909091
Fructobacillus,Lactobacillaceae,Lactobacillales,Bacilli,Bacillota,gyrA,13,0,0
Fuchsiella,Acetohalobiaceae,Halobacteroidales,Halanaerobiia,Bacillota,gyrA,1,1,1
Fuerstiella,Planctomycetaceae,Planctomycetales,Planctomycetia,Planctomycetota,gyrA,1,0,0
Fukatsuia,Enterobacteriaceae,Enterobacterales,Gammaproteobacteria,Pseudomonadota,gyrA,3,0,0
Fulverythrobacter,NA,NA,NA,NA,gyrA,2,0,0
Fulvimarina,Rhizobiaceae,Rhizobiales,Alphaproteobacteria,Pseudomonadota,gyrA,6,0,0
Fulvimonas,Rhodanobacteraceae,Xanthomonadales,Gammaproteobacteria,Pseudomonadota,gyrA,2,2,1
Fulvitalea,Cyclobacteriaceae,Cytophagales,Bacteroidia,Bacteroidota,gyrA,1,0,0
Fulvivirga,Cyclobacteriaceae,Cytophagales,Bacteroidia,Bacteroidota,gyrA,11,4,0.36363636363636365
Fumia,Ruminococcaceae,Oscillospirales,Clostridia,Bacillota,gyrA,1,1,1
Fundicoccus,Aerococcaceae,Lactobacillales,Bacilli,Bacillota,gyrA,2,0,0
Fundidesulfovibrio,Desulfovibrionaceae,Desulfovibrionales,Desulfovibrionia,Desulfobacterota,gyrA,6,0,0
Funiculus,FACHB-T130,Cyanobacteriales,Cyanobacteriia,Cyanobacteriota,gyrA,1,0,0
Furfurilactobacillus,Lactobacillaceae,Lactobacillales,Bacilli,Bacillota,gyrA,6,0,0
Fuscibacter,Rhodobacteraceae,Rhodobacterales,Alphaproteobacteria,Pseudomonadota,gyrA,1,0,0
Fuscovulum,NA,NA,NA,NA,gyrA,1,0,0
Fusibacillus,NA,NA,NA,NA,gyrA,1,1,1
Fusibacter,Acidaminobacteraceae,Peptostreptococcales,Clostridia,Bacillota,gyrA,5,5,1
Fusicatenibacter,Lachnospiraceae,Lachnospirales,Clostridia,Bacillota,gyrA,2,2,1
Fusobacterium,Fusobacteriaceae,Fusobacteriales,Fusobacteriia,Fusobacteriota,gyrA,22,21,0.9545454545454546
Futiania,Futianiaceae,Futianiales,Alphaproteobacteria,Pseudomonadota,gyrA,1,0,0
Gabonibacter,Marinifilaceae,Bacteroidales,Bacteroidia,Bacteroidota,gyrA,2,0,0
Gaetbulibacter,Flavobacteriaceae,Flavobacteriales,Bacteroidia,Bacteroidota,gyrA,4,0,0
Gaiella,Gaiellaceae,Gaiellales,Thermoleophilia,Actinomycetota,gyrA,1,0,0
Galactobacillus,NA,NA,NA,NA,gyrA,1,1,1
Galactobacter,Micrococcaceae,Actinomycetales,Actinomycetes,Actinomycetota,gyrA,2,0,0
Galacturonatibacter,NA,NA,NA,NA,gyrA,1,1,1
Galbibacter,Flavobacteriaceae,Flavobacteriales,Bacteroidia,Bacteroidota,gyrA,5,0,0
Galbitalea,Microbacteriaceae,Actinomycetales,Actinomycetes,Actinomycetota,gyrA,1,0,0
Galenea,NA,NA,NA,NA,gyrA,1,0,0
Gallaecimonas,Gallaecimonadaceae,Enterobacterales,Gammaproteobacteria,Pseudomonadota,gyrA,5,0,0
Gallalistipes,Rikenellaceae,Bacteroidales,Bacteroidia,Bacteroidota,gyrA,1,0,0
Gallibacter,Anaerovoracaceae,Peptostreptococcales,Clostridia,Bacillota,gyrA,1,0,0
Gallibacterium,Pasteurellaceae,Enterobacterales,Gammaproteobacteria,Pseudomonadota,gyrA,5,1,0.2
Gallintestinimicrobium,Lachnospiraceae,Lachnospirales,Clostridia,Bacillota,gyrA,1,1,1
Gallionella,Gallionellaceae,Burkholderiales,Gammaproteobacteria,Pseudomonadota,gyrA,1,0,0
Galliscardovia,Bifidobacteriaceae,Actinomycetales,Actinomycetes,Actinomycetota,gyrA,1,1,1
Gamma,NA,NA,NA,NA,gyrA,3,0,0
Gandjariella,Pseudonocardiaceae,Mycobacteriales,Actinomycetes,Actinomycetota,gyrA,1,0,0
Gangjinia,Flavobacteriaceae,Flavobacteriales,Bacteroidia,Bacteroidota,gyrA,1,0,0
Gaopeijia,Gaopeijiaceae,Longimicrobiales,Gemmatimonadetes,Gemmatimonadota,gyrA,1,0,0
Gaoshiqia,Prolixibacteraceae,Bacteroidales,Bacteroidia,Bacteroidota,gyrA,2,0,0
Garciella,Garciellaceae,Eubacteriales,Clostridia,Bacillota,gyrA,1,0,0
Gardnerella,NA,NA,NA,NA,gyrA,19,1,0.05263157894736842
Garicola,NA,NA,NA,NA,gyrA,1,0,0
Gayadomonas,NA,NA,NA,NA,gyrA,1,0,0
Gehongia,NSJ-53,Christensenellales,Clostridia,Bacillota,gyrA,1,0,0
Gelatiniphilus,Flavobacteriaceae,Flavobacteriales,Bacteroidia,Bacteroidota,gyrA,1,0,0
Gelidibacter,Flavobacteriaceae,Flavobacteriales,Bacteroidia,Bacteroidota,gyrA,8,0,0
Gelidimonas,NA,NA,NA,NA,gyrA,2,2,1
Gellertiella,Rhizobiaceae,Rhizobiales,Alphaproteobacteria,Pseudomonadota,gyrA,1,1,1
Gemella,Gemellaceae,Staphylococcales,Bacilli,Bacillota,gyrA,8,8,1
Gemelliphila,Gemellaceae,Staphylococcales,Bacilli,Bacillota,gyrA,2,2,1
Geminicoccus,Geminicoccaceae,Geminicoccales,Alphaproteobacteria,Pseudomonadota,gyrA,3,0,0
Geminisphaera,Opitutaceae,Opitutales,Verrucomicrobiia,Verrucomicrobiota,gyrA,1,0,0
Geminocystis,Cyanobacteriaceae,Cyanobacteriales,Cyanobacteriia,Cyanobacteriota,gyrA,1,0,0
Gemmata,Gemmataceae,Gemmatales,Planctomycetia,Planctomycetota,gyrA,4,4,1
Gemmatimonas,Gemmatimonadaceae,Gemmatimonadales,Gemmatimonadetes,Gemmatimonadota,gyrA,3,0,0
Gemmatirosa,Gemmatimonadaceae,Gemmatimonadales,Gemmatimonadetes,Gemmatimonadota,gyrA,1,0,0
Gemmiger,Ruminococcaceae,Oscillospirales,Clostridia,Bacillota,gyrA,3,3,1
Gemmobacter,Rhodobacteraceae,Rhodobacterales,Alphaproteobacteria,Pseudomonadota,gyrA,12,2,0.16666666666666666
Geoalkalibacter,Geoalkalibacteraceae,Desulfuromonadales,Desulfuromonadia,Desulfobacterota,gyrA,3,0,0
Geoanaerobacter,DSM-12255,Geobacterales,Desulfuromonadia,Desulfobacterota,gyrA,1,0,0
Geobacillus,Anoxybacillaceae,Bacillales,Bacilli,Bacillota,gyrA,12,12,1
Geobacter,Geobacteraceae,Geobacterales,Desulfuromonadia,Desulfobacterota,gyrA,8,2,0.25
Geodermatophilus,Geodermatophilaceae,Mycobacteriales,Actinomycetes,Actinomycetota,gyrA,19,0,0
Geofilum,Marinilabiliaceae,Bacteroidales,Bacteroidia,Bacteroidota,gyrA,2,1,0.5
Geojedonia,Flavobacteriaceae,Flavobacteriales,Bacteroidia,Bacteroidota,gyrA,1,0,0
Geomesophilobacter,Geobacteraceae,Geobacterales,Desulfuromonadia,Desulfobacterota,gyrA,1,0,0
Geomicrobium,Marinococcaceae,Bacillales,Bacilli,Bacillota,gyrA,2,0,0
Geomobilimonas,Geobacteraceae,Geobacterales,Desulfuromonadia,Desulfobacterota,gyrA,1,0,0
Geomonas,Geobacteraceae,Geobacterales,Desulfuromonadia,Desulfobacterota,gyrA,14,0,0
Geopseudomonas,Pseudomonadaceae,Pseudomonadales,Gammaproteobacteria,Pseudomonadota,gyrA,3,0,0
Geopsychrobacter,Geopsychrobacteraceae,Desulfuromonadales,Desulfuromonadia,Desulfobacterota,gyrA,1,0,0
Georgenia,Actinomycetaceae,Actinomycetales,Actinomycetes,Actinomycetota,gyrA,16,0,0
Georgfuchsia,Rhodocyclaceae,Burkholderiales,Gammaproteobacteria,Pseudomonadota,gyrA,1,0,0
Georhizobium,Rhizobiaceae,Rhizobiales,Alphaproteobacteria,Pseudomonadota,gyrA,1,0,0
Geosporobacter,Thermotaleaceae,Peptostreptococcales,Clostridia,Bacillota,gyrA,2,0,0
Geotalea,Geobacteraceae,Geobacterales,Desulfuromonadia,Desulfobacterota,gyrA,3,0,0
Geothermobacter,Geothermobacteraceae,Desulfuromonadales,Desulfuromonadia,Desulfobacterota,gyrA,2,0,0
Geothrix,Holophagaceae,Holophagales,Holophagae,Acidobacteriota,gyrA,12,0,0
Geotoga,Petrotogaceae,Petrotogales,Thermotogae,Thermotogota,gyrA,1,0,0
Geovibrio,Geovibrionaceae,Deferribacterales,Deferribacteres,Chrysiogenota,gyrA,2,0,0
Gephyromycinifex,Dermatophilaceae,Actinomycetales,Actinomycetes,Actinomycetota,gyrA,1,0,0
Ghiorsea,Mariprofundaceae,Mariprofundales,Zetaproteobacteria,Pseudomonadota,gyrA,1,0,0
Gibbsiella,Enterobacteriaceae,Enterobacterales,Gammaproteobacteria,Pseudomonadota,gyrA,2,0,0
Giesbergeria,NA,NA,NA,NA,gyrA,3,0,0
Gillettellia,Enterobacteriaceae,Enterobacterales,Gammaproteobacteria,Pseudomonadota,gyrA,1,0,0
Gilliamella,Orbaceae,Enterobacterales,Gammaproteobacteria,Pseudomonadota,gyrA,6,0,0
Gillisella,NA,NA,NA,NA,gyrA,4,4,1
Gillisia,Flavobacteriaceae,Flavobacteriales,Bacteroidia,Bacteroidota,gyrA,6,0,0
Gilvibacter,Flavobacteriaceae,Flavobacteriales,Bacteroidia,Bacteroidota,gyrA,1,0,0
Gilvimarinus,Cellvibrionaceae,Pseudomonadales,Gammaproteobacteria,Pseudomonadota,gyrA,7,0,0
Gilvirhabdus,Flavobacteriaceae,Flavobacteriales,Bacteroidia,Bacteroidota,gyrA,1,0,0
Gimesia,Planctomycetaceae,Planctomycetales,Planctomycetia,Planctomycetota,gyrA,8,0,0
Gimibacter,Kordiimonadaceae,Sphingomonadales,Alphaproteobacteria,Pseudomonadota,gyrA,1,0,0
Ginsengibacter,Chitinophagaceae,Chitinophagales,Bacteroidia,Bacteroidota,gyrA,1,1,1
Glaciecola,Alteromonadaceae,Enterobacterales,Gammaproteobacteria,Pseudomonadota,gyrA,3,0,0
Glacieibacterium,Sphingomonadaceae,Sphingomonadales,Alphaproteobacteria,Pseudomonadota,gyrA,3,0,0
Glaciibacter,NA,NA,NA,NA,gyrA,3,0,0
Glaciihabitans,Microbacteriaceae,Actinomycetales,Actinomycetes,Actinomycetota,gyrA,2,0,0
Glaciimonas,Burkholderiaceae_D,Burkholderiales,Gammaproteobacteria,Pseudomonadota,gyrA,2,0,0
Glaesserella,Pasteurellaceae,Enterobacterales,Gammaproteobacteria,Pseudomonadota,gyrA,2,1,0.5
Gleimia,Actinomycetaceae,Actinomycetales,Actinomycetes,Actinomycetota,gyrA,3,2,0.6666666666666666
Globicatella,Aerococcaceae,Lactobacillales,Bacilli,Bacillota,gyrA,2,1,0.5
Gloeobacter,Gloeobacteraceae,Gloeobacterales,Cyanobacteriia,Cyanobacteriota,gyrA,3,0,0
Gloeocapsopsis,Chroococcidiopsidaceae,Cyanobacteriales,Cyanobacteriia,Cyanobacteriota,gyrA,2,0,0
Gloeomargarita,Gloeomargaritaceae,Gloeomargaritales,Cyanobacteriia,Cyanobacteriota,gyrA,1,1,1
Gloeothece,Microcystaceae,Cyanobacteriales,Cyanobacteriia,Cyanobacteriota,gyrA,2,0,0
Glomeribacter,Burkholderiaceae,Burkholderiales,Gammaproteobacteria,Pseudomonadota,gyrA,1,0,0
Gluconacetobacter,Acetobacteraceae,Acetobacterales,Alphaproteobacteria,Pseudomonadota,gyrA,13,0,0
Gluconobacter,Acetobacteraceae,Acetobacterales,Alphaproteobacteria,Pseudomonadota,gyrA,17,0,0
Glutamicibacter,Micrococcaceae,Actinomycetales,Actinomycetes,Actinomycetota,gyrA,13,0,0
Glycocaulis,Maricaulaceae,Caulobacterales,Alphaproteobacteria,Pseudomonadota,gyrA,3,0,0
Glycomyces,Micromonosporaceae,Mycobacteriales,Actinomycetes,Actinomycetota,gyrA,24,0,0
Goodfellowiella,Pseudonocardiaceae,Mycobacteriales,Actinomycetes,Actinomycetota,gyrA,1,1,1
Gordonia,Mycobacteriaceae,Mycobacteriales,Actinomycetes,Actinomycetota,gyrA,58,0,0
Gordonibacter,Eggerthellaceae,Coriobacteriales,Coriobacteriia,Actinomycetota,gyrA,3,1,0.3333333333333333
Gordoniibacillus,NBRC-103111,Paenibacillales,Bacilli,Bacillota,gyrA,1,0,0
Gorillibacterium,NBRC-103111,Paenibacillales,Bacilli,Bacillota,gyrA,3,0,0
Gottfriedia,Bacillaceae_G,Bacillales,Bacilli,Bacillota,gyrA,4,0,0
Gottschalkia,Gottschalkiaceae,Tissierellales,Clostridia,Bacillota,gyrA,2,1,0.5
Govanella,Govanellaceae,Sphingomonadales,Alphaproteobacteria,Pseudomonadota,gyrA,1,0,0
Gracilibacillus,Amphibacillaceae,Bacillales,Bacilli,Bacillota,gyrA,22,0,0
Gracilimonas,Balneolaceae,Balneolales,Rhodothermia,Bacteroidota,gyrA,6,0,0
Gracilinema,Breznakiellaceae,Treponematales,Spirochaetia,Spirochaetota,gyrA,1,0,0
Gramella,NA,NA,NA,NA,gyrA,1,0,0
Granulibacter,Acetobacteraceae,Acetobacterales,Alphaproteobacteria,Pseudomonadota,gyrA,1,1,1
Granulicatella,Aerococcaceae,Lactobacillales,Bacilli,Bacillota,gyrA,4,0,0
Granulicella,Acidobacteriaceae,Terriglobales,Terriglobia,Acidobacteriota,gyrA,9,0,0
Granulicoccus,Propionibacteriaceae,Propionibacteriales,Actinomycetes,Actinomycetota,gyrA,1,0,0
Granulimonas,Atopobiaceae,Coriobacteriales,Coriobacteriia,Actinomycetota,gyrA,1,1,1
Granulosicoccus,Granulosicoccaceae,Granulosicoccales,Gammaproteobacteria,Pseudomonadota,gyrA,1,0,0
Grimontia,NA,NA,NA,NA,gyrA,6,0,0
Gromoviella,G021065005,CAJXXZ01,Alphaproteobacteria,Pseudomonadota,gyrA,1,0,0
Gryllotalpicola,Microbacteriaceae,Actinomycetales,Actinomycetes,Actinomycetota,gyrA,6,0,0
Grylomicrobium,NA,NA,NA,NA,gyrA,1,1,1
Gudongella,Tissierellaceae,Tissierellales,Clostridia,Bacillota,gyrA,2,2,1
Guggenheimella,NA,NA,NA,NA,gyrA,1,1,1
Gulbenkiania,Chromobacteriaceae,Burkholderiales,Gammaproteobacteria,Pseudomonadota,gyrA,1,0,0
Gullanella,Enterobacteriaceae,Enterobacterales,Gammaproteobacteria,Pseudomonadota,gyrA,1,0,0
Gulosibacter,Microbacteriaceae,Actinomycetales,Actinomycetes,Actinomycetota,gyrA,8,1,0.125
Guopingia,Christensenellaceae,Christensenellales,Clostridia,Bacillota,gyrA,1,0,0
Guptibacillus,Guptibacillaceae,Bacillales,Bacilli,Bacillota,gyrA,4,0,0
Guyparkeria,Halothiobacillaceae,Halothiobacillales,Gammaproteobacteria,Pseudomonadota,gyrA,3,0,0
Gymnodinialimonas,Rhodobacteraceae,Rhodobacterales,Alphaproteobacteria,Pseudomonadota,gyrA,5,0,0
Gynuella,Natronospirillaceae,Pseudomonadales,Gammaproteobacteria,Pseudomonadota,gyrA,1,1,1
Gynurincola,Chitinophagaceae,Chitinophagales,Bacteroidia,Bacteroidota,gyrA,1,0,0
Haematobacter,Rhodobacteraceae,Rhodobacterales,Alphaproteobacteria,Pseudomonadota,gyrA,2,0,0
Haematomicrobium,Micrococcaceae,Actinomycetales,Actinomycetes,Actinomycetota,gyrA,1,0,0
Haematospirillum,Rhodospirillaceae,Rhodospirillales,Alphaproteobacteria,Pseudomonadota,gyrA,1,0,0
Haemophilus,Pasteurellaceae,Enterobacterales,Gammaproteobacteria,Pseudomonadota,gyrA,11,1,0.09090909090909091
Hafnia,Enterobacteriaceae,Enterobacterales,Gammaproteobacteria,Pseudomonadota,gyrA,3,0,0
Hahella,Oleiphilaceae,Pseudomonadales,Gammaproteobacteria,Pseudomonadota,gyrA,3,0,0
Halalkalibacillus,Alkalibacillaceae,Bacillales,Bacilli,Bacillota,gyrA,2,0,0
Halalkalibacter,Bacillaceae_D,Bacillales,Bacilli,Bacillota,gyrA,14,0,0
Halalkalibacterium,Bacillaceae_D,Bacillales,Bacilli,Bacillota,gyrA,2,0,0
Halalkalibaculum,Balneolaceae,Balneolales,Rhodothermia,Bacteroidota,gyrA,1,0,0
Halanaerobacter,Halobacteroidaceae,Halobacteroidales,Halanaerobiia,Bacillota,gyrA,1,0,0
Halanaerobaculum,NA,NA,NA,NA,gyrA,1,1,1
Halanaerobium,Halanaerobiaceae,Halanaerobiales,Halanaerobiia,Bacillota,gyrA,8,0,0
Halanaerocella,NA,NA,NA,NA,gyrA,1,0,0
Halarcobacter,Arcobacteraceae,Campylobacterales,Campylobacteria,Campylobacterota,gyrA,4,0,0
Halarsenatibacter,Halarsenatibacteraceae,Halanaerobiales,Halanaerobiia,Bacillota,gyrA,1,0,0
Haliangium,Haliangiaceae,Haliangiales,Polyangia,Myxococcota_A,gyrA,1,0,0
Haliea,Halieaceae,Pseudomonadales,Gammaproteobacteria,Pseudomonadota,gyrA,3,0,0
Halioglobus,Halieaceae,Pseudomonadales,Gammaproteobacteria,Pseudomonadota,gyrA,2,0,0
Haliotispira,SP-2023,SP-2023,Spirochaetia,Spirochaetota,gyrA,1,0,0
Haliovirga,Haliovirgaceae,Fusobacteriales,Fusobacteriia,Fusobacteriota,gyrA,1,0,0
Halioxenophilus,Cellvibrionaceae,Pseudomonadales,Gammaproteobacteria,Pseudomonadota,gyrA,1,0,0
Haliscomenobacter,Saprospiraceae,Chitinophagales,Bacteroidia,Bacteroidota,gyrA,1,0,0
Hallella,NA,NA,NA,NA,gyrA,7,6,0.8571428571428571
Hallerella,Fibrobacteraceae,Fibrobacterales,Fibrobacteria,Fibrobacterota,gyrA,2,1,0.5
Haloactinospora,Streptosporangiaceae,Streptosporangiales,Actinomycetes,Actinomycetota,gyrA,1,0,0
Halobacillus,Halobacillaceae,Bacillales,Bacilli,Bacillota,gyrA,24,0,0
Halobacteriovorax,Bacteriovoracaceae,Bacteriovoracales,Bacteriovoracia,Bdellovibrionota,gyrA,2,2,1
Halobacteroides,Halobacteroidaceae,Halobacteroidales,Halanaerobiia,Bacillota,gyrA,1,1,1
Halochromatium,NA,NA,NA,NA,gyrA,3,0,0
Halocola,NA,NA,NA,NA,gyrA,1,0,0
Halocynthiibacter,Rhodobacteraceae,Rhodobacterales,Alphaproteobacteria,Pseudomonadota,gyrA,4,0,0
Halodesulfovibrio,Desulfovibrionaceae,Desulfovibrionales,Desulfovibrionia,Desulfobacterota,gyrA,4,0,0
Halodurantibacterium,Rhodobacteraceae,Rhodobacterales,Alphaproteobacteria,Pseudomonadota,gyrA,1,0,0
Haloechinothrix,Pseudonocardiaceae,Mycobacteriales,Actinomycetes,Actinomycetota,gyrA,3,0,0
Haloferula,Akkermansiaceae,Verrucomicrobiales,Verrucomicrobiia,Verrucomicrobiota,gyrA,5,1,0.2
Halofilum,Halofilaceae,XJ16,Gammaproteobacteria,Pseudomonadota,gyrA,1,0,0
Haloflavibacter,NA,NA,NA,NA,gyrA,1,0,0
Haloglycomyces,Micromonosporaceae,Mycobacteriales,Actinomycetes,Actinomycetota,gyrA,1,0,0
Haloimpatiens,Clostridiaceae,Clostridiales,Clostridia,Bacillota,gyrA,4,0,0
Halolactibacillus,Amphibacillaceae,Bacillales,Bacilli,Bacillota,gyrA,3,0,0
Halomarinibacterium,Flavobacteriaceae,Flavobacteriales,Bacteroidia,Bacteroidota,gyrA,1,0,0
Halomicronema,Phormidesmidaceae,Phormidesmidales,Cyanobacteriia,Cyanobacteriota,gyrA,1,0,0
Halomonas,Halomonadaceae,Pseudomonadales,Gammaproteobacteria,Pseudomonadota,gyrA,69,0,0
Halonatronomonas,Halarsenatibacteraceae,Halanaerobiales,Halanaerobiia,Bacillota,gyrA,1,0,0
Halonatronum,Halobacteroidaceae,Halobacteroidales,Halanaerobiia,Bacillota,gyrA,1,1,1
Haloplasma,Haloplasmataceae,Haloplasmatales,Bacilli_A,Bacillota_I,gyrA,1,0,0
Halopolyspora,NA,NA,NA,NA,gyrA,1,0,0
Halopseudomonas,Pseudomonadaceae,Pseudomonadales,Gammaproteobacteria,Pseudomonadota,gyrA,17,0,0
Halorhodospira,Halorhodospiraceae,Nitrococcales,Gammaproteobacteria,Pseudomonadota,gyrA,4,4,1
Halosaccharopolyspora,Pseudonocardiaceae,Mycobacteriales,Actinomycetes,Actinomycetota,gyrA,1,0,0
Halospina,Oleiphilaceae,Pseudomonadales,Gammaproteobacteria,Pseudomonadota,gyrA,1,1,1
Halosquirtibacter,Prolixibacteraceae,Bacteroidales,Bacteroidia,Bacteroidota,gyrA,2,1,0.5
Halostreptopolyspora,NA,NA,NA,NA,gyrA,1,0,0
Halotalea,Halomonadaceae,Pseudomonadales,Gammaproteobacteria,Pseudomonadota,gyrA,1,0,0
Halothermothrix,Halothermotrichaceae,Halanaerobiales,Halanaerobiia,Bacillota,gyrA,1,1,1
Halothiobacillus,Halothiobacillaceae,Halothiobacillales,Gammaproteobacteria,Pseudomonadota,gyrA,2,0,0
Halotia,Nostocaceae,Cyanobacteriales,Cyanobacteriia,Cyanobacteriota,gyrA,1,0,0
Halotolerantifilum,NA,NA,NA,NA,gyrA,1,1,1
Halovibrio,NA,NA,NA,NA,gyrA,2,1,0.5
Halovulum,Rhodobacteraceae,Rhodobacterales,Alphaproteobacteria,Pseudomonadota,gyrA,2,0,0
Halpernia,Weeksellaceae,Flavobacteriales,Bacteroidia,Bacteroidota,gyrA,2,0,0
Hamadaea,Micromonosporaceae,Mycobacteriales,Actinomycetes,Actinomycetota,gyrA,2,0,0
Hanamia,NA,NA,NA,NA,gyrA,1,1,1
Hankyongella,Sphingomonadaceae,Sphingomonadales,Alphaproteobacteria,Pseudomonadota,gyrA,1,1,1
Hansschlegelia,NA,NA,NA,NA,gyrA,4,0,0
Hanstruepera,Flavobacteriaceae,Flavobacteriales,Bacteroidia,Bacteroidota,gyrA,4,0,0
Haoranjiania,Chitinophagaceae,Chitinophagales,Bacteroidia,Bacteroidota,gyrA,1,0,0
Haploplasma,Acholeplasmataceae,Acholeplasmatales,Bacilli_A,Bacillota_I,gyrA,2,0,0
Harenicola,Rhodobacteraceae,Rhodobacterales,Alphaproteobacteria,Pseudomonadota,gyrA,1,0,0
Harryflintia,Ruminococcaceae,Oscillospirales,Clostridia,Bacillota,gyrA,1,1,1
Hartigia,Enterobacteriaceae,Enterobacterales,Gammaproteobacteria,Pseudomonadota,gyrA,1,0,0
Hartmannibacter,Pleomorphomonadaceae,Rhizobiales,Alphaproteobacteria,Pseudomonadota,gyrA,1,1,1
Hasllibacter,Rhodobacteraceae,Rhodobacterales,Alphaproteobacteria,Pseudomonadota,gyrA,1,0,0
Hassallia,Nostocaceae,Cyanobacteriales,Cyanobacteriia,Cyanobacteriota,gyrA,1,0,0
Hathewaya,Clostridiaceae,Clostridiales,Clostridia,Bacillota,gyrA,4,1,0.25
Hazenella,Thermoactinomycetaceae,Thermoactinomycetales,Bacilli,Bacillota,gyrA,1,1,1
Helcobacillus,Dermabacteraceae,Actinomycetales,Actinomycetes,Actinomycetota,gyrA,1,0,0
Helcococcus,Peptoniphilaceae,Tissierellales,Clostridia,Bacillota,gyrA,5,0,0
Helicobacter,Helicobacteraceae,Campylobacterales,Campylobacteria,Campylobacterota,gyrA,60,7,0.11666666666666667
Helicovermis,Acidaminobacteraceae,Peptostreptococcales,Clostridia,Bacillota,gyrA,1,1,1
Heliobacterium,Heliobacteriaceae,Heliobacteriales,Desulfitobacteriia,Bacillota,gyrA,2,0,0
Heliomarina,Rhodobacteraceae,Rhodobacterales,Alphaproteobacteria,Pseudomonadota,gyrA,1,0,0
Heliomicrobium,Heliobacteriaceae,Heliobacteriales,Desulfitobacteriia,Bacillota,gyrA,4,1,0.25
Heliophilum,Heliobacteriaceae,Heliobacteriales,Desulfitobacteriia,Bacillota,gyrA,1,0,0
Heliorestis,Heliobacteriaceae,Heliobacteriales,Desulfitobacteriia,Bacillota,gyrA,2,2,1
Hellea,Maricaulaceae,Caulobacterales,Alphaproteobacteria,Pseudomonadota,gyrA,1,0,0
Heminiphilus,NA,NA,NA,NA,gyrA,1,1,1
Henriciella,Hyphomonadaceae,Caulobacterales,Alphaproteobacteria,Pseudomonadota,gyrA,7,0,0
Hepatincolaceae,NA,NA,NA,NA,gyrA,1,1,1
Hepatoplasma,Hepatoplasmataceae,Mycoplasmatales,Bacilli_A,Bacillota_I,gyrA,1,0,0
Hephaestia,NA,NA,NA,NA,gyrA,2,0,0
Herbaspirillum,Burkholderiaceae_D,Burkholderiales,Gammaproteobacteria,Pseudomonadota,gyrA,12,12,1
Herbiconiux,Microbacteriaceae,Actinomycetales,Actinomycetes,Actinomycetota,gyrA,13,3,0.23076923076923078
Herbidospora,Streptosporangiaceae,Streptosporangiales,Actinomycetes,Actinomycetota,gyrA,7,0,0
Herbihabitans,Pseudonocardiaceae,Mycobacteriales,Actinomycetes,Actinomycetota,gyrA,1,0,0
Herbinix,NA,NA,NA,NA,gyrA,2,0,0
Herbivorax,Acetivibrionaceae,Acetivibrionales,Clostridia,Bacillota,gyrA,1,1,1
Herminiimonas,NA,NA,NA,NA,gyrA,5,4,0.8
Herpetosiphon,Herpetosiphonaceae,Chloroflexales,Chloroflexia,Chloroflexota,gyrA,1,0,0
Hespellia,Lachnospiraceae,Lachnospirales,Clostridia,Bacillota,gyrA,1,1,1
Heterorhizobium,NA,NA,NA,NA,gyrA,1,1,1
Heyndrickxia,Bacillaceae_C,Bacillales,Bacilli,Bacillota,gyrA,10,0,0
Hippea,Hippeaceae,Desulfurellales,Desulfurellia,Campylobacterota_A,gyrA,3,0,0
Hirschia,Hyphomonadaceae,Caulobacterales,Alphaproteobacteria,Pseudomonadota,gyrA,3,0,0
Histidinibacterium,NA,NA,NA,NA,gyrA,2,0,0
Histophilus,Pasteurellaceae,Enterobacterales,Gammaproteobacteria,Pseudomonadota,gyrA,1,0,0
Hoaglandella,Enterobacteriaceae,Enterobacterales,Gammaproteobacteria,Pseudomonadota,gyrA,1,0,0
Hoeflea,Rhizobiaceae,Rhizobiales,Alphaproteobacteria,Pseudomonadota,gyrA,3,0,0
Hohaiivirga,Beijerinckiaceae,Rhizobiales,Alphaproteobacteria,Pseudomonadota,gyrA,1,0,0
Holdemanella,Erysipelotrichaceae,Erysipelotrichales,Bacilli_A,Bacillota_I,gyrA,3,0,0
Holdemania,Erysipelotrichaceae,Erysipelotrichales,Bacilli_A,Bacillota_I,gyrA,2,0,0
Holophaga,Holophagaceae,Holophagales,Holophagae,Acidobacteriota,gyrA,1,0,0
Holospora,Holosporaceae,Holosporales,Alphaproteobacteria,Pseudomonadota,gyrA,4,4,1
Holtiella,Cellulosilyticaceae,Lachnospirales,Clostridia,Bacillota,gyrA,1,0,0
Holzapfeliella,Lactobacillaceae,Lactobacillales,Bacilli,Bacillota,gyrA,2,0,0
Hominenteromicrobium,Acutalibacteraceae,Oscillospirales,Clostridia,Bacillota,gyrA,1,1,1
Hominibacterium,Anaerovoracaceae,Peptostreptococcales,Clostridia,Bacillota,gyrA,1,0,0
Hominifimenecus,Lachnospiraceae,Lachnospirales,Clostridia,Bacillota,gyrA,1,0,0
Hominilimicola,UBA1381,UBA1381,Clostridia,Bacillota,gyrA,1,1,1
Hominimerdicola,Ruminococcaceae,Oscillospirales,Clostridia,Bacillota,gyrA,3,3,1
Hominisplanchenecus,Lachnospiraceae,Lachnospirales,Clostridia,Bacillota,gyrA,2,2,1
Hominiventricola,Lachnospiraceae,Lachnospirales,Clostridia,Bacillota,gyrA,2,2,1
Homoserinibacter,Microbacteriaceae,Actinomycetales,Actinomycetes,Actinomycetota,gyrA,2,0,0
Homoserinimonas,Microbacteriaceae,Actinomycetales,Actinomycetes,Actinomycetota,gyrA,4,0,0
Hongsoonwoonella,Stappiaceae,Rhizobiales,Alphaproteobacteria,Pseudomonadota,gyrA,1,0,0
Hornefia,NA,NA,NA,NA,gyrA,2,0,0
Horticoccus,Opitutaceae,Opitutales,Verrucomicrobiia,Verrucomicrobiota,gyrA,1,0,0
Hoskinsella,Erysipelotrichaceae,Erysipelotrichales,Bacilli_A,Bacillota_I,gyrA,2,0,0
Howardella,NA,NA,NA,NA,gyrA,1,0,0
Hoylesella,NA,NA,NA,NA,gyrA,10,10,1
Hoyosella,Mycobacteriaceae,Mycobacteriales,Actinomycetes,Actinomycetota,gyrA,4,0,0
Huaxiibacter,NA,NA,NA,NA,gyrA,1,1,1
Hubeiibacter,NA,NA,NA,NA,gyrA,1,0,0
Hufsiella,Sphingobacteriaceae,Sphingobacteriales,Bacteroidia,Bacteroidota,gyrA,2,1,0.5
Hugenholtzia,Bernardetiaceae,Cytophagales,Bacteroidia,Bacteroidota,gyrA,1,0,0
Hugonella,Eggerthellaceae,Coriobacteriales,Coriobacteriia,Actinomycetota,gyrA,1,0,0
Huijunlia,NA,NA,NA,NA,gyrA,1,0,0
Huintestinicola,Ruminococcaceae,Oscillospirales,Clostridia,Bacillota,gyrA,1,1,1
Hujiaoplasma,Hujiaoplasmataceae,Izemoplasmatales,Bacilli_A,Bacillota_I,gyrA,1,0,0
Humibacillus,Dermatophilaceae,Actinomycetales,Actinomycetes,Actinomycetota,gyrA,1,0,0
Humibacter,Microbacteriaceae,Actinomycetales,Actinomycetes,Actinomycetota,gyrA,6,0,0
Humidesulfovibrio,Desulfovibrionaceae,Desulfovibrionales,Desulfovibrionia,Desulfobacterota,gyrA,2,0,0
Humidisolicoccus,Microbacteriaceae,Actinomycetales,Actinomycetes,Actinomycetota,gyrA,1,1,1
Humiphilus,NA,NA,NA,NA,gyrA,1,0,0
Humisphaera,Tepidisphaeraceae,Tepidisphaerales,Phycisphaerae,Planctomycetota,gyrA,1,1,1
Humitalea,Acetobacteraceae,Acetobacterales,Alphaproteobacteria,Pseudomonadota,gyrA,1,1,1
Hungatella,Lachnospiraceae,Lachnospirales,Clostridia,Bacillota,gyrA,3,3,1
Hutsoniella,Aerococcaceae,Lactobacillales,Bacilli,Bacillota,gyrA,1,0,0
Hwangdonia,Flavobacteriaceae,Flavobacteriales,Bacteroidia,Bacteroidota,gyrA,2,0,0
Hwanghaeella,Aestuariispiraceae,UBA8366,Alphaproteobacteria,Pseudomonadota,gyrA,1,0,0
Hyalangium,Myxococcaceae,Myxococcales,Myxococcia,Myxococcota,gyrA,4,1,0.25
Hydrobacter,NA,NA,NA,NA,gyrA,1,1,1
Hydrocarboniclastica,Oleiphilaceae,Pseudomonadales,Gammaproteobacteria,Pseudomonadota,gyrA,1,0,0
Hydrocarboniphaga,Nevskiaceae,Nevskiales,Gammaproteobacteria,Pseudomonadota,gyrA,2,0,0
Hydrococcus,Microcystaceae,Cyanobacteriales,Cyanobacteriia,Cyanobacteriota,gyrA,1,0,0
Hydrocurvibacter,Sulfurimonadaceae,Campylobacterales,Campylobacteria,Campylobacterota,gyrA,2,0,0
Hydrogenibacillus,DSM-22653,Thermicanales,Bacilli,Bacillota,gyrA,1,1,1
Hydrogeniiclostridium,Acutalibacteraceae,Oscillospirales,Clostridia,Bacillota,gyrA,1,1,1
Hydrogenimonas,Hydrogenimonadaceae,Campylobacterales,Campylobacteria,Campylobacterota,gyrA,4,0,0
Hydrogenispora,UBA8346,UBA8346,UBA4882,Bacillota,gyrA,1,1,1
Hydrogenoanaerobacterium,Ruminococcaceae,Oscillospirales,Clostridia,Bacillota,gyrA,1,1,1
Hydrogenophaga,Burkholderiaceae_C,Burkholderiales,Gammaproteobacteria,Pseudomonadota,gyrA,18,0,0
Hydrogenophilus,Rhodocyclaceae,Burkholderiales,Gammaproteobacteria,Pseudomonadota,gyrA,4,0,0
Hydrogenosomobacter,GW7,Holosporales,Alphaproteobacteria,Pseudomonadota,gyrA,1,1,1
Hydrogenovibrio,Thiomicrospiraceae,Thiomicrospirales,Gammaproteobacteria,Pseudomonadota,gyrA,5,0,0
Hydromonas,Burkholderiaceae,Burkholderiales,Gammaproteobacteria,Pseudomonadota,gyrA,1,0,0
Hydrophilobacter,NA,NA,NA,NA,gyrA,1,0,0
Hydrosulfovibrio,NA,NA,NA,NA,gyrA,1,0,0
Hydrotalea,Chitinophagaceae,Chitinophagales,Bacteroidia,Bacteroidota,gyrA,3,3,1
Hyella,Xenococcaceae,Cyanobacteriales,Cyanobacteriia,Cyanobacteriota,gyrA,1,0,0
Hylemonella,Burkholderiaceae_C,Burkholderiales,Gammaproteobacteria,Pseudomonadota,gyrA,1,0,0
Hymenobacter,Hymenobacteraceae,Cytophagales,Bacteroidia,Bacteroidota,gyrA,116,0,0
Hypericibacter,Dongiaceae,Dongiales,Alphaproteobacteria,Pseudomonadota,gyrA,2,2,1
Hyphobacterium,Maricaulaceae,Caulobacterales,Alphaproteobacteria,Pseudomonadota,gyrA,4,0,0
Hyphococcus,Parvularculaceae,Caulobacterales,Alphaproteobacteria,Pseudomonadota,gyrA,5,0,0
Hyphomicrobium,NA,NA,NA,NA,gyrA,7,7,1
Hyphomonas,Hyphomonadaceae,Caulobacterales,Alphaproteobacteria,Pseudomonadota,gyrA,10,0,0
Hypnocyclicus,Fusobacteriaceae,Fusobacteriales,Fusobacteriia,Fusobacteriota,gyrA,1,1,1
Hyunsoonleella,NA,NA,NA,NA,gyrA,7,0,0
Iamia,Iamiaceae,Acidimicrobiales,Acidimicrobiia,Actinomycetota,gyrA,1,0,0
Ichthyenterobacterium,Flavobacteriaceae,Flavobacteriales,Bacteroidia,Bacteroidota,gyrA,1,0,0
Ichthyobacterium,Ichthyobacteriaceae,Flavobacteriales,Bacteroidia,Bacteroidota,gyrA,1,0,0
Ichthyocystis,2013Ark19i,Burkholderiales,Gammaproteobacteria,Pseudomonadota,gyrA,2,0,0
Ideonella,Burkholderiaceae_C,Burkholderiales,Gammaproteobacteria,Pseudomonadota,gyrA,11,0,0
Idiomarina,Alteromonadaceae,Enterobacterales,Gammaproteobacteria,Pseudomonadota,gyrA,14,0,0
Ignatzschineria,Wohlfahrtiimonadaceae,Cardiobacteriales,Gammaproteobacteria,Pseudomonadota,gyrA,5,1,0.2
Ignavibacterium,Ignavibacteriaceae,Ignavibacteriales,Ignavibacteria,Bacteroidota,gyrA,1,0,0
Ignavigranum,Aerococcaceae,Lactobacillales,Bacilli,Bacillota,gyrA,1,0,0
Igneacidithiobacillus,Acidithiobacillaceae,Acidithiobacillales,Gammaproteobacteria,Pseudomonadota,gyrA,1,0,0
Ihuprevotella,NA,NA,NA,NA,gyrA,1,1,1
Ileibacterium,Erysipelotrichaceae,Erysipelotrichales,Bacilli_A,Bacillota_I,gyrA,1,0,0
Ilumatobacter,Ilumatobacteraceae,Acidimicrobiales,Acidimicrobiia,Actinomycetota,gyrA,3,2,0.6666666666666666
Ilyobacter,Fusobacteriaceae,Fusobacteriales,Fusobacteriia,Fusobacteriota,gyrA,1,1,1
Ilyomonas,Chitinophagaceae,Chitinophagales,Bacteroidia,Bacteroidota,gyrA,1,1,1
Imbroritus,Burkholderiaceae,Burkholderiales,Gammaproteobacteria,Pseudomonadota,gyrA,1,0,0
Imhoffiella,Chromatiaceae,Chromatiales,Gammaproteobacteria,Pseudomonadota,gyrA,1,1,1
Immundisolibacter,Immundisolibacteraceae,Immundisolibacterales,Gammaproteobacteria,Pseudomonadota,gyrA,1,0,0
Imperialibacter,Cyclobacteriaceae,Cytophagales,Bacteroidia,Bacteroidota,gyrA,1,0,0
Imtechella,Flavobacteriaceae,Flavobacteriales,Bacteroidia,Bacteroidota,gyrA,1,0,0
Inconstantimicrobium,Clostridiaceae,Clostridiales,Clostridia,Bacillota,gyrA,2,0,0
Indibacter,Cyclobacteriaceae,Cytophagales,Bacteroidia,Bacteroidota,gyrA,1,0,0
Indiicoccus,Planococcaceae,Bacillales_A,Bacilli,Bacillota,gyrA,1,0,0
Indioceanicola,Azospirillaceae,Azospirillales,Alphaproteobacteria,Pseudomonadota,gyrA,1,0,0
Indolivaga,NA,NA,NA,NA,gyrA,3,0,0
Inediibacterium,NA,NA,NA,NA,gyrA,1,0,0
Inhella,Burkholderiaceae_C,Burkholderiales,Gammaproteobacteria,Pseudomonadota,gyrA,4,0,0
Iningainema,Nostocaceae,Cyanobacteriales,Cyanobacteriia,Cyanobacteriota,gyrA,1,0,0
Inmirania,DSM-100275,DSM-100275,Gammaproteobacteria,Pseudomonadota,gyrA,1,1,1
Inquilinus,Inquilinaceae,DSM-16000,Alphaproteobacteria,Pseudomonadota,gyrA,2,0,0
Insignibacter,NA,NA,NA,NA,gyrA,1,0,0
Insolitispirillum,Rhodospirillaceae,Rhodospirillales,Alphaproteobacteria,Pseudomonadota,gyrA,1,0,0
Insulibacter,DA-C8,Paenibacillales,Bacilli,Bacillota,gyrA,1,1,1
Intestinibacillus,Butyricicoccaceae,Oscillospirales,Clostridia,Bacillota,gyrA,1,1,1
Intestinibacter,Peptostreptococcaceae,Peptostreptococcales,Clostridia,Bacillota,gyrA,1,0,0
Intestinibaculum,Coprobacillaceae,Erysipelotrichales,Bacilli_A,Bacillota_I,gyrA,1,0,0
Intestinicryptomonas,Intestinicryptomonadaceae,Opitutales,Verrucomicrobiia,Verrucomicrobiota,gyrA,1,0,0
Intestinimonas,Oscillospiraceae,Oscillospirales,Clostridia,Bacillota,gyrA,2,0,0
Intestinirhabdus,Enterobacteriaceae,Enterobacterales,Gammaproteobacteria,Pseudomonadota,gyrA,1,0,0
Intrasporangium,Dermatophilaceae,Actinomycetales,Actinomycetes,Actinomycetota,gyrA,6,0,0
Iocasia,DTU029,Halanaerobiales,Halanaerobiia,Bacillota,gyrA,1,1,1
Iodidimonas,Rhodothalassiaceae,Sphingomonadales,Alphaproteobacteria,Pseudomonadota,gyrA,2,0,0
Iodobacter,Chitinibacteraceae,Burkholderiales,Gammaproteobacteria,Pseudomonadota,gyrA,4,0,0
Irregularibacter,Garciellaceae,Eubacteriales,Clostridia,Bacillota,gyrA,1,0,0
Isachenkonia,T1SED10-28,Peptostreptococcales,Clostridia,Bacillota,gyrA,1,0,0
Ishikawella,Enterobacteriaceae,Enterobacterales,Gammaproteobacteria,Pseudomonadota,gyrA,1,0,0
Isoalcanivorax,Alcanivoracaceae,Pseudomonadales,Gammaproteobacteria,Pseudomonadota,gyrA,3,0,0
Isobaculum,Carnobacteriaceae,Lactobacillales,Bacilli,Bacillota,gyrA,1,0,0
Isoptericola,Cellulomonadaceae,Actinomycetales,Actinomycetes,Actinomycetota,gyrA,15,0,0
Isorropodon,NA,NA,NA,NA,gyrA,1,0,0
Isosphaera,Isosphaeraceae,Isosphaerales,Planctomycetia,Planctomycetota,gyrA,1,0,0
Izhakiella,Enterobacteriaceae,Enterobacterales,Gammaproteobacteria,Pseudomonadota,gyrA,2,0,0
Jahnella,NA,NA,NA,NA,gyrA,1,1,1
Janibacter,Dermatophilaceae,Actinomycetales,Actinomycetes,Actinomycetota,gyrA,14,0,0
Jannaschia,Rhodobacteraceae,Rhodobacterales,Alphaproteobacteria,Pseudomonadota,gyrA,14,0,0
Janthinobacterium,Burkholderiaceae_D,Burkholderiales,Gammaproteobacteria,Pseudomonadota,gyrA,29,29,1
Jatrophihabitans,Jatrophihabitantaceae,Mycobacteriales,Actinomycetes,Actinomycetota,gyrA,4,0,0
Jejudonia,Flavobacteriaceae,Flavobacteriales,Bacteroidia,Bacteroidota,gyrA,1,0,0
Jejuia,Flavobacteriaceae,Flavobacteriales,Bacteroidia,Bacteroidota,gyrA,2,0,0
Jejuibacter,NA,NA,NA,NA,gyrA,1,0,0
Jeongeupia,Chitinibacteraceae,Burkholderiales,Gammaproteobacteria,Pseudomonadota,gyrA,4,0,0
Jeotgalibaca,Aerococcaceae,Lactobacillales,Bacilli,Bacillota,gyrA,5,0,0
Jeotgalibacillus,Jeotgalibacillaceae,Bacillales,Bacilli,Bacillota,gyrA,9,0,0
Jeotgalicoccus,Salinicoccaceae,Staphylococcales,Bacilli,Bacillota,gyrA,7,1,0.14285714285714285
Jezberella,NA,NA,NA,NA,gyrA,1,0,0
Jhaorihella,Rhodobacteraceae,Rhodobacterales,Alphaproteobacteria,Pseudomonadota,gyrA,1,0,0
Jiangella,Jiangellaceae,Jiangellales,Actinomycetes,Actinomycetota,gyrA,11,0,0
Jidaibacter,Midichloriaceae,Rickettsiales,Alphaproteobacteria,Pseudomonadota,gyrA,1,1,1
Jiella,Rhizobiaceae,Rhizobiales,Alphaproteobacteria,Pseudomonadota,gyrA,9,2,0.2222222222222222
Jilunia,NA,NA,NA,NA,gyrA,1,0,0
Jingyaoa,NA,NA,NA,NA,gyrA,1,1,1
Jiulongibacter,Spirosomataceae,Cytophagales,Bacteroidia,Bacteroidota,gyrA,1,0,0
Johannesbaptistia,NA,NA,NA,NA,gyrA,1,0,0
Johnsonella,Lachnospiraceae,Lachnospirales,Clostridia,Bacillota,gyrA,1,1,1
Jonesia,Cellulomonadaceae,Actinomycetales,Actinomycetes,Actinomycetota,gyrA,2,0,0
Jongsikchunia,Mycobacteriaceae,Mycobacteriales,Actinomycetes,Actinomycetota,gyrA,1,0,0
Jonquetella,Dethiosulfovibrionaceae,Synergistales,Synergistia,Synergistota,gyrA,1,0,0
Joostella,NA,NA,NA,NA,gyrA,1,0,0
Jutongia,Lachnospiraceae,Lachnospirales,Clostridia,Bacillota,gyrA,2,2,1
Kaarinaea,NA,NA,NA,NA,gyrA,1,0,0
Kaistella,Weeksellaceae,Flavobacteriales,Bacteroidia,Bacteroidota,gyrA,19,1,0.05263157894736842
Kaistia,Kaistiaceae,Rhizobiales,Alphaproteobacteria,Pseudomonadota,gyrA,10,2,0.2
Kallipyga,Peptoniphilaceae,Tissierellales,Clostridia,Bacillota,gyrA,2,0,0
Kallotenue,Kallotenuaceae,Chloroflexales,Chloroflexia,Chloroflexota,gyrA,1,0,0
Kamagatella,NA,NA,NA,NA,gyrA,1,0,0
Kamptonema,Microcoleaceae,Cyanobacteriales,Cyanobacteriia,Cyanobacteriota,gyrA,2,0,0
Kandleria,Coprobacillaceae,Erysipelotrichales,Bacilli_A,Bacillota_I,gyrA,1,0,0
Kangiella,Kangiellaceae,Enterobacterales,Gammaproteobacteria,Pseudomonadota,gyrA,10,0,0
Kangsaoukella,Rhodobacteraceae,Rhodobacterales,Alphaproteobacteria,Pseudomonadota,gyrA,1,0,0
Kaustia,Im1,Rhizobiales,Alphaproteobacteria,Pseudomonadota,gyrA,1,0,0
Keguizhuia,Burkholderiaceae_D,Burkholderiales,Gammaproteobacteria,Pseudomonadota,gyrA,1,0,0
Keratinibaculum,Tepidimicrobiaceae,Tissierellales,Clostridia,Bacillota,gyrA,1,1,1
Kerstersia,Burkholderiaceae_B,Burkholderiales,Gammaproteobacteria,Pseudomonadota,gyrA,2,1,0.5
Ketobacter,Ketobacteraceae,Pseudomonadales,Gammaproteobacteria,Pseudomonadota,gyrA,2,0,0
Ketogulonicigenium,Rhodobacteraceae,Rhodobacterales,Alphaproteobacteria,Pseudomonadota,gyrA,2,0,0
Kibdelosporangium,Pseudonocardiaceae,Mycobacteriales,Actinomycetes,Actinomycetota,gyrA,4,0,0
Kiloniella,Kiloniellaceae,Kiloniellales,Alphaproteobacteria,Pseudomonadota,gyrA,5,0,0
Kineobactrum,Halieaceae,Pseudomonadales,Gammaproteobacteria,Pseudomonadota,gyrA,2,0,0
Kineococcus,Kineococcaceae,Actinomycetales,Actinomycetes,Actinomycetota,gyrA,25,4,0.16
Kineosphaera,Dermatophilaceae,Actinomycetales,Actinomycetes,Actinomycetota,gyrA,1,0,0
Kineosporia,Kineosporiaceae,Actinomycetales,Actinomycetes,Actinomycetota,gyrA,5,0,0
Kineothrix,Lachnospiraceae,Lachnospirales,Clostridia,Bacillota,gyrA,2,2,1
Kinetoplastidibacterium,Burkholderiaceae_B,Burkholderiales,Gammaproteobacteria,Pseudomonadota,gyrA,6,1,0.16666666666666666
Kingella,Neisseriaceae,Burkholderiales,Gammaproteobacteria,Pseudomonadota,gyrA,7,1,0.14285714285714285
Kinneretia,Burkholderiaceae_C,Burkholderiales,Gammaproteobacteria,Pseudomonadota,gyrA,1,0,0
Kiritimatiella,Kiritimatiellaceae,Kiritimatiellales,Kiritimatiellia,Verrucomicrobiota,gyrA,1,0,0
Kirkpatrickella,NA,NA,NA,NA,gyrA,1,0,0
Kistimonas,Endozoicomonadaceae,Pseudomonadales,Gammaproteobacteria,Pseudomonadota,gyrA,2,0,0
Kitasatospora,Streptomycetaceae,Streptomycetales,Actinomycetes,Actinomycetota,gyrA,37,0,0
Klebsiella,Enterobacteriaceae,Enterobacterales,Gammaproteobacteria,Pseudomonadota,gyrA,19,3,0.15789473684210525
Klenkia,Geodermatophilaceae,Mycobacteriales,Actinomycetes,Actinomycetota,gyrA,6,0,0
Klugiella,Microbacteriaceae,Actinomycetales,Actinomycetes,Actinomycetota,gyrA,1,0,0
Kluyvera,Enterobacteriaceae,Enterobacterales,Gammaproteobacteria,Pseudomonadota,gyrA,8,0,0
Knoellia,Dermatophilaceae,Actinomycetales,Actinomycetes,Actinomycetota,gyrA,11,0,0
Kocuria,Micrococcaceae,Actinomycetales,Actinomycetes,Actinomycetota,gyrA,30,0,0
Kofleria,NA,NA,NA,NA,gyrA,1,1,1
Koleobacter,Koleobacteraceae,Koleobacterales,Thermosediminibacteria,Bacillota,gyrA,1,0,0
Kolteria,Kolteriaceae,Kolteriales,Planctomycetia,Planctomycetota,gyrA,1,0,0
Komagataeibacter,Acetobacteraceae,Acetobacterales,Alphaproteobacteria,Pseudomonadota,gyrA,14,0,0
Komarekiella,Nostocaceae,Cyanobacteriales,Cyanobacteriia,Cyanobacteriota,gyrA,1,0,0
Konateibacter,NA,NA,NA,NA,gyrA,1,1,1
Kordia,Flavobacteriaceae,Flavobacteriales,Bacteroidia,Bacteroidota,gyrA,6,0,0
Kordiimonas,Kordiimonadaceae,Sphingomonadales,Alphaproteobacteria,Pseudomonadota,gyrA,9,0,0
Korobacter,Acidobacteriaceae,Terriglobales,Terriglobia,Acidobacteriota,gyrA,1,0,0
Koromonas,NA,NA,NA,NA,gyrA,2,0,0
Kosakonia,Enterobacteriaceae,Enterobacterales,Gammaproteobacteria,Pseudomonadota,gyrA,12,0,0
Kosmotoga,Kosmotogaceae,Petrotogales,Thermotogae,Thermotogota,gyrA,3,0,0
Kothea,NA,NA,NA,NA,gyrA,1,0,0
Kovacikia,Leptolyngbyaceae,Leptolyngbyales,Cyanobacteriia,Cyanobacteriota,gyrA,1,0,0
Kozakia,Acetobacteraceae,Acetobacterales,Alphaproteobacteria,Pseudomonadota,gyrA,1,0,0
Krasilnikoviella,NA,NA,NA,NA,gyrA,1,0,0
Kribbella,Kribbellaceae,Propionibacteriales,Actinomycetes,Actinomycetota,gyrA,39,0,0
Kribbia,Dermatophilaceae,Actinomycetales,Actinomycetes,Actinomycetota,gyrA,1,0,0
Kribbibacterium,Atopobiaceae,Coriobacteriales,Coriobacteriia,Actinomycetota,gyrA,1,1,1
Kriegella,Flavobacteriaceae,Flavobacteriales,Bacteroidia,Bacteroidota,gyrA,1,0,0
Kroppenstedtia,DSM-45169,Thermoactinomycetales,Bacilli,Bacillota,gyrA,4,1,0.25
Ktedonobacter,Ktedonobacteraceae,Ktedonobacterales,Ktedonobacteria,Chloroflexota,gyrA,2,2,1
Ktedonospora,NA,NA,NA,NA,gyrA,1,1,1
Ktedonosporobacter,Ktedonobacteraceae,Ktedonobacterales,Ktedonobacteria,Chloroflexota,gyrA,1,1,1
Kuenenia,Brocadiaceae,Brocadiales,Brocadiia,Planctomycetota,gyrA,1,0,0
Kueselia,NA,NA,NA,NA,gyrA,1,0,0
Kumtagia,Rhizobiaceae,Rhizobiales,Alphaproteobacteria,Pseudomonadota,gyrA,1,1,1
Kurthia,Planococcaceae,Bacillales_A,Bacilli,Bacillota,gyrA,8,0,0
Kushneria,Halomonadaceae,Pseudomonadales,Gammaproteobacteria,Pseudomonadota,gyrA,9,0,0
Kutzneria,Pseudonocardiaceae,Mycobacteriales,Actinomycetes,Actinomycetota,gyrA,4,0,0
Kyrpidia,Kyrpidiaceae,Kyrpidiales,Bacilli,Bacillota,gyrA,2,2,1
Kytococcus,Dermatophilaceae,Actinomycetales,Actinomycetes,Actinomycetota,gyrA,3,0,0
Labedella,Microbacteriaceae,Actinomycetales,Actinomycetes,Actinomycetota,gyrA,4,0,0
Labilibacter,NA,NA,NA,NA,gyrA,1,0,0
Labilibaculum,Marinifilaceae,Bacteroidales,Bacteroidia,Bacteroidota,gyrA,4,0,0
Labilithrix,Polyangiaceae,Polyangiales,Polyangia,Myxococcota_A,gyrA,1,1,1
Labrys,Labraceae,Rhizobiales,Alphaproteobacteria,Pseudomonadota,gyrA,7,1,0.14285714285714285
Laceyella,Thermoactinomycetaceae,Thermoactinomycetales,Bacilli,Bacillota,gyrA,4,4,1
Lachnoanaerobaculum,Lachnospiraceae,Lachnospirales,Clostridia,Bacillota,gyrA,5,5,1
Lachnobacterium,NA,NA,NA,NA,gyrA,1,1,1
Lachnoclostridium,Lachnospiraceae,Lachnospirales,Clostridia,Bacillota,gyrA,2,2,1
Lachnospira,Lachnospiraceae,Lachnospirales,Clostridia,Bacillota,gyrA,4,0,0
Lachnotalea,Lachnospiraceae,Lachnospirales,Clostridia,Bacillota,gyrA,1,1,1
Lacibacter,Chitinophagaceae,Chitinophagales,Bacteroidia,Bacteroidota,gyrA,5,0,0
Lacibacterium,Elsteraceae,Elsterales,Alphaproteobacteria,Pseudomonadota,gyrA,1,0,0
Lacicoccus,Salinicoccaceae,Staphylococcales,Bacilli,Bacillota,gyrA,3,0,0
Lacihabitans,NA,NA,NA,NA,gyrA,2,0,0
Lacimicrobium,Alteromonadaceae,Enterobacterales,Gammaproteobacteria,Pseudomonadota,gyrA,1,0,0
Lacimonas,NA,NA,NA,NA,gyrA,1,0,0
Lacinutrix,Flavobacteriaceae,Flavobacteriales,Bacteroidia,Bacteroidota,gyrA,12,0,0
Lacipirellula,Lacipirellulaceae,Pirellulales,Planctomycetia,Planctomycetota,gyrA,2,0,0
Lacisediminihabitans,Microbacteriaceae,Actinomycetales,Actinomycetes,Actinomycetota,gyrA,1,0,0
Lacisediminimonas,Burkholderiaceae_D,Burkholderiales,Gammaproteobacteria,Pseudomonadota,gyrA,1,0,0
Lacrimispora,Lachnospiraceae,Lachnospirales,Clostridia,Bacillota,gyrA,14,14,1
Lacticaseibacillus,Lactobacillaceae,Lactobacillales,Bacilli,Bacillota,gyrA,37,0,0
Lacticigenium,Carnobacteriaceae_A,Lactobacillales,Bacilli,Bacillota,gyrA,1,0,0
Lactimicrobium,NA,NA,NA,NA,gyrA,1,1,1
Lactiplantibacillus,Lactobacillaceae,Lactobacillales,Bacilli,Bacillota,gyrA,22,0,0
Lactivibrio,NA,NA,NA,NA,gyrA,1,0,0
Lactobacillus,Lactobacillaceae,Lactobacillales,Bacilli,Bacillota,gyrA,51,1,0.0196078431372549
Lactococcus,Streptococcaceae,Lactobacillales,Bacilli,Bacillota,gyrA,15,0,0
Lactonifactor,Lachnospiraceae,Lachnospirales,Clostridia,Bacillota,gyrA,1,1,1
Lactovum,Streptococcaceae,Lactobacillales,Bacilli,Bacillota,gyrA,2,0,0
Lacunimicrobium,NA,NA,NA,NA,gyrA,1,0,0
Lacunisphaera,Opitutaceae,Opitutales,Verrucomicrobiia,Verrucomicrobiota,gyrA,1,0,0
Laedolimicola,Lachnospiraceae,Lachnospirales,Clostridia,Bacillota,gyrA,2,2,1
Lagierella,NA,NA,NA,NA,gyrA,1,0,0
Lamprobacter,Chromatiaceae,Chromatiales,Gammaproteobacteria,Pseudomonadota,gyrA,1,0,0
Lamprocystis,NA,NA,NA,NA,gyrA,1,0,0
Lampropedia,Burkholderiaceae_C,Burkholderiales,Gammaproteobacteria,Pseudomonadota,gyrA,4,0,0
Lancefieldella,Atopobiaceae,Coriobacteriales,Coriobacteriia,Actinomycetota,gyrA,2,0,0
Lapidilactobacillus,Lactobacillaceae,Lactobacillales,Bacilli,Bacillota,gyrA,9,0,0
Lapillicoccus,Dermatophilaceae,Actinomycetales,Actinomycetes,Actinomycetota,gyrA,1,0,0
Laribacter,Aquaspirillaceae,Burkholderiales,Gammaproteobacteria,Pseudomonadota,gyrA,1,0,0
Lariskella,Midichloriaceae,Rickettsiales,Alphaproteobacteria,Pseudomonadota,gyrA,2,2,1
Larkinella,Spirosomataceae,Cytophagales,Bacteroidia,Bacteroidota,gyrA,14,8,0.5714285714285714
Larsenimonas,Halomonadaceae,Pseudomonadales,Gammaproteobacteria,Pseudomonadota,gyrA,3,0,0
Lascolabacillus,NA,NA,NA,NA,gyrA,1,0,0
Laspinema,Laspinemataceae,Cyanobacteriales,Cyanobacteriia,Cyanobacteriota,gyrA,2,0,0
Laterigemmans,Pirellulaceae,Pirellulales,Planctomycetia,Planctomycetota,gyrA,1,0,0
Latilactobacillus,Lactobacillaceae,Lactobacillales,Bacilli,Bacillota,gyrA,6,1,0.16666666666666666
Lautropia,Burkholderiaceae_E,Burkholderiales,Gammaproteobacteria,Pseudomonadota,gyrA,2,0,0
Lawsonella,Mycobacteriaceae,Mycobacteriales,Actinomycetes,Actinomycetota,gyrA,1,0,0
Lawsonia,NA,NA,NA,NA,gyrA,1,0,0
Lawsonibacter,Oscillospiraceae,Oscillospirales,Clostridia,Bacillota,gyrA,3,2,0.6666666666666666
Leadbettera,Breznakiellaceae,Treponematales,Spirochaetia,Spirochaetota,gyrA,1,1,1
Leadbetterella,Spirosomataceae,Cytophagales,Bacteroidia,Bacteroidota,gyrA,1,0,0
Lebetimonas,Nautiliaceae,Campylobacterales,Campylobacteria,Campylobacterota,gyrA,1,0,0
Leclercia,NA,NA,NA,NA,gyrA,4,0,0
Lederbergia,Bacillaceae_C,Bacillales,Bacilli,Bacillota,gyrA,9,0,0
Leeia,Leeiaceae,Burkholderiales,Gammaproteobacteria,Pseudomonadota,gyrA,3,0,0
Leekyejoonella,Dermatophilaceae,Actinomycetales,Actinomycetes,Actinomycetota,gyrA,1,0,0
Leeuwenhoekiella,Flavobacteriaceae,Flavobacteriales,Bacteroidia,Bacteroidota,gyrA,9,0,0
Legionella,Legionellaceae,Legionellales,Gammaproteobacteria,Pseudomonadota,gyrA,69,1,0.014492753623188406
Leifsonella,NA,NA,NA,NA,gyrA,1,1,1
Leifsonia,Microbacteriaceae,Actinomycetales,Actinomycetes,Actinomycetota,gyrA,11,1,0.09090909090909091
Leisingera,Rhodobacteraceae,Rhodobacterales,Alphaproteobacteria,Pseudomonadota,gyrA,7,0,0
Lelliottia,NA,NA,NA,NA,gyrA,5,0,0
Leminorella,Enterobacteriaceae,Enterobacterales,Gammaproteobacteria,Pseudomonadota,gyrA,2,0,0
Lentibacillus,Amphibacillaceae,Bacillales,Bacilli,Bacillota,gyrA,16,1,0.0625
Lentibacter,Rhodobacteraceae,Rhodobacterales,Alphaproteobacteria,Pseudomonadota,gyrA,1,0,0
Lentihominibacter,Anaerovoracaceae,Peptostreptococcales,Clostridia,Bacillota,gyrA,2,0,0
Lentilactobacillus,Lactobacillaceae,Lactobacillales,Bacilli,Bacillota,gyrA,21,0,0
Lentimicrobium,Lentimicrobiaceae,Bacteroidales,Bacteroidia,Bacteroidota,gyrA,1,0,0
Lentiprolixibacter,Flavobacteriaceae,Flavobacteriales,Bacteroidia,Bacteroidota,gyrA,1,0,0
Lentisalinibacter,Woeseiaceae,Steroidobacterales,Gammaproteobacteria,Pseudomonadota,gyrA,3,0,0
Lentisphaera,Lentisphaeraceae,Lentisphaerales,Lentisphaeria,Verrucomicrobiota,gyrA,3,0,0
Lentzea,Pseudonocardiaceae,Mycobacteriales,Actinomycetes,Actinomycetota,gyrA,26,0,0
Lepagella,Muribaculaceae,Bacteroidales,Bacteroidia,Bacteroidota,gyrA,1,0,0
Leptobacterium,Flavobacteriaceae,Flavobacteriales,Bacteroidia,Bacteroidota,gyrA,2,0,0
Leptodesmis,Leptolyngbyaceae,Leptolyngbyales,Cyanobacteriia,Cyanobacteriota,gyrA,1,0,0
Leptogranulimonas,Atopobiaceae,Coriobacteriales,Coriobacteriia,Actinomycetota,gyrA,1,0,0
Leptolinea,Anaerolineaceae,Anaerolineales,Anaerolineae,Chloroflexota,gyrA,1,0,0
Leptolyngbya,Leptolyngbyaceae,Leptolyngbyales,Cyanobacteriia,Cyanobacteriota,gyrA,5,0,0
Leptonema,Leptonemataceae,Leptospirales,Leptospiria,Spirochaetota,gyrA,1,0,0
Leptospira,Leptospiraceae,Leptospirales,Leptospiria,Spirochaetota,gyrA,73,32,0.4383561643835616
Leptospirillum,Leptospirillaceae,Leptospirillales,Leptospirillia,Nitrospirota,gyrA,2,1,0.5
Leptothermofonsia,Leptolyngbyaceae,Leptolyngbyales,Cyanobacteriia,Cyanobacteriota,gyrA,1,0,0
Leptothoe,Phormidesmidaceae,Phormidesmidales,Cyanobacteriia,Cyanobacteriota,gyrA,2,0,0
Leptothrix,NA,NA,NA,NA,gyrA,2,0,0
Leptotrichia,Leptotrichiaceae,Fusobacteriales,Fusobacteriia,Fusobacteriota,gyrA,10,10,1
Leucobacter,Microbacteriaceae,Actinomycetales,Actinomycetes,Actinomycetota,gyrA,34,1,0.029411764705882353
Leucogemmata,NA,NA,NA,NA,gyrA,1,0,0
Leuconostoc,Lactobacillaceae,Lactobacillales,Bacilli,Bacillota,gyrA,18,0,0
Leucothrix,Thiotrichaceae,Thiotrichales,Gammaproteobacteria,Pseudomonadota,gyrA,3,0,0
Levilactobacillus,Lactobacillaceae,Lactobacillales,Bacilli,Bacillota,gyrA,32,0,0
Levilinea,Anaerolineaceae,Anaerolineales,Anaerolineae,Chloroflexota,gyrA,1,0,0
Levyella,NA,NA,NA,NA,gyrA,1,0,0
Lewinella,Saprospiraceae,Chitinophagales,Bacteroidia,Bacteroidota,gyrA,1,0,0
Leyella,NA,NA,NA,NA,gyrA,1,1,1
Liberibacter,Rhizobiaceae,Rhizobiales,Alphaproteobacteria,Pseudomonadota,gyrA,6,6,1
Liberiplasma,Izemoplasmataceae,Izemoplasmatales,Bacilli_A,Bacillota_I,gyrA,1,0,0
Lichenibacterium,NA,NA,NA,NA,gyrA,3,0,0
Lichenicoccus,Acetobacteraceae,Acetobacterales,Alphaproteobacteria,Pseudomonadota,gyrA,1,0,0
Lichenicola,Acetobacteraceae,Acetobacterales,Alphaproteobacteria,Pseudomonadota,gyrA,1,0,0
Lichenifustis,NA,NA,NA,NA,gyrA,1,0,0
Lichenihabitans,Beijerinckiaceae,Rhizobiales,Alphaproteobacteria,Pseudomonadota,gyrA,1,0,0
Lientehia,Lachnospiraceae,Lachnospirales,Clostridia,Bacillota,gyrA,1,1,1
Ligaoa,Ruminococcaceae,Oscillospirales,Clostridia,Bacillota,gyrA,1,1,1
Ligilactobacillus,Lactobacillaceae,Lactobacillales,Bacilli,Bacillota,gyrA,20,3,0.15
Lignipirellula,Pirellulaceae,Pirellulales,Planctomycetia,Planctomycetota,gyrA,1,0,0
Lihuaxuella,Thermoactinomycetaceae,Thermoactinomycetales,Bacilli,Bacillota,gyrA,1,1,1
Limibacillus,CECT-8803,Kiloniellales,Alphaproteobacteria,Pseudomonadota,gyrA,1,0,0
Limibacter,Flammeovirgaceae,Cytophagales,Bacteroidia,Bacteroidota,gyrA,1,0,0
Limibacterium,Dysgonomonadaceae,Bacteroidales,Bacteroidia,Bacteroidota,gyrA,1,1,1
Limihaloglobus,Sedimentisphaeraceae,Sedimentisphaerales,Phycisphaerae,Planctomycetota,gyrA,1,0,0
Limimaricola,Rhodobacteraceae,Rhodobacterales,Alphaproteobacteria,Pseudomonadota,gyrA,6,0,0
Limimonas,Rhodovibrionaceae,Kiloniellales,Alphaproteobacteria,Pseudomonadota,gyrA,1,1,1
Limisalsivibrio,Geovibrionaceae,Deferribacterales,Deferribacteres,Chrysiogenota,gyrA,1,0,0
Limisphaera,Limisphaeraceae,Limisphaerales,Verrucomicrobiia,Verrucomicrobiota,gyrA,1,0,0
Limnobacter,Burkholderiaceae_B,Burkholderiales,Gammaproteobacteria,Pseudomonadota,gyrA,7,0,0
Limnobaculum,Enterobacteriaceae,Enterobacterales,Gammaproteobacteria,Pseudomonadota,gyrA,5,0,0
Limnochorda,Limnochordaceae,Limnochordales,Limnochordia,Bacillota,gyrA,1,1,1
Limnofasciculus,Coleofasciculaceae,Cyanobacteriales,Cyanobacteriia,Cyanobacteriota,gyrA,1,0,0
Limnoglobus,Gemmataceae,Gemmatales,Planctomycetia,Planctomycetota,gyrA,1,1,1
Limnohabitans,Burkholderiaceae_C,Burkholderiales,Gammaproteobacteria,Pseudomonadota,gyrA,5,0,0
Limnomicrobium,NA,NA,NA,NA,gyrA,1,1,1
Limnoraphis,NA,NA,NA,NA,gyrA,1,0,0
Limnospira,Microcoleaceae,Cyanobacteriales,Cyanobacteriia,Cyanobacteriota,gyrA,3,0,0
Limnothrix,NA,NA,NA,NA,gyrA,2,0,0
Limnovirga,Chitinophagaceae,Chitinophagales,Bacteroidia,Bacteroidota,gyrA,1,1,1
Limobrevibacterium,Acetobacteraceae,Acetobacterales,Alphaproteobacteria,Pseudomonadota,gyrA,1,1,1
Limoniibacter,Rhizobiaceae,Rhizobiales,Alphaproteobacteria,Pseudomonadota,gyrA,1,1,1
Limosilactobacillus,Lactobacillaceae,Lactobacillales,Bacilli,Bacillota,gyrA,37,0,0
Limousia,Acutalibacteraceae,Oscillospirales,Clostridia,Bacillota,gyrA,1,0,0
Lipingzhangella,Streptosporangiaceae,Streptosporangiales,Actinomycetes,Actinomycetota,gyrA,2,0,0
Liquorilactobacillus,Lactobacillaceae,Lactobacillales,Bacilli,Bacillota,gyrA,13,0,0
Lishizhenia,Crocinitomicaceae,Flavobacteriales_D,Bacteroidia,Bacteroidota,gyrA,1,0,0
Listeria,Listeriaceae,Lactobacillales,Bacilli,Bacillota,gyrA,22,1,0.045454545454545456
Litchfieldella,Halomonadaceae,Pseudomonadales,Gammaproteobacteria,Pseudomonadota,gyrA,4,0,0
Litchfieldia,Bacillaceae_L,Bacillales,Bacilli,Bacillota,gyrA,5,1,0.2
Litoreibacter,Rhodobacteraceae,Rhodobacterales,Alphaproteobacteria,Pseudomonadota,gyrA,8,0,0
Litorerythrobacter,NA,NA,NA,NA,gyrA,1,0,0
Litoribacillus,Litoribrevibacteraceae,Pseudomonadales,Gammaproteobacteria,Pseudomonadota,gyrA,1,0,0
Litoribacter,Cyclobacteriaceae,Cytophagales,Bacteroidia,Bacteroidota,gyrA,2,0,0
Litoribacterium,DSM-28697,Bacillales,Bacilli,Bacillota,gyrA,1,0,0
Litoribaculum,Flavobacteriaceae,Flavobacteriales,Bacteroidia,Bacteroidota,gyrA,1,0,0
Litoribrevibacter,Litoribrevibacteraceae,Pseudomonadales,Gammaproteobacteria,Pseudomonadota,gyrA,2,0,0
Litorihabitans,Beutenbergiaceae,Actinomycetales,Actinomycetes,Actinomycetota,gyrA,1,1,1
Litorilinea,Caldilineaceae,Caldilineales,Anaerolineae,Chloroflexota,gyrA,1,0,0
Litorilituus,NA,NA,NA,NA,gyrA,2,0,0
Litorimonas,Maricaulaceae,Caulobacterales,Alphaproteobacteria,Pseudomonadota,gyrA,3,0,0
Litorirhabdus,Halieaceae,Pseudomonadales,Gammaproteobacteria,Pseudomonadota,gyrA,1,0,0
Litorisediminicola,Rhodobacteraceae,Rhodobacterales,Alphaproteobacteria,Pseudomonadota,gyrA,1,0,0
Litorivicinus,Litorivicinaceae,Pseudomonadales,Gammaproteobacteria,Pseudomonadota,gyrA,1,0,0
Litorivita,Rhodobacteraceae,Rhodobacterales,Alphaproteobacteria,Pseudomonadota,gyrA,1,0,0
Litorivivens,Spongiibacteraceae,Pseudomonadales,Gammaproteobacteria,Pseudomonadota,gyrA,1,0,0
Loigolactobacillus,Lactobacillaceae,Lactobacillales,Bacilli,Bacillota,gyrA,8,0,0
Loktanella,Rhodobacteraceae,Rhodobacterales,Alphaproteobacteria,Pseudomonadota,gyrA,5,0,0
Lolliginicoccus,Mycobacteriaceae,Mycobacteriales,Actinomycetes,Actinomycetota,gyrA,2,0,0
Lonepinella,Pasteurellaceae,Enterobacterales,Gammaproteobacteria,Pseudomonadota,gyrA,1,0,0
Longibacter,Salinibacteraceae,Rhodothermales,Rhodothermia,Bacteroidota,gyrA,1,0,0
Longibaculum,Coprobacillaceae,Erysipelotrichales,Bacilli_A,Bacillota_I,gyrA,1,0,0
Longicatena,Erysipelotrichaceae,Erysipelotrichales,Bacilli_A,Bacillota_I,gyrA,1,0,0
Longilinea,Anaerolineaceae,Anaerolineales,Anaerolineae,Chloroflexota,gyrA,1,0,0
Longimicrobium,Longimicrobiaceae,Longimicrobiales,Gemmatimonadetes,Gemmatimonadota,gyrA,1,0,0
Longimonas,Salinibacteraceae,Rhodothermales,Rhodothermia,Bacteroidota,gyrA,2,0,0
Longimycelium,Pseudonocardiaceae,Mycobacteriales,Actinomycetes,Actinomycetota,gyrA,1,0,0
Longirhabdus,DSM-105158,Paenibacillales,Bacilli,Bacillota,gyrA,1,0,0
Longispora,Micromonosporaceae,Mycobacteriales,Actinomycetes,Actinomycetota,gyrA,4,0,0
Longitalea,NA,NA,NA,NA,gyrA,2,0,0
Longivirga,CAIYMF01,S36-B12,Actinomycetes,Actinomycetota,gyrA,1,0,0
Lonsdalea,Enterobacteriaceae,Enterobacterales,Gammaproteobacteria,Pseudomonadota,gyrA,4,0,0
Lotipaludicoccus,NA,NA,NA,NA,gyrA,1,0,0
Lottiidibacillus,SA5d-4,Bacillales,Bacilli,Bacillota,gyrA,1,0,0
Lucifugimonas,Lucifugimonadaceae,Lucifugimonadales,Dehalococcoidia,Chloroflexota,gyrA,1,0,0
Luedemannella,Micromonosporaceae,Mycobacteriales,Actinomycetes,Actinomycetota,gyrA,1,0,0
Luethyella,Microbacteriaceae,Actinomycetales,Actinomycetes,Actinomycetota,gyrA,1,0,0
Lujinxingia,Bradymonadaceae,Bradymonadales,Bradymonadia,Myxococcota_A,gyrA,3,0,0
Luminiphilus,Halieaceae,Pseudomonadales,Gammaproteobacteria,Pseudomonadota,gyrA,1,0,0
Lunatibacter,Cyclobacteriaceae,Cytophagales,Bacteroidia,Bacteroidota,gyrA,1,0,0
Lunatimonas,Cyclobacteriaceae,Cytophagales,Bacteroidia,Bacteroidota,gyrA,2,0,0
Luoshenia,GCA-900066905,Christensenellales,Clostridia,Bacillota,gyrA,1,0,0
Lusitaniella,Spirulinaceae,Cyanobacteriales,Cyanobacteriia,Cyanobacteriota,gyrA,1,0,0
Lutaonella,NA,NA,NA,NA,gyrA,1,0,0
Luteibacter,Rhodanobacteraceae,Xanthomonadales,Gammaproteobacteria,Pseudomonadota,gyrA,11,10,0.9090909090909091
Luteibaculum,Luteibaculaceae,Flavobacteriales_D,Bacteroidia,Bacteroidota,gyrA,1,0,0
Luteimicrobium,Cellulomonadaceae,Actinomycetales,Actinomycetes,Actinomycetota,gyrA,3,0,0
Luteimonas,Xanthomonadaceae,Xanthomonadales,Gammaproteobacteria,Pseudomonadota,gyrA,42,0,0
Luteipulveratus,Dermatophilaceae,Actinomycetales,Actinomycetes,Actinomycetota,gyrA,3,0,0
Luteirhabdus,Flavobacteriaceae,Flavobacteriales,Bacteroidia,Bacteroidota,gyrA,1,0,0
Luteitalea,Vicinamibacteraceae,Vicinamibacterales,Vicinamibacteria,Acidobacteriota,gyrA,1,1,1
Luteithermobacter,Emcibacteraceae,Sphingomonadales,Alphaproteobacteria,Pseudomonadota,gyrA,1,0,0
Luteococcus,Propionibacteriaceae,Propionibacteriales,Actinomycetes,Actinomycetota,gyrA,5,0,0
Luteolibacter,Akkermansiaceae,Verrucomicrobiales,Verrucomicrobiia,Verrucomicrobiota,gyrA,4,1,0.25
Lutibacter,Flavobacteriaceae,Flavobacteriales,Bacteroidia,Bacteroidota,gyrA,10,0,0
Lutibaculum,Tepidamorphaceae,Rhizobiales,Alphaproteobacteria,Pseudomonadota,gyrA,1,0,0
Lutimaribacter,Rhodobacteraceae,Rhodobacterales,Alphaproteobacteria,Pseudomonadota,gyrA,4,0,0
Lutimonas,Flavobacteriaceae,Flavobacteriales,Bacteroidia,Bacteroidota,gyrA,4,0,0
Lutispora,Lutisporaceae,Lutisporales,Clostridia,Bacillota,gyrA,2,2,1
Luxibacter,Lachnospiraceae,Lachnospirales,Clostridia,Bacillota,gyrA,1,1,1
Lwoffella,NA,NA,NA,NA,gyrA,1,0,0
Lyngbya,Thermosynechococcaceae,Thermosynechococcales,Cyanobacteriia,Cyanobacteriota,gyrA,2,0,0
Lysinibacillus,Planococcaceae,Bacillales_A,Bacilli,Bacillota,gyrA,26,0,0
Lysinibacter,Microbacteriaceae,Actinomycetales,Actinomycetes,Actinomycetota,gyrA,1,0,0
Lysinimonas,Microbacteriaceae,Actinomycetales,Actinomycetes,Actinomycetota,gyrA,1,0,0
Lysobacter,Xanthomonadaceae,Xanthomonadales,Gammaproteobacteria,Pseudomonadota,gyrA,32,2,0.0625
Lyticum,Midichloriaceae,Rickettsiales,Alphaproteobacteria,Pseudomonadota,gyrA,1,1,1
Maccoyibacter,Lachnospiraceae,Lachnospirales,Clostridia,Bacillota,gyrA,1,1,1
Macellibacteroides,Tannerellaceae,Bacteroidales,Bacteroidia,Bacteroidota,gyrA,1,0,0
Macondimonas,UBA5335,UBA5335,Gammaproteobacteria,Pseudomonadota,gyrA,1,0,0
Macrococcoides,Staphylococcaceae,Staphylococcales,Bacilli,Bacillota,gyrA,4,0,0
Macrococcus,Staphylococcaceae,Staphylococcales,Bacilli,Bacillota,gyrA,12,0,0
Macromonas,NA,NA,NA,NA,gyrA,2,0,0
Mageeibacillus,Fastidiosipilaceae,Saccharofermentanales,Clostridia,Bacillota,gyrA,1,1,1
Magnetaquicoccus,Magnetaquicoccaceae,Magnetococcales,Magnetococcia,Pseudomonadota,gyrA,1,1,1
Magnetaquiglobus,Magnetaquicoccaceae,Magnetococcales,Magnetococcia,Pseudomonadota,gyrA,1,1,1
Magnetobacterium,Magnetobacteriaceae,Thermodesulfovibrionales,Thermodesulfovibrionia,Nitrospirota,gyrA,1,0,0
Magnetococcus,Magnetococcaceae,Magnetococcales,Magnetococcia,Pseudomonadota,gyrA,2,0,0
Magnetofaba,Magnetococcaceae,Magnetococcales,Magnetococcia,Pseudomonadota,gyrA,1,0,0
Magnetominusculus,Magnetobacteriaceae,Thermodesulfovibrionales,Thermodesulfovibrionia,Nitrospirota,gyrA,2,0,0
Magnetomonas,Magnetobacteriaceae,Thermodesulfovibrionales,Thermodesulfovibrionia,Nitrospirota,gyrA,1,0,0
Magnetospira,Magnetospiraceae,Rhodospirillales,Alphaproteobacteria,Pseudomonadota,gyrA,1,0,0
Magnetospirillum,Magnetospirillaceae,Rhodospirillales,Alphaproteobacteria,Pseudomonadota,gyrA,6,1,0.16666666666666666
Magnetovibrio,Magnetovibrionaceae,Rhodospirillales,Alphaproteobacteria,Pseudomonadota,gyrA,2,0,0
Magnetovirga,Chromatiaceae,Chromatiales,Gammaproteobacteria,Pseudomonadota,gyrA,1,0,0
Mahella,Mahellaceae,Mahellales,Clostridia,Bacillota,gyrA,1,1,1
Mailhella,Desulfovibrionaceae,Desulfovibrionales,Desulfovibrionia,Desulfobacterota,gyrA,1,1,1
Maioricimonas,Planctomycetaceae,Planctomycetales,Planctomycetia,Planctomycetota,gyrA,1,0,0
Malaciobacter,Arcobacteraceae,Campylobacterales,Campylobacteria,Campylobacterota,gyrA,6,0,0
Malacoplasma,Mycoplasmoidaceae,Mycoplasmatales,Bacilli_A,Bacillota_I,gyrA,3,0,0
Maledivibacter,Caminicellaceae,Peptostreptococcales,Clostridia,Bacillota,gyrA,1,0,0
Malikia,Burkholderiaceae_C,Burkholderiales,Gammaproteobacteria,Pseudomonadota,gyrA,2,0,0
Malonomonas,Geopsychrobacteraceae,Desulfuromonadales,Desulfuromonadia,Desulfobacterota,gyrA,1,0,0
Mammaliicoccus,Staphylococcaceae,Staphylococcales,Bacilli,Bacillota,gyrA,5,0,0
Manganibacter,NA,NA,NA,NA,gyrA,1,1,1
Manganitrophus,Manganitrophaceae,SBBL01,Nitrospiria,Nitrospirota,gyrA,1,1,1
Mangrovactinospora,Streptomycetaceae,Streptomycetales,Actinomycetes,Actinomycetota,gyrA,1,0,0
Mangrovibacillus,R1DC41,Bacillales,Bacilli,Bacillota,gyrA,1,0,0
Mangrovibacter,Enterobacteriaceae,Enterobacterales,Gammaproteobacteria,Pseudomonadota,gyrA,3,0,0
Mangrovibacterium,Prolixibacteraceae,Bacteroidales,Bacteroidia,Bacteroidota,gyrA,3,0,0
Mangrovibrevibacter,Rhizobiaceae,Rhizobiales,Alphaproteobacteria,Pseudomonadota,gyrA,1,1,1
Mangrovicella,Rhizobiaceae,Rhizobiales,Alphaproteobacteria,Pseudomonadota,gyrA,1,1,1
Mangrovicoccus,Rhodobacteraceae,Rhodobacterales,Alphaproteobacteria,Pseudomonadota,gyrA,2,2,1
Mangrovimicrobium,Halieaceae,Pseudomonadales,Gammaproteobacteria,Pseudomonadota,gyrA,1,0,0
Mangrovimonas,Flavobacteriaceae,Flavobacteriales,Bacteroidia,Bacteroidota,gyrA,6,0,0
Mangrovitalea,Oleiphilaceae,Pseudomonadales,Gammaproteobacteria,Pseudomonadota,gyrA,1,0,0
Mangrovivirga,Cyclobacteriaceae,Cytophagales,Bacteroidia,Bacteroidota,gyrA,2,0,0
Mannheimia,Pasteurellaceae,Enterobacterales,Gammaproteobacteria,Pseudomonadota,gyrA,11,1,0.09090909090909091
Marasmitruncus,NA,NA,NA,NA,gyrA,1,1,1
Marcopretia,NA,NA,NA,NA,gyrA,1,0,0
Maribacter,Flavobacteriaceae,Flavobacteriales,Bacteroidia,Bacteroidota,gyrA,37,0,0
Maribellus,NA,NA,NA,NA,gyrA,5,0,0
Maribrevibacterium,NA,NA,NA,NA,gyrA,1,0,0
Maricaulis,Maricaulaceae,Caulobacterales,Alphaproteobacteria,Pseudomonadota,gyrA,5,0,0
Marichromatium,Chromatiaceae,Chromatiales,Gammaproteobacteria,Pseudomonadota,gyrA,3,0,0
Maricurvus,Cellvibrionaceae,Pseudomonadales,Gammaproteobacteria,Pseudomonadota,gyrA,1,0,0
Maridesulfovibrio,Desulfovibrionaceae,Desulfovibrionales,Desulfovibrionia,Desulfobacterota,gyrA,8,0,0
Marihabitans,Dermatophilaceae,Actinomycetales,Actinomycetes,Actinomycetota,gyrA,1,0,0
Marilutibacter,Xanthomonadaceae,Xanthomonadales,Gammaproteobacteria,Pseudomonadota,gyrA,6,0,0
Mariluticola,Devosiaceae,Rhizobiales,Alphaproteobacteria,Pseudomonadota,gyrA,1,1,1
Marimicrobium,Halieaceae,Pseudomonadales,Gammaproteobacteria,Pseudomonadota,gyrA,1,0,0
Marimonas,Rhodobacteraceae,Rhodobacterales,Alphaproteobacteria,Pseudomonadota,gyrA,2,0,0
Marinactinospora,Streptosporangiaceae,Streptosporangiales,Actinomycetes,Actinomycetota,gyrA,2,2,1
Marinagarivorans,Cellvibrionaceae,Pseudomonadales,Gammaproteobacteria,Pseudomonadota,gyrA,2,0,0
Marinarcus,Arcobacteraceae,Campylobacterales,Campylobacteria,Campylobacterota,gyrA,1,0,0
Marinibacterium,Rhodobacteraceae,Rhodobacterales,Alphaproteobacteria,Pseudomonadota,gyrA,1,0,0
Marinibactrum,Cellvibrionaceae,Pseudomonadales,Gammaproteobacteria,Pseudomonadota,gyrA,1,0,0
Marinibaculum,Ferrovibrionaceae,Ferrovibrionales,Alphaproteobacteria,Pseudomonadota,gyrA,1,1,1
Marinibium,NA,NA,NA,NA,gyrA,1,0,0
Mariniblastus,Pirellulaceae,Pirellulales,Planctomycetia,Planctomycetota,gyrA,1,0,0
Marinicauda,Maricaulaceae,Caulobacterales,Alphaproteobacteria,Pseudomonadota,gyrA,3,0,0
Marinicella,Marinicellaceae,Xanthomonadales,Gammaproteobacteria,Pseudomonadota,gyrA,8,1,0.125
Marinicellulosiphila,Natronospirillaceae,Pseudomonadales,Gammaproteobacteria,Pseudomonadota,gyrA,1,0,0
Marinicrinis,KCTC-33676,Paenibacillales,Bacilli,Bacillota,gyrA,2,0,0
Marinifaba,Alteromonadaceae,Enterobacterales,Gammaproteobacteria,Pseudomonadota,gyrA,1,0,0
Marinifilum,Marinifilaceae,Bacteroidales,Bacteroidia,Bacteroidota,gyrA,4,0,0
Mariniflexile,Flavobacteriaceae,Flavobacteriales,Bacteroidia,Bacteroidota,gyrA,9,0,0
Marinigracilibium,NA,NA,NA,NA,gyrA,1,0,0
Marinihelvus,SZUA-36,Xanthomonadales,Gammaproteobacteria,Pseudomonadota,gyrA,1,0,0
Marinilabilia,Marinilabiliaceae,Bacteroidales,Bacteroidia,Bacteroidota,gyrA,2,2,1
Marinilactibacillus,Carnobacteriaceae_A,Lactobacillales,Bacilli,Bacillota,gyrA,3,0,0
Marinilongibacter,NA,NA,NA,NA,gyrA,1,0,0
Mariniluteicoccus,NA,NA,NA,NA,gyrA,2,0,0
Marinimicrobium,Cellvibrionaceae,Pseudomonadales,Gammaproteobacteria,Pseudomonadota,gyrA,5,0,0
Marinimicrococcus,Geminicoccaceae,Geminicoccales,Alphaproteobacteria,Pseudomonadota,gyrA,1,0,0
Marininema,DSM-45169,Thermoactinomycetales,Bacilli,Bacillota,gyrA,2,2,1
Mariniphaga,Prolixibacteraceae,Bacteroidales,Bacteroidia,Bacteroidota,gyrA,2,0,0
Mariniplasma,Acholeplasmataceae,Acholeplasmatales,Bacilli_A,Bacillota_I,gyrA,1,0,0
Mariniradius,Cyclobacteriaceae,Cytophagales,Bacteroidia,Bacteroidota,gyrA,2,0,0
Marinirhabdus,Flavobacteriaceae,Flavobacteriales,Bacteroidia,Bacteroidota,gyrA,1,0,0
Marinisporobacter,Thermotaleaceae,Peptostreptococcales,Clostridia,Bacillota,gyrA,1,1,1
Marinitenerispora,Streptosporangiaceae,Streptosporangiales,Actinomycetes,Actinomycetota,gyrA,1,1,1
Marinithermofilum,DSM-45169,Thermoactinomycetales,Bacilli,Bacillota,gyrA,1,0,0
Marinithermus,Marinithermaceae,Deinococcales,Deinococci,Deinococcota,gyrA,1,0,0
Marinitoga,Petrotogaceae,Petrotogales,Thermotogae,Thermotogota,gyrA,6,6,1
Marinivivus,Geminicoccaceae,Geminicoccales,Alphaproteobacteria,Pseudomonadota,gyrA,1,0,0
Marinobacter,Oleiphilaceae,Pseudomonadales,Gammaproteobacteria,Pseudomonadota,gyrA,73,1,0.0136986301369863
Marinobacterium,Balneatricaceae,Pseudomonadales,Gammaproteobacteria,Pseudomonadota,gyrA,23,0,0
Marinococcus,Marinococcaceae,Bacillales,Bacilli,Bacillota,gyrA,5,0,0
Marinomonas,Marinomonadaceae,Pseudomonadales,Gammaproteobacteria,Pseudomonadota,gyrA,40,5,0.125
Marinoscillum,Cyclobacteriaceae,Cytophagales,Bacteroidia,Bacteroidota,gyrA,3,0,0
Marinospirillum,Halomonadaceae,Pseudomonadales,Gammaproteobacteria,Pseudomonadota,gyrA,6,0,0
Marinovum,Rhodobacteraceae,Rhodobacterales,Alphaproteobacteria,Pseudomonadota,gyrA,2,0,0
Mariprofundus,Mariprofundaceae,Mariprofundales,Zetaproteobacteria,Pseudomonadota,gyrA,5,0,0
Marisediminicola,Microbacteriaceae,Actinomycetales,Actinomycetes,Actinomycetota,gyrA,2,0,0
Marisediminitalea,NA,NA,NA,NA,gyrA,4,0,0
Marispirochaeta,Marispirochaetaceae,JC444,Spirochaetia,Spirochaetota,gyrA,1,1,1
Maritalea,Devosiaceae,Rhizobiales,Alphaproteobacteria,Pseudomonadota,gyrA,4,4,1
Maritimibacter,Rhodobacteraceae,Rhodobacterales,Alphaproteobacteria,Pseudomonadota,gyrA,5,3,0.6
Maritimimonas,NA,NA,NA,NA,gyrA,1,0,0
Marivibrio,Aestuariispiraceae,UBA8366,Alphaproteobacteria,Pseudomonadota,gyrA,1,0,0
Marivirga,Cyclobacteriaceae,Cytophagales,Bacteroidia,Bacteroidota,gyrA,8,0,0
Marivita,Rhodobacteraceae,Rhodobacterales,Alphaproteobacteria,Pseudomonadota,gyrA,4,0,0
Marivivens,Rhodobacteraceae,Rhodobacterales,Alphaproteobacteria,Pseudomonadota,gyrA,4,0,0
Marixanthomonas,Flavobacteriaceae,Flavobacteriales,Bacteroidia,Bacteroidota,gyrA,2,0,0
Marixanthotalea,Flavobacteriaceae,Flavobacteriales,Bacteroidia,Bacteroidota,gyrA,1,0,0
Marmoricola,Nocardioidaceae,Propionibacteriales,Actinomycetes,Actinomycetota,gyrA,1,0,0
Marnyiella,Weeksellaceae,Flavobacteriales,Bacteroidia,Bacteroidota,gyrA,1,0,0
Marseilla,NA,NA,NA,NA,gyrA,1,1,1
Martelella,Rhizobiaceae,Rhizobiales,Alphaproteobacteria,Pseudomonadota,gyrA,8,8,1
Martinezella,NA,NA,NA,NA,gyrA,12,12,1
Marvinbryantia,Lachnospiraceae,Lachnospirales,Clostridia,Bacillota,gyrA,1,1,1
Massilia,NA,NA,NA,NA,gyrA,51,41,0.803921568627451
Massilibacterium,Massilibacteriaceae,Bacillales,Bacilli,Bacillota,gyrA,1,0,0
Massilibacteroides,Tannerellaceae,Bacteroidales,Bacteroidia,Bacteroidota,gyrA,1,0,0
Massilicoli,Erysipelotrichaceae,Erysipelotrichales,Bacilli_A,Bacillota_I,gyrA,1,0,0
Massiliimalia,Ruminococcaceae,Oscillospirales,Clostridia,Bacillota,gyrA,2,2,1
Massiliimicrobium,NA,NA,NA,NA,gyrA,1,0,0
Massilioclostridium,Ruminococcaceae,Oscillospirales,Clostridia,Bacillota,gyrA,1,1,1
Mastigocladopsis,Nostocaceae,Cyanobacteriales,Cyanobacteriia,Cyanobacteriota,gyrA,1,0,0
Mastigocoleus,Nostocaceae,Cyanobacteriales,Cyanobacteriia,Cyanobacteriota,gyrA,1,0,0
Mechercharimyces,JANTPT01,Thermoactinomycetales,Bacilli,Bacillota,gyrA,1,1,1
Mediannikoviicoccus,Peptoniphilaceae,Tissierellales,Clostridia,Bacillota,gyrA,1,0,0
Mediterranea,NA,NA,NA,NA,gyrA,1,1,1
Mediterraneibacter,Lachnospiraceae,Lachnospirales,Clostridia,Bacillota,gyrA,10,10,1
Megaera,Rickettsiaceae,Rickettsiales,Alphaproteobacteria,Pseudomonadota,gyrA,2,0,0
Megalodesulfovibrio,Desulfovibrionaceae,Desulfovibrionales,Desulfovibrionia,Desulfobacterota,gyrA,2,2,1
Megamonas,Selenomonadaceae,Selenomonadales,Negativicutes,Bacillota,gyrA,3,0,0
Megasphaera,Megasphaeraceae,Veillonellales,Negativicutes,Bacillota,gyrA,15,2,0.13333333333333333
Meinhardsimonia,Rhodobacteraceae,Rhodobacterales,Alphaproteobacteria,Pseudomonadota,gyrA,1,1,1
Meiothermus,Thermaceae,Deinococcales,Deinococci,Deinococcota,gyrA,7,7,1
Meishania,Flavobacteriaceae,Flavobacteriales,Bacteroidia,Bacteroidota,gyrA,1,0,0
Melaminivora,Burkholderiaceae_C,Burkholderiales,Gammaproteobacteria,Pseudomonadota,gyrA,3,1,0.3333333333333333
Melghiribacillus,Alkalibacillaceae,Bacillales,Bacilli,Bacillota,gyrA,1,0,0
Melghirimyces,DSM-45169,Thermoactinomycetales,Bacilli,Bacillota,gyrA,3,3,1
Melioribacter,Melioribacteraceae,Ignavibacteriales,Ignavibacteria,Bacteroidota,gyrA,1,0,0
Melissococcus,Enterococcaceae,Lactobacillales,Bacilli,Bacillota,gyrA,1,0,0
Melissospora,Micromonosporaceae,Mycobacteriales,Actinomycetes,Actinomycetota,gyrA,1,0,0
Melittangium,NA,NA,NA,NA,gyrA,1,1,1
Membranihabitans,Saprospiraceae,Chitinophagales,Bacteroidia,Bacteroidota,gyrA,2,0,0
Merdibacter,Erysipelotrichaceae,Erysipelotrichales,Bacilli_A,Bacillota_I,gyrA,1,0,0
Merdimmobilis,Ruminococcaceae,Oscillospirales,Clostridia,Bacillota,gyrA,1,1,1
Merdimonas,Lachnospiraceae,Lachnospirales,Clostridia,Bacillota,gyrA,1,1,1
Mergibacter,Pasteurellaceae,Enterobacterales,Gammaproteobacteria,Pseudomonadota,gyrA,1,0,0
Meridianimarinicoccus,Rhodobacteraceae,Rhodobacterales,Alphaproteobacteria,Pseudomonadota,gyrA,4,0,0
Merismopedia,CCAP-1448,Cyanobacteriales,Cyanobacteriia,Cyanobacteriota,gyrA,1,0,0
Mesenet,Anaplasmataceae,Rickettsiales,Alphaproteobacteria,Pseudomonadota,gyrA,2,2,1
Mesoaciditoga,Mesoaciditogaceae,Mesoaciditogales,Thermotogae,Thermotogota,gyrA,1,0,0
Mesobacillus,Cytobacillaceae,Bacillales,Bacilli,Bacillota,gyrA,12,0,0
Mesobacterium,Rhodobacteraceae,Rhodobacterales,Alphaproteobacteria,Pseudomonadota,gyrA,2,0,0
Mesobaculum,NA,NA,NA,NA,gyrA,1,0,0
Mesocricetibacter,Pasteurellaceae,Enterobacterales,Gammaproteobacteria,Pseudomonadota,gyrA,1,0,0
Mesoflavibacter,Flavobacteriaceae,Flavobacteriales,Bacteroidia,Bacteroidota,gyrA,2,0,0
Mesohalobacter,NA,NA,NA,NA,gyrA,2,0,0
Mesomycoplasma,Metamycoplasmataceae,Mycoplasmatales,Bacilli_A,Bacillota_I,gyrA,11,5,0.45454545454545453
Mesonia,Flavobacteriaceae,Flavobacteriales,Bacteroidia,Bacteroidota,gyrA,11,0,0
Mesoplasma,Mycoplasmataceae,Mycoplasmatales,Bacilli_A,Bacillota_I,gyrA,13,0,0
Mesopusillimonas,Burkholderiaceae_B,Burkholderiales,Gammaproteobacteria,Pseudomonadota,gyrA,1,0,0
Mesorhizobium,Rhizobiaceae,Rhizobiales,Alphaproteobacteria,Pseudomonadota,gyrA,66,65,0.9848484848484849
Mesosutterella,Burkholderiaceae_F,Burkholderiales,Gammaproteobacteria,Pseudomonadota,gyrA,1,1,1
Mesoterricola,Holophagaceae,Holophagales,Holophagae,Acidobacteriota,gyrA,2,0,0
Mesotoga,Kosmotogaceae,Petrotogales,Thermotogae,Thermotogota,gyrA,2,2,1
Metabacillus,Bacillaceae,Bacillales,Bacilli,Bacillota,gyrA,26,0,0
Metabolovarius,NA,NA,NA,NA,gyrA,1,0,0
Metaclostridioides,Peptostreptococcaceae,Peptostreptococcales,Clostridia,Bacillota,gyrA,1,0,0
Metallibacterium,Rhodanobacteraceae,Xanthomonadales,Gammaproteobacteria,Pseudomonadota,gyrA,1,0,0
Metallococcus,Dermatophilaceae,Actinomycetales,Actinomycetes,Actinomycetota,gyrA,1,0,0
Metallumcola,JADQBR01,JADQBR01,JADQBR01,Bacillota,gyrA,1,0,0
Metalysinibacillus,Planococcaceae,Bacillales_A,Bacilli,Bacillota,gyrA,1,0,0
Metamycoplasma,Metamycoplasmataceae,Mycoplasmatales,Bacilli_A,Bacillota_I,gyrA,18,0,0
Metaplanococcus,NA,NA,NA,NA,gyrA,1,0,0
Metapseudomonas,Pseudomonadaceae,Pseudomonadales,Gammaproteobacteria,Pseudomonadota,gyrA,7,0,0
Metasolibacillus,Planococcaceae,Bacillales_A,Bacilli,Bacillota,gyrA,2,0,0
Methane-Oxidizing,NA,NA,NA,NA,gyrA,1,0,0
Methanotrophic,NA,NA,NA,NA,gyrA,1,0,0
Methylacidimicrobium,Methylacidiphilaceae,Methylacidiphilales,Verrucomicrobiia,Verrucomicrobiota,gyrA,2,0,0
Methylacidiphilum,Methylacidiphilaceae,Methylacidiphilales,Verrucomicrobiia,Verrucomicrobiota,gyrA,4,0,0
Methylacidithermus,Methylacidiphilaceae,Methylacidiphilales,Verrucomicrobiia,Verrucomicrobiota,gyrA,1,0,0
Methylibium,Burkholderiaceae_C,Burkholderiales,Gammaproteobacteria,Pseudomonadota,gyrA,2,0,0
Methylicorpusculum,Methylomonadaceae,Methylococcales,Gammaproteobacteria,Pseudomonadota,gyrA,1,0,0
Methylobacillus,Methylophilaceae,Burkholderiales,Gammaproteobacteria,Pseudomonadota,gyrA,8,0,0
Methylobacter,Methylomonadaceae,Methylococcales,Gammaproteobacteria,Pseudomonadota,gyrA,8,0,0
Methylobacterium,Beijerinckiaceae,Rhizobiales,Alphaproteobacteria,Pseudomonadota,gyrA,62,0,0
Methylobrevis,Pleomorphomonadaceae,Rhizobiales,Alphaproteobacteria,Pseudomonadota,gyrA,1,0,0
Methylocaldum,Methylococcaceae,Methylococcales,Gammaproteobacteria,Pseudomonadota,gyrA,3,3,1
Methylocalor,Methylococcaceae,Methylococcales,Gammaproteobacteria,Pseudomonadota,gyrA,1,0,0
Methylocapsa,Beijerinckiaceae,Rhizobiales,Alphaproteobacteria,Pseudomonadota,gyrA,4,1,0.25
Methyloceanibacter,Methyloligellaceae,Rhizobiales,Alphaproteobacteria,Pseudomonadota,gyrA,5,5,1
Methylocella,NA,NA,NA,NA,gyrA,2,0,0
Methylococcus,Methylococcaceae,Methylococcales,Gammaproteobacteria,Pseudomonadota,gyrA,3,0,0
Methylocucumis,NA,NA,NA,NA,gyrA,1,1,1
Methylocystis,Beijerinckiaceae,Rhizobiales,Alphaproteobacteria,Pseudomonadota,gyrA,11,11,1
Methyloferula,Beijerinckiaceae,Rhizobiales,Alphaproteobacteria,Pseudomonadota,gyrA,1,0,0
Methylogaea,Methylococcaceae,Methylococcales,Gammaproteobacteria,Pseudomonadota,gyrA,1,0,0
Methyloglobulus,Methylomonadaceae,Methylococcales,Gammaproteobacteria,Pseudomonadota,gyrA,1,0,0
Methylohalobius,Methylothermaceae,Methylococcales,Gammaproteobacteria,Pseudomonadota,gyrA,1,1,1
Methylohalomonas,Methylohalomonadaceae,Methylohalomonadales,Gammaproteobacteria,Pseudomonadota,gyrA,1,0,0
Methyloligella,Methyloligellaceae,Rhizobiales,Alphaproteobacteria,Pseudomonadota,gyrA,2,2,1
Methylolitoribacter,NA,NA,NA,NA,gyrA,1,0,0
Methylolobus,NA,NA,NA,NA,gyrA,1,0,0
Methylomarinovum,NA,NA,NA,NA,gyrA,2,0,0
Methylomarinum,Methylomonadaceae,Methylococcales,Gammaproteobacteria,Pseudomonadota,gyrA,2,0,0
Methylomicrobium,Methylomonadaceae,Methylococcales,Gammaproteobacteria,Pseudomonadota,gyrA,4,0,0
Methylomirabilis,Methylomirabilaceae,Methylomirabilales,Methylomirabilia,Methylomirabilota,gyrA,1,0,0
Methylomonas,Methylomonadaceae,Methylococcales,Gammaproteobacteria,Pseudomonadota,gyrA,16,0,0
Methylomusa,Sporomusaceae,Sporomusales,Negativicutes,Bacillota,gyrA,1,0,0
Methylonatrum,Aquisalimonadaceae,Nitrococcales,Gammaproteobacteria,Pseudomonadota,gyrA,1,0,0
Methyloparacoccus,NA,NA,NA,NA,gyrA,1,0,0
Methylophaga,Methylophagaceae,Nitrosococcales,Gammaproteobacteria,Pseudomonadota,gyrA,8,0,0
Methylophilus,Methylophilaceae,Burkholderiales,Gammaproteobacteria,Pseudomonadota,gyrA,7,0,0
Methylopila,Methylopilaceae,Rhizobiales,Alphaproteobacteria,Pseudomonadota,gyrA,5,0,0
Methyloprofundus,Methylomonadaceae,Methylococcales,Gammaproteobacteria,Pseudomonadota,gyrA,1,0,0
Methylopumilus,Methylophilaceae,Burkholderiales,Gammaproteobacteria,Pseudomonadota,gyrA,4,0,0
Methyloradius,Methylophilaceae,Burkholderiales,Gammaproteobacteria,Pseudomonadota,gyrA,1,0,0
Methyloraptor,Ancalomicrobiaceae,Rhizobiales,Alphaproteobacteria,Pseudomonadota,gyrA,1,0,0
Methylorubrum,NA,NA,NA,NA,gyrA,11,0,0
Methylosarcina,Methylomonadaceae,Methylococcales,Gammaproteobacteria,Pseudomonadota,gyrA,1,0,0
Methylosinus,Beijerinckiaceae,Rhizobiales,Alphaproteobacteria,Pseudomonadota,gyrA,2,2,1
Methylosoma,NA,NA,NA,NA,gyrA,1,1,1
Methylospira,Methylococcaceae,Methylococcales,Gammaproteobacteria,Pseudomonadota,gyrA,1,0,0
Methylotenera,Methylophilaceae,Burkholderiales,Gammaproteobacteria,Pseudomonadota,gyrA,3,0,0
Methyloterricola,Methylococcaceae,Methylococcales,Gammaproteobacteria,Pseudomonadota,gyrA,1,0,0
Methylotetracoccus,Methylococcaceae,Methylococcales,Gammaproteobacteria,Pseudomonadota,gyrA,1,0,0
Methylothermus,NA,NA,NA,NA,gyrA,1,1,1
Methylotuvimicrobium,Methylomonadaceae,Methylococcales,Gammaproteobacteria,Pseudomonadota,gyrA,2,0,0
Methyloversatilis,Rhodocyclaceae,Burkholderiales,Gammaproteobacteria,Pseudomonadota,gyrA,3,0,0
Methylovirgula,Beijerinckiaceae,Rhizobiales,Alphaproteobacteria,Pseudomonadota,gyrA,1,1,1
Methylovorus,Methylophilaceae,Burkholderiales,Gammaproteobacteria,Pseudomonadota,gyrA,3,0,0
Methylovulum,Methylomonadaceae,Methylococcales,Gammaproteobacteria,Pseudomonadota,gyrA,2,0,0
Micavibrio,Micavibrionaceae,Micavibrionales,Alphaproteobacteria,Pseudomonadota,gyrA,1,0,0
Microaceticoccus,Peptoniphilaceae,Tissierellales,Clostridia,Bacillota,gyrA,1,0,0
Microaerobacter,DSM-22679,DSM-22679,Bacilli,Bacillota,gyrA,1,1,1
Microbacter,Paludibacteraceae,Bacteroidales,Bacteroidia,Bacteroidota,gyrA,1,0,0
Microbacterium,Microbacteriaceae,Actinomycetales,Actinomycetes,Actinomycetota,gyrA,185,40,0.21621621621621623
Microbaculum,Tepidamorphaceae,Rhizobiales,Alphaproteobacteria,Pseudomonadota,gyrA,3,0,0
Microbispora,Streptosporangiaceae,Streptosporangiales,Actinomycetes,Actinomycetota,gyrA,12,2,0.16666666666666666
Microbulbifer,Cellvibrionaceae,Pseudomonadales,Gammaproteobacteria,Pseudomonadota,gyrA,33,0,0
Microcella,Microbacteriaceae,Actinomycetales,Actinomycetes,Actinomycetota,gyrA,9,0,0
Micrococcoides,Micrococcaceae,Actinomycetales,Actinomycetes,Actinomycetota,gyrA,1,0,0
Micrococcus,Micrococcaceae,Actinomycetales,Actinomycetes,Actinomycetota,gyrA,12,0,0
Microcoleus,Microcoleaceae,Cyanobacteriales,Cyanobacteriia,Cyanobacteriota,gyrA,13,0,0
Microcosmobacter,Flavobacteriaceae,Flavobacteriales,Bacteroidia,Bacteroidota,gyrA,1,0,0
Microcystis,Microcystaceae,Cyanobacteriales,Cyanobacteriia,Cyanobacteriota,gyrA,6,0,0
Microlunatus,Propionibacteriaceae,Propionibacteriales,Actinomycetes,Actinomycetota,gyrA,14,0,0
Micromonospora,Micromonosporaceae,Mycobacteriales,Actinomycetes,Actinomycetota,gyrA,80,5,0.0625
Micropelagius,RS24,RS24,Alphaproteobacteria,Pseudomonadota,gyrA,1,0,0
Micropepsis,NA,NA,NA,NA,gyrA,1,0,0
Micropruina,Propionibacteriaceae,Propionibacteriales,Actinomycetes,Actinomycetota,gyrA,2,0,0
Microscilla,Microscillaceae,Cytophagales,Bacteroidia,Bacteroidota,gyrA,1,1,1
Microseira,Aerosakkonemataceae,Cyanobacteriales,Cyanobacteriia,Cyanobacteriota,gyrA,1,0,0
Microterricola,Microbacteriaceae,Actinomycetales,Actinomycetes,Actinomycetota,gyrA,3,0,0
Microtetraspora,Streptosporangiaceae,Streptosporangiales,Actinomycetes,Actinomycetota,gyrA,4,0,0
Microvirga,Beijerinckiaceae,Rhizobiales,Alphaproteobacteria,Pseudomonadota,gyrA,37,0,0
Microvirgula,Aquaspirillaceae,Burkholderiales,Gammaproteobacteria,Pseudomonadota,gyrA,2,0,0
Midichloria,Midichloriaceae,Rickettsiales,Alphaproteobacteria,Pseudomonadota,gyrA,1,1,1
Mikella,Enterobacteriaceae,Enterobacterales,Gammaproteobacteria,Pseudomonadota,gyrA,1,0,0
Millionella,NA,NA,NA,NA,gyrA,1,1,1
Millisia,Mycobacteriaceae,Mycobacteriales,Actinomycetes,Actinomycetota,gyrA,1,0,0
Miltoncostaea,Miltoncostaeaceae,Miltoncostaeales,Thermoleophilia,Actinomycetota,gyrA,2,0,0
Miniimonas,Beutenbergiaceae,Actinomycetales,Actinomycetes,Actinomycetota,gyrA,1,0,0
Miniphocaeibacter,Peptoniphilaceae,Tissierellales,Clostridia,Bacillota,gyrA,2,0,0
Minisyncoccus,Minisyncoccaceae,Minisyncoccales,Minisyncoccia,Patescibacteriota,gyrA,1,0,0
Minwuia,Minwuiaceae,Minwuiales,Alphaproteobacteria,Pseudomonadota,gyrA,1,0,0
Mitsuokella,Selenomonadaceae,Selenomonadales,Negativicutes,Bacillota,gyrA,2,0,0
Mixta,Enterobacteriaceae,Enterobacterales,Gammaproteobacteria,Pseudomonadota,gyrA,7,0,0
Mizugakiibacter,Rhodanobacteraceae,Xanthomonadales,Gammaproteobacteria,Pseudomonadota,gyrA,1,1,1
Mobilibacterium,NA,NA,NA,NA,gyrA,1,0,0
Mobilicoccus,Dermatophilaceae,Actinomycetales,Actinomycetes,Actinomycetota,gyrA,2,0,0
Mobilisporobacter,Lachnospiraceae,Lachnospirales,Clostridia,Bacillota,gyrA,1,1,1
Mobilitalea,Lachnospiraceae,Lachnospirales,Clostridia,Bacillota,gyrA,1,0,0
Mobiluncus,Actinomycetaceae,Actinomycetales,Actinomycetes,Actinomycetota,gyrA,4,2,0.5
Modestobacter,Geodermatophilaceae,Mycobacteriales,Actinomycetes,Actinomycetota,gyrA,8,1,0.125
Modicisalibacter,Halomonadaceae,Pseudomonadales,Gammaproteobacteria,Pseudomonadota,gyrA,8,0,0
Moellerella,Enterobacteriaceae,Enterobacterales,Gammaproteobacteria,Pseudomonadota,gyrA,1,0,0
Mogibacterium,Anaerovoracaceae,Peptostreptococcales,Clostridia,Bacillota,gyrA,5,0,0
Moheibacter,Weeksellaceae,Flavobacteriales,Bacteroidia,Bacteroidota,gyrA,3,0,0
Mongoliibacter,Cyclobacteriaceae,Cytophagales,Bacteroidia,Bacteroidota,gyrA,1,0,0
Mongoliimonas,NA,NA,NA,NA,gyrA,1,0,0
Mongoliitalea,Cyclobacteriaceae,Cytophagales,Bacteroidia,Bacteroidota,gyrA,2,0,0
Monoglobus,Monoglobaceae,Monoglobales,Clostridia,Bacillota,gyrA,1,1,1
Montanilutibacter,Xanthomonadaceae,Xanthomonadales,Gammaproteobacteria,Pseudomonadota,gyrA,1,0,0
Moorella,NA,NA,NA,NA,gyrA,1,1,1
Moorena,Coleofasciculaceae,Cyanobacteriales,Cyanobacteriia,Cyanobacteriota,gyrA,2,0,0
Moranella,Enterobacteriaceae,Enterobacterales,Gammaproteobacteria,Pseudomonadota,gyrA,1,0,0
Moraxella,Moraxellaceae,Pseudomonadales,Gammaproteobacteria,Pseudomonadota,gyrA,24,4,0.16666666666666666
Mordavella,NA,NA,NA,NA,gyrA,1,1,1
Morganella,Enterobacteriaceae,Enterobacterales,Gammaproteobacteria,Pseudomonadota,gyrA,2,0,0
Moritella,Moritellaceae,Enterobacterales,Gammaproteobacteria,Pseudomonadota,gyrA,4,0,0
Morococcus,NA,NA,NA,NA,gyrA,1,0,0
Moryella,Lachnospiraceae,Lachnospirales,Clostridia,Bacillota,gyrA,1,1,1
Motilibacter,Motilibacteraceae,Motilibacterales,Actinomycetes,Actinomycetota,gyrA,3,0,0
Motilimonas,CBDFNC01,Enterobacterales,Gammaproteobacteria,Pseudomonadota,gyrA,4,0,0
Motiliproteus,Balneatricaceae,Pseudomonadales,Gammaproteobacteria,Pseudomonadota,gyrA,2,0,0
Mucilaginibacter,Sphingobacteriaceae,Sphingobacteriales,Bacteroidia,Bacteroidota,gyrA,84,31,0.36904761904761907
Mucisphaera,Phycisphaeraceae,Phycisphaerales,Phycisphaerae,Planctomycetota,gyrA,1,0,0
Mucispirillum,Mucispirillaceae,Deferribacterales,Deferribacteres,Chrysiogenota,gyrA,1,0,0
Mumia,Nocardioidaceae,Propionibacteriales,Actinomycetes,Actinomycetota,gyrA,6,0,0
Murdochiella,Peptoniphilaceae,Tissierellales,Clostridia,Bacillota,gyrA,2,0,0
Muribacter,Pasteurellaceae,Enterobacterales,Gammaproteobacteria,Pseudomonadota,gyrA,1,0,0
Muribaculum,Muribaculaceae,Bacteroidales,Bacteroidia,Bacteroidota,gyrA,3,3,1
Muricaecibacterium,NA,NA,NA,NA,gyrA,1,0,0
Muricauda,NA,NA,NA,NA,gyrA,2,0,0
Muricoccus,NA,NA,NA,NA,gyrA,7,0,0
Muricomes,Lachnospiraceae,Lachnospirales,Clostridia,Bacillota,gyrA,1,1,1
Muricoprocola,NA,NA,NA,NA,gyrA,1,1,1
Muriicola,Flavobacteriaceae,Flavobacteriales,Bacteroidia,Bacteroidota,gyrA,3,0,0
Murimonas,Lachnospiraceae,Lachnospirales,Clostridia,Bacillota,gyrA,1,1,1
Murinocardiopsis,Streptosporangiaceae,Streptosporangiales,Actinomycetes,Actinomycetota,gyrA,1,0,0
Muriventricola,NA,NA,NA,NA,gyrA,1,0,0
Musicola,Enterobacteriaceae,Enterobacterales,Gammaproteobacteria,Pseudomonadota,gyrA,2,0,0
Myceligenerans,Cellulomonadaceae,Actinomycetales,Actinomycetes,Actinomycetota,gyrA,7,0,0
Mycetocola,Microbacteriaceae,Actinomycetales,Actinomycetes,Actinomycetota,gyrA,9,0,0
Mycetohabitans,Burkholderiaceae,Burkholderiales,Gammaproteobacteria,Pseudomonadota,gyrA,2,0,0
Mycoavidus,Burkholderiaceae,Burkholderiales,Gammaproteobacteria,Pseudomonadota,gyrA,1,1,1
Mycobacterium,Mycobacteriaceae,Mycobacteriales,Actinomycetes,Actinomycetota,gyrA,71,44,0.6197183098591549
Mycobacteroides,NA,NA,NA,NA,gyrA,7,3,0.42857142857142855
Mycolicibacillus,NA,NA,NA,NA,gyrA,3,0,0
Mycolicibacter,NA,NA,NA,NA,gyrA,10,9,0.9
Mycolicibacterium,NA,NA,NA,NA,gyrA,75,28,0.37333333333333335
Mycoplana,Rhizobiaceae,Rhizobiales,Alphaproteobacteria,Pseudomonadota,gyrA,4,2,0.5
Mycoplasma,Mycoplasmataceae,Mycoplasmatales,Bacilli_A,Bacillota_I,gyrA,53,5,0.09433962264150944
Mycoplasmoides,Mycoplasmoidaceae,Mycoplasmatales,Bacilli_A,Bacillota_I,gyrA,6,0,0
Mycoplasmopsis,Metamycoplasmataceae,Mycoplasmatales,Bacilli_A,Bacillota_I,gyrA,44,3,0.06818181818181818
Mycosynbacter,Saccharimonadaceae,Saccharimonadales,Saccharimonadia,Patescibacteriota,gyrA,1,0,0
Mycovorax,NA,NA,NA,NA,gyrA,1,0,0
Myroides,NA,NA,NA,NA,gyrA,12,3,0.25
Myxacorys,Leptolyngbyaceae,Leptolyngbyales,Cyanobacteriia,Cyanobacteriota,gyrA,1,0,0
Myxococcus,Myxococcaceae,Myxococcales,Myxococcia,Myxococcota,gyrA,12,0,0
Naasia,Microbacteriaceae,Actinomycetales,Actinomycetes,Actinomycetota,gyrA,1,0,0
Nafulsella,Cyclobacteriaceae,Cytophagales,Bacteroidia,Bacteroidota,gyrA,1,0,0
Nakamurella,Nakamurellaceae,Mycobacteriales,Actinomycetes,Actinomycetota,gyrA,11,3,0.2727272727272727
Namhaeicola,Flavobacteriaceae,Flavobacteriales,Bacteroidia,Bacteroidota,gyrA,1,0,0
Nanchangia,Actinomycetaceae,Actinomycetales,Actinomycetes,Actinomycetota,gyrA,1,0,0
Nanhaiella,SM2101,Bacillales,Bacilli,Bacillota,gyrA,1,0,0
Nannocystis,Nannocystaceae,Nannocystales,Polyangia,Myxococcota_A,gyrA,5,4,0.8
Nanogingivalis,Saccharimonadaceae,Saccharimonadales,Saccharimonadia,Patescibacteriota,gyrA,1,0,0
Nanopelagicus,Nanopelagicaceae,Nanopelagicales,Actinomycetes,Actinomycetota,gyrA,3,0,0
Nanoperiomorbus,Saccharimonadaceae,Saccharimonadales,Saccharimonadia,Patescibacteriota,gyrA,1,0,0
Nanosynbacter,Saccharimonadaceae,Saccharimonadales,Saccharimonadia,Patescibacteriota,gyrA,2,0,0
Nanosyncoccus,Saccharimonadaceae,Saccharimonadales,Saccharimonadia,Patescibacteriota,gyrA,2,0,0
Nardonella,Enterobacteriaceae,Enterobacterales,Gammaproteobacteria,Pseudomonadota,gyrA,1,1,1
Nasibacterium,NA,NA,NA,NA,gyrA,1,1,1
Natranaerobius,Natranaerobiaceae,Natranaerobiales,Natranaerobiia,Bacillota,gyrA,2,2,1
Natranaerofaba,Natranaerofabaceae,Natranaerobiales,Natranaerobiia,Bacillota,gyrA,1,1,1
Natranaerovirga,DSM-24629,Lachnospirales,Clostridia,Bacillota,gyrA,2,0,0
Natribacillus,Marinococcaceae,Bacillales,Bacilli,Bacillota,gyrA,1,0,0
Natroniella,Halobacteroidaceae,Halobacteroidales,Halanaerobiia,Bacillota,gyrA,2,2,1
Natronincola,NA,NA,NA,NA,gyrA,2,0,0
Natronobacillus,Amphibacillaceae,Bacillales,Bacilli,Bacillota,gyrA,1,0,0
Natronocella,Aquisalimonadaceae,Nitrococcales,Gammaproteobacteria,Pseudomonadota,gyrA,1,0,0
Natronocytophaga,NA,NA,NA,NA,gyrA,1,0,0
Natronoflexus,Marinilabiliaceae,Bacteroidales,Bacteroidia,Bacteroidota,gyrA,1,1,1
Natronoglycomyces,Micromonosporaceae,Mycobacteriales,Actinomycetes,Actinomycetota,gyrA,1,0,0
Natronogracilivirga,Natronogracilivirgulaceae,Balneolales,Rhodothermia,Bacteroidota,gyrA,1,0,0
Natronohydrobacter,NA,NA,NA,NA,gyrA,1,0,0
Natronomicrosphaera,Phycisphaeraceae,Phycisphaerales,Phycisphaerae,Planctomycetota,gyrA,1,0,0
Natronospira,Natronospiraceae,Natronospirales,Gammaproteobacteria,Pseudomonadota,gyrA,3,0,0
Natronospirillum,Natronospirillaceae,Pseudomonadales,Gammaproteobacteria,Pseudomonadota,gyrA,1,0,0
Natronosporangium,Micromonosporaceae,Mycobacteriales,Actinomycetes,Actinomycetota,gyrA,1,0,0
Natronotalea,NA,NA,NA,NA,gyrA,1,0,0
Naumannella,Propionibacteriaceae,Propionibacteriales,Actinomycetes,Actinomycetota,gyrA,3,0,0
Nautilia,Nautiliaceae,Campylobacterales,Campylobacteria,Campylobacterota,gyrA,3,0,0
Necropsobacter,Pasteurellaceae,Enterobacterales,Gammaproteobacteria,Pseudomonadota,gyrA,2,0,0
Neffella,NA,NA,NA,NA,gyrA,1,0,0
Negadavirga,Cyclobacteriaceae,Cytophagales,Bacteroidia,Bacteroidota,gyrA,1,0,0
Negativibacillus,Ruminococcaceae,Oscillospirales,Clostridia,Bacillota,gyrA,1,1,1
Negativicoccus,Negativicoccaceae,Veillonellales,Negativicutes,Bacillota,gyrA,1,0,0
Neglectibacter,NA,NA,NA,NA,gyrA,2,1,0.5
Neiella,Neiellaceae,Enterobacterales,Gammaproteobacteria,Pseudomonadota,gyrA,3,0,0
Neisseria,Neisseriaceae,Burkholderiales,Gammaproteobacteria,Pseudomonadota,gyrA,41,8,0.1951219512195122
Nemorincola,Chitinophagaceae,Chitinophagales,Bacteroidia,Bacteroidota,gyrA,1,0,0
Neoactinobaculum,Actinomycetaceae,Actinomycetales,Actinomycetes,Actinomycetota,gyrA,1,1,1
Neoakkermansia,NA,NA,NA,NA,gyrA,1,1,1
Neoalteromonas,NA,NA,NA,NA,gyrA,3,0,0
Neoaquamicrobium,NA,NA,NA,NA,gyrA,2,2,1
Neoasaia,Acetobacteraceae,Acetobacterales,Alphaproteobacteria,Pseudomonadota,gyrA,1,0,0
Neobacillus,Cytobacillaceae,Bacillales,Bacilli,Bacillota,gyrA,33,3,0.09090909090909091
Neoehrlichia,Anaplasmataceae,Rickettsiales,Alphaproteobacteria,Pseudomonadota,gyrA,2,2,1
Neofamilia,Peptoniphilaceae,Tissierellales,Clostridia,Bacillota,gyrA,1,0,0
Neogemmobacter,Rhodobacteraceae,Rhodobacterales,Alphaproteobacteria,Pseudomonadota,gyrA,1,0,0
Neohoeflea,NA,NA,NA,NA,gyrA,1,0,0
Neokomagataea,NA,NA,NA,NA,gyrA,3,0,0
Neolewinella,Saprospiraceae,Chitinophagales,Bacteroidia,Bacteroidota,gyrA,10,0,0
Neoluteolibacter,NA,NA,NA,NA,gyrA,6,0,0
Neomegalonema,Rhodobacteraceae,Rhodobacterales,Alphaproteobacteria,Pseudomonadota,gyrA,1,1,1
Neomesorhizobium,Rhizobiaceae,Rhizobiales,Alphaproteobacteria,Pseudomonadota,gyrA,1,1,1
Neomicrococcus,Micrococcaceae,Actinomycetales,Actinomycetes,Actinomycetota,gyrA,2,0,0
Neomicrothrix,NA,NA,NA,NA,gyrA,1,0,0
Neomoorella,Neomoorellaceae,Neomoorellales,DSM-521,Bacillota,gyrA,7,7,1
Neopararhizobium,NA,NA,NA,NA,gyrA,1,0,0
Neopoerus,NA,NA,NA,NA,gyrA,1,1,1
Neopusillimonas,Burkholderiaceae_B,Burkholderiales,Gammaproteobacteria,Pseudomonadota,gyrA,3,0,0
Neorhizobium,Rhizobiaceae,Rhizobiales,Alphaproteobacteria,Pseudomonadota,gyrA,13,12,0.9230769230769231
Neorhodopirellula,NA,NA,NA,NA,gyrA,2,0,0
Neorickettsia,Anaplasmataceae,Rickettsiales,Alphaproteobacteria,Pseudomonadota,gyrA,3,0,0
Neoroseomonas,Acetobacteraceae,Acetobacterales,Alphaproteobacteria,Pseudomonadota,gyrA,8,6,0.75
Neotabrizicola,Rhodobacteraceae,Rhodobacterales,Alphaproteobacteria,Pseudomonadota,gyrA,1,0,0
Neotamlana,Flavobacteriaceae,Flavobacteriales,Bacteroidia,Bacteroidota,gyrA,4,0,0
Neoundibacterium,NA,NA,NA,NA,gyrA,1,1,1
Neptunicella,Alteromonadaceae,Enterobacterales,Gammaproteobacteria,Pseudomonadota,gyrA,2,0,0
Neptunichlamydia,Simkaniaceae,Chlamydiales,Chlamydiia,Chlamydiota,gyrA,1,0,0
Neptunicoccus,NA,NA,NA,NA,gyrA,2,0,0
Neptuniibacter,Balneatricaceae,Pseudomonadales,Gammaproteobacteria,Pseudomonadota,gyrA,4,0,0
Neptunitalea,Flavobacteriaceae,Flavobacteriales,Bacteroidia,Bacteroidota,gyrA,2,0,0
Neptunomonas,Balneatricaceae,Pseudomonadales,Gammaproteobacteria,Pseudomonadota,gyrA,6,0,0
Nereida,Rhodobacteraceae,Rhodobacterales,Alphaproteobacteria,Pseudomonadota,gyrA,1,0,0
Nesciobacter,1604HC,CAJXXZ01,Alphaproteobacteria,Pseudomonadota,gyrA,1,1,1
Nesiotobacter,NA,NA,NA,NA,gyrA,1,0,0
Nesterenkonia,Micrococcaceae,Actinomycetales,Actinomycetes,Actinomycetota,gyrA,27,0,0
Nevskia,Nevskiaceae,Nevskiales,Gammaproteobacteria,Pseudomonadota,gyrA,2,0,0
Nguyenibacter,NA,NA,NA,NA,gyrA,1,0,0
Niabella,Chitinophagaceae,Chitinophagales,Bacteroidia,Bacteroidota,gyrA,12,0,0
Niallia,Cytobacillaceae,Bacillales,Bacilli,Bacillota,gyrA,10,0,0
Niameybacter,NA,NA,NA,NA,gyrA,1,0,0
Niastella,Chitinophagaceae,Chitinophagales,Bacteroidia,Bacteroidota,gyrA,6,0,0
Nibrella,Spirosomataceae,Cytophagales,Bacteroidia,Bacteroidota,gyrA,2,1,0.5
Nibribacter,Hymenobacteraceae,Cytophagales,Bacteroidia,Bacteroidota,gyrA,2,0,0
Nibricoccus,Opitutaceae,Opitutales,Verrucomicrobiia,Verrucomicrobiota,gyrA,1,0,0
Nicoletella,Pasteurellaceae,Enterobacterales,Gammaproteobacteria,Pseudomonadota,gyrA,1,0,0
Nicoliella,Lactobacillaceae,Lactobacillales,Bacilli,Bacillota,gyrA,2,2,1
Nigerium,NA,NA,NA,NA,gyrA,1,0,0
Ningiella,NA,NA,NA,NA,gyrA,2,0,0
Nioella,Rhodobacteraceae,Rhodobacterales,Alphaproteobacteria,Pseudomonadota,gyrA,5,0,0
Nisaea,Thalassobaculaceae,Thalassobaculales,Alphaproteobacteria,Pseudomonadota,gyrA,4,0,0
Nissabacter,NA,NA,NA,NA,gyrA,1,0,0
Nitratidesulfovibrio,Desulfovibrionaceae,Desulfovibrionales,Desulfovibrionia,Desulfobacterota,gyrA,4,0,0
Nitratifractor,Sulfurovaceae,Campylobacterales,Campylobacteria,Campylobacterota,gyrA,1,0,0
Nitratireductor,Rhizobiaceae,Rhizobiales,Alphaproteobacteria,Pseudomonadota,gyrA,15,15,1
Nitratiruptor,Nitratiruptoraceae,Campylobacterales,Campylobacteria,Campylobacterota,gyrA,1,0,0
Nitriliruptor,Nitriliruptoraceae,Nitriliruptorales,Nitriliruptoria,Actinomycetota,gyrA,1,0,0
Nitrincola,Balneatricaceae,Pseudomonadales,Gammaproteobacteria,Pseudomonadota,gyrA,9,0,0
Nitritalea,Cyclobacteriaceae,Cytophagales,Bacteroidia,Bacteroidota,gyrA,1,0,0
Nitrobacter,Xanthobacteraceae,Rhizobiales,Alphaproteobacteria,Pseudomonadota,gyrA,4,0,0
Nitrococcus,Nitrococcaceae,Nitrococcales,Gammaproteobacteria,Pseudomonadota,gyrA,1,1,1
Nitrogeniibacter,Rhodocyclaceae,Burkholderiales,Gammaproteobacteria,Pseudomonadota,gyrA,2,0,0
Nitrolancea,Thermomicrobiaceae,Thermomicrobiales,Chloroflexia,Chloroflexota,gyrA,1,0,0
Nitronereus,UBA8639,Nitrospirales,Nitrospiria,Nitrospirota,gyrA,1,0,0
Nitrosacidicoccus,NA,NA,NA,NA,gyrA,2,0,0
Nitrosococcus,Nitrosococcaceae,Nitrosococcales,Gammaproteobacteria,Pseudomonadota,gyrA,4,4,1
Nitrosoglobus,Nitrosococcaceae,Nitrosococcales,Gammaproteobacteria,Pseudomonadota,gyrA,1,0,0
Nitrosomonas,Nitrosomonadaceae,Burkholderiales,Gammaproteobacteria,Pseudomonadota,gyrA,14,0,0
Nitrosophilus,Nitratiruptoraceae,Campylobacterales,Campylobacteria,Campylobacterota,gyrA,3,0,0
Nitrosospira,Nitrosomonadaceae,Burkholderiales,Gammaproteobacteria,Pseudomonadota,gyrA,3,0,0
Nitrosovibrio,NA,NA,NA,NA,gyrA,1,0,0
Nitrospina,Nitrospinaceae,Nitrospinales,Nitrospinia,Nitrospinota,gyrA,2,0,0
Nitrospira,NA,NA,NA,NA,gyrA,15,2,0.13333333333333333
Nitrospirillum,Azospirillaceae,Azospirillales,Alphaproteobacteria,Pseudomonadota,gyrA,9,0,0
Nitrotoga,Gallionellaceae,Burkholderiales,Gammaproteobacteria,Pseudomonadota,gyrA,2,0,0
Niveibacterium,Rhodocyclaceae,Burkholderiales,Gammaproteobacteria,Pseudomonadota,gyrA,3,0,0
Niveispirillum,Azospirillaceae,Azospirillales,Alphaproteobacteria,Pseudomonadota,gyrA,4,0,0
Njordella,NA,NA,NA,NA,gyrA,2,2,1
Nocardia,Mycobacteriaceae,Mycobacteriales,Actinomycetes,Actinomycetota,gyrA,126,53,0.42063492063492064
Nocardioides,Nocardioidaceae,Propionibacteriales,Actinomycetes,Actinomycetota,gyrA,174,1,0.005747126436781609
Nocardiopsis,Streptosporangiaceae,Streptosporangiales,Actinomycetes,Actinomycetota,gyrA,52,3,0.057692307692307696
Nodosilinea,Phormidesmidaceae,Phormidesmidales,Cyanobacteriia,Cyanobacteriota,gyrA,1,0,0
Nodularia,Nostocaceae,Cyanobacteriales,Cyanobacteriia,Cyanobacteriota,gyrA,4,0,0
Nonlabens,Flavobacteriaceae,Flavobacteriales,Bacteroidia,Bacteroidota,gyrA,11,0,0
Nonomuraea,Streptosporangiaceae,Streptosporangiales,Actinomycetes,Actinomycetota,gyrA,64,1,0.015625
Nosocomiicoccus,Salinicoccaceae,Staphylococcales,Bacilli,Bacillota,gyrA,2,0,0
Nostoc,Nostocaceae,Cyanobacteriales,Cyanobacteriia,Cyanobacteriota,gyrA,14,0,0
Nostocoides,Dermatophilaceae,Actinomycetales,Actinomycetes,Actinomycetota,gyrA,5,0,0
Notoacmeibacter,Rhizobiaceae,Rhizobiales,Alphaproteobacteria,Pseudomonadota,gyrA,2,0,0
Novacetimonas,Acetobacteraceae,Acetobacterales,Alphaproteobacteria,Pseudomonadota,gyrA,4,0,0
Novibacillus,Novibacillaceae,Thermoactinomycetales,Bacilli,Bacillota,gyrA,1,1,1
Noviherbaspirillum,Burkholderiaceae_D,Burkholderiales,Gammaproteobacteria,Pseudomonadota,gyrA,16,5,0.3125
Noviluteimonas,Xanthomonadaceae,Xanthomonadales,Gammaproteobacteria,Pseudomonadota,gyrA,4,0,0
Novilysobacter,Xanthomonadaceae,Xanthomonadales,Gammaproteobacteria,Pseudomonadota,gyrA,12,0,0
Novimethylophilus,Methylophilaceae,Burkholderiales,Gammaproteobacteria,Pseudomonadota,gyrA,1,0,0
Novipirellula,Pirellulaceae,Pirellulales,Planctomycetia,Planctomycetota,gyrA,7,0,0
Novispirillum,Rhodospirillaceae,Rhodospirillales,Alphaproteobacteria,Pseudomonadota,gyrA,1,0,0
Novisyntrophococcus,Lachnospiraceae,Lachnospirales,Clostridia,Bacillota,gyrA,1,1,1
Novosphingobium,Sphingomonadaceae,Sphingomonadales,Alphaproteobacteria,Pseudomonadota,gyrA,69,24,0.34782608695652173
Novosphingopyxis,Sphingomonadaceae,Sphingomonadales,Alphaproteobacteria,Pseudomonadota,gyrA,2,0,0
Nucisporomicrobium,NA,NA,NA,NA,gyrA,1,0,0
Nucleicultrix,Nucleicultricaceae,Caedimonadales,Alphaproteobacteria,Pseudomonadota,gyrA,1,1,1
Numidum,Novibacillaceae,Thermoactinomycetales,Bacilli,Bacillota,gyrA,1,1,1
Obesumbacterium,NA,NA,NA,NA,gyrA,1,0,0
Occallatibacter,NA,NA,NA,NA,gyrA,4,0,0
Occultella,Beutenbergiaceae,Actinomycetales,Actinomycetes,Actinomycetota,gyrA,4,0,0
Oceanibacterium,Sneathiellaceae,Sneathiellales,Alphaproteobacteria,Pseudomonadota,gyrA,1,0,0
Oceanibaculum,Oceanibaculaceae,Oceanibaculales,Alphaproteobacteria,Pseudomonadota,gyrA,3,0,0
Oceanibium,NA,NA,NA,NA,gyrA,1,0,0
Oceanicaulis,Maricaulaceae,Caulobacterales,Alphaproteobacteria,Pseudomonadota,gyrA,1,0,0
Oceanicella,Rhodobacteraceae,Rhodobacterales,Alphaproteobacteria,Pseudomonadota,gyrA,1,0,0
Oceanicoccus,Dasaniaceae,Pseudomonadales,Gammaproteobacteria,Pseudomonadota,gyrA,1,0,0
Oceanicola,Rhodobacteraceae,Rhodobacterales,Alphaproteobacteria,Pseudomonadota,gyrA,1,0,0
Oceanidesulfovibrio,Desulfovibrionaceae,Desulfovibrionales,Desulfovibrionia,Desulfobacterota,gyrA,2,0,0
Oceaniferula,Akkermansiaceae,Verrucomicrobiales,Verrucomicrobiia,Verrucomicrobiota,gyrA,3,0,0
Oceaniglobus,Rhodobacteraceae,Rhodobacterales,Alphaproteobacteria,Pseudomonadota,gyrA,4,0,0
Oceanihabitans,Flavobacteriaceae,Flavobacteriales,Bacteroidia,Bacteroidota,gyrA,1,1,1
Oceanimonas,Aeromonadaceae,Enterobacterales,Gammaproteobacteria,Pseudomonadota,gyrA,6,0,0
Oceaniovalibus,NA,NA,NA,NA,gyrA,1,0,0
Oceanipulchritudo,Oceanipulchritudinaceae,Opitutales,Verrucomicrobiia,Verrucomicrobiota,gyrA,1,1,1
Oceaniradius,NA,NA,NA,NA,gyrA,1,0,0
Oceanirhabdus,Clostridiaceae,Clostridiales,Clostridia,Bacillota,gyrA,1,0,0
Oceanisphaera,NA,NA,NA,NA,gyrA,10,0,0
Oceanispirochaeta,DSM-2461,DSM-2461,Spirochaetia,Spirochaetota,gyrA,1,0,0
Oceanitalea,Actinomycetaceae,Actinomycetales,Actinomycetes,Actinomycetota,gyrA,1,0,0
Oceanithermus,Marinithermaceae,Deinococcales,Deinococci,Deinococcota,gyrA,2,0,0
Oceanivirga,Leptotrichiaceae,Fusobacteriales,Fusobacteriia,Fusobacteriota,gyrA,2,2,1
Oceanobacillus,Amphibacillaceae,Bacillales,Bacilli,Bacillota,gyrA,35,0,0
Oceanobacter,Oceanobacteraceae,Pseudomonadales,Gammaproteobacteria,Pseudomonadota,gyrA,3,0,0
Oceanococcus,Oceanococcaceae,Nevskiales,Gammaproteobacteria,Pseudomonadota,gyrA,1,0,0
Oceanomicrobium,Rhodobacteraceae,Rhodobacterales,Alphaproteobacteria,Pseudomonadota,gyrA,1,0,0
Oceanospirillum,Halomonadaceae,Pseudomonadales,Gammaproteobacteria,Pseudomonadota,gyrA,6,0,0
Oceanotoga,Petrotogaceae,Petrotogales,Thermotogae,Thermotogota,gyrA,1,0,0
Ochrobactrum,NA,NA,NA,NA,gyrA,5,5,1
Ochrovirga,Flavobacteriaceae,Flavobacteriales,Bacteroidia,Bacteroidota,gyrA,1,0,0
Octadecabacter,Rhodobacteraceae,Rhodobacterales,Alphaproteobacteria,Pseudomonadota,gyrA,6,0,0
Odoribacter,Marinifilaceae,Bacteroidales,Bacteroidia,Bacteroidota,gyrA,3,0,0
Odyssella,NA,NA,NA,NA,gyrA,2,2,1
Oecophyllibacter,Acetobacteraceae,Acetobacterales,Alphaproteobacteria,Pseudomonadota,gyrA,1,0,0
Oenococcus,Lactobacillaceae,Lactobacillales,Bacilli,Bacillota,gyrA,3,0,0
Oerskovia,Cellulomonadaceae,Actinomycetales,Actinomycetes,Actinomycetota,gyrA,9,0,0
Oharaeibacter,Pleomorphomonadaceae,Rhizobiales,Alphaproteobacteria,Pseudomonadota,gyrA,1,0,0
Ohessyouella,NA,NA,NA,NA,gyrA,1,1,1
Ohtaekwangia,Cyclobacteriaceae,Cytophagales,Bacteroidia,Bacteroidota,gyrA,2,2,1
Oikeobacillus,DSM-23947,Bacillales,Bacilli,Bacillota,gyrA,1,0,0
Okeania,Microcoleaceae,Cyanobacteriales,Cyanobacteriia,Cyanobacteriota,gyrA,1,0,0
Okeanomitos,Nostocaceae,Cyanobacteriales,Cyanobacteriia,Cyanobacteriota,gyrA,1,0,0
Okibacterium,Microbacteriaceae,Actinomycetales,Actinomycetes,Actinomycetota,gyrA,2,0,0
Olavius,NA,NA,NA,NA,gyrA,1,0,0
Olegusella,Atopobiaceae,Coriobacteriales,Coriobacteriia,Actinomycetota,gyrA,1,1,1
Oleiagrimonas,Rhodanobacteraceae,Xanthomonadales,Gammaproteobacteria,Pseudomonadota,gyrA,2,0,0
Oleidesulfovibrio,Desulfovibrionaceae,Desulfovibrionales,Desulfovibrionia,Desulfobacterota,gyrA,2,1,0.5
Oleiharenicola,NA,NA,NA,NA,gyrA,1,0,0
Oleiphilus,Oleiphilaceae,Pseudomonadales,Gammaproteobacteria,Pseudomonadota,gyrA,1,0,0
Oleisolibacter,NA,NA,NA,NA,gyrA,1,0,0
Oleispirillum,Rhodospirillaceae,Rhodospirillales,Alphaproteobacteria,Pseudomonadota,gyrA,1,0,0
Oleomonas,NA,NA,NA,NA,gyrA,1,0,0
Oligella,Burkholderiaceae_B,Burkholderiales,Gammaproteobacteria,Pseudomonadota,gyrA,2,0,0
Oligoflexus,Oligoflexaceae,Oligoflexales,Oligoflexia,Bdellovibrionota_B,gyrA,1,0,0
Oliverpabstia,Lachnospiraceae,Lachnospirales,Clostridia,Bacillota,gyrA,1,1,1
Olivibacter,Sphingobacteriaceae,Sphingobacteriales,Bacteroidia,Bacteroidota,gyrA,5,0,0
Olleya,Flavobacteriaceae,Flavobacteriales,Bacteroidia,Bacteroidota,gyrA,4,0,0
Ollibium,NA,NA,NA,NA,gyrA,1,1,1
Olsenella,Atopobiaceae,Coriobacteriales,Coriobacteriia,Actinomycetota,gyrA,9,1,0.1111111111111111
Onishia,Halomonadaceae,Pseudomonadales,Gammaproteobacteria,Pseudomonadota,gyrA,2,0,0
Opacimonas,Alteromonadaceae,Enterobacterales,Gammaproteobacteria,Pseudomonadota,gyrA,2,0,0
Opitutus,Opitutaceae,Opitutales,Verrucomicrobiia,Verrucomicrobiota,gyrA,1,0,0
Orbus,Orbaceae,Enterobacterales,Gammaproteobacteria,Pseudomonadota,gyrA,5,0,0
Orenia,Halobacteroidaceae,Halobacteroidales,Halanaerobiia,Bacillota,gyrA,2,2,1
Oribacterium,Lachnospiraceae,Lachnospirales,Clostridia,Bacillota,gyrA,3,3,1
Oricola,Rhizobiaceae,Rhizobiales,Alphaproteobacteria,Pseudomonadota,gyrA,4,3,0.75
Orientia,Rickettsiaceae,Rickettsiales,Alphaproteobacteria,Pseudomonadota,gyrA,2,2,1
Orlajensenia,Microbacteriaceae,Actinomycetales,Actinomycetes,Actinomycetota,gyrA,2,0,0
Ornatilinea,Anaerolineaceae,Anaerolineales,Anaerolineae,Chloroflexota,gyrA,1,0,0
Ornithinibacillus,Amphibacillaceae,Bacillales,Bacilli,Bacillota,gyrA,15,1,0.06666666666666667
Ornithinibacter,NA,NA,NA,NA,gyrA,1,1,1
Ornithinicoccus,Dermatophilaceae,Actinomycetales,Actinomycetes,Actinomycetota,gyrA,2,0,0
Ornithinimicrobium,NA,NA,NA,NA,gyrA,18,0,0
Ornithobacterium,Weeksellaceae,Flavobacteriales,Bacteroidia,Bacteroidota,gyrA,2,0,0
Orrella,Burkholderiaceae_B,Burkholderiales,Gammaproteobacteria,Pseudomonadota,gyrA,3,0,0
Oryzibacillus,NA,NA,NA,NA,gyrA,1,0,0
Oryzibacter,NA,NA,NA,NA,gyrA,1,0,0
Oryzicola,Rhizobiaceae,Rhizobiales,Alphaproteobacteria,Pseudomonadota,gyrA,1,1,1
Oryzifoliimicrobium,NA,NA,NA,NA,gyrA,1,1,1
Oryzihumus,Dermatophilaceae,Actinomycetales,Actinomycetes,Actinomycetota,gyrA,1,0,0
Oryzisolibacter,NA,NA,NA,NA,gyrA,1,0,0
Oryzobacter,Dermatophilaceae,Actinomycetales,Actinomycetes,Actinomycetota,gyrA,3,0,0
Oryzomicrobium,Rhodocyclaceae,Burkholderiales,Gammaproteobacteria,Pseudomonadota,gyrA,1,0,0
Oryzomonas,Pseudopelobacteraceae,Geobacterales,Desulfuromonadia,Desulfobacterota,gyrA,3,0,0
Oryzophilus,NA,NA,NA,NA,gyrA,1,0,0
Oscillatoria,Oscillatoriaceae,Cyanobacteriales,Cyanobacteriia,Cyanobacteriota,gyrA,1,0,0
Oscillibacter,Oscillospiraceae,Oscillospirales,Clostridia,Bacillota,gyrA,4,3,0.75
Oscillochloris,Chloroflexaceae,Chloroflexales,Chloroflexia,Chloroflexota,gyrA,1,0,0
Ostreibacterium,Ostreibacteriaceae,Cardiobacteriales,Gammaproteobacteria,Pseudomonadota,gyrA,1,0,0
Ostreiculturibacter,Rhodobacteraceae,Rhodobacterales,Alphaproteobacteria,Pseudomonadota,gyrA,1,1,1
Otariodibacter,Pasteurellaceae,Enterobacterales,Gammaproteobacteria,Pseudomonadota,gyrA,1,0,0
Otoolea,Lachnospiraceae,Lachnospirales,Clostridia,Bacillota,gyrA,1,1,1
Ottowia,Burkholderiaceae_C,Burkholderiales,Gammaproteobacteria,Pseudomonadota,gyrA,9,1,0.1111111111111111
Ovoidimarina,Rhodobacteraceae,Rhodobacterales,Alphaproteobacteria,Pseudomonadota,gyrA,1,1,1
Owariibacterium,NA,NA,NA,NA,gyrA,1,1,1
Owenweeksia,Schleiferiaceae,Flavobacteriales,Bacteroidia,Bacteroidota,gyrA,1,0,0
Oxalicibacterium,Burkholderiaceae_D,Burkholderiales,Gammaproteobacteria,Pseudomonadota,gyrA,3,1,0.3333333333333333
Oxalobacter,Burkholderiaceae_D,Burkholderiales,Gammaproteobacteria,Pseudomonadota,gyrA,5,1,0.2
Oxobacter,Oxobacteraceae,Clostridiales,Clostridia,Bacillota,gyrA,1,1,1
Oxynema,Laspinemataceae,Cyanobacteriales,Cyanobacteriia,Cyanobacteriota,gyrA,3,0,0
Pacificibacter,NA,NA,NA,NA,gyrA,2,0,0
Pacificimonas,Sphingomonadaceae,Sphingomonadales,Alphaproteobacteria,Pseudomonadota,gyrA,3,0,0
Pacificispira,Aestuariispiraceae,UBA8366,Alphaproteobacteria,Pseudomonadota,gyrA,1,0,0
Pacificitalea,Rhodobacteraceae,Rhodobacterales,Alphaproteobacteria,Pseudomonadota,gyrA,1,0,0
Pacificoceanicola,Rhodobacteraceae,Rhodobacterales,Alphaproteobacteria,Pseudomonadota,gyrA,4,0,0
Paenacidovorax,Burkholderiaceae_C,Burkholderiales,Gammaproteobacteria,Pseudomonadota,gyrA,2,0,0
Paenactinomyces,Thermoactinomycetaceae,Thermoactinomycetales,Bacilli,Bacillota,gyrA,1,0,0
Paenalcaligenes,Burkholderiaceae_B,Burkholderiales,Gammaproteobacteria,Pseudomonadota,gyrA,5,2,0.4
Paenalicyclobacillus,NA,NA,NA,NA,gyrA,10,9,0.9
Paenalkalicoccus,Salisediminibacteriaceae,Bacillales,Bacilli,Bacillota,gyrA,1,0,0
Paenarthrobacter,NA,NA,NA,NA,gyrA,7,0,0
Paenibacillus,Paenibacillaceae,Paenibacillales,Bacilli,Bacillota,gyrA,332,82,0.2469879518072289
Paeniclostridium,NA,NA,NA,NA,gyrA,1,0,0
Paeniglutamicibacter,Micrococcaceae,Actinomycetales,Actinomycetes,Actinomycetota,gyrA,9,0,0
Paenilisteria,NA,NA,NA,NA,gyrA,6,0,0
Paenimyroides,NA,NA,NA,NA,gyrA,7,2,0.2857142857142857
Paenirhizobium,NA,NA,NA,NA,gyrA,4,4,1
Paenirhodobacter,NA,NA,NA,NA,gyrA,5,5,1
Paeniroseomonas,NA,NA,NA,NA,gyrA,1,1,1
Paenisporosarcina,Planococcaceae,Bacillales_A,Bacilli,Bacillota,gyrA,5,1,0.2
Paenochrobactrum,Rhizobiaceae,Rhizobiales,Alphaproteobacteria,Pseudomonadota,gyrA,3,3,1
Pajaroellobacter,Polyangiaceae,Polyangiales,Polyangia,Myxococcota_A,gyrA,1,0,0
Palibaumannia,NA,NA,NA,NA,gyrA,1,0,0
Palleniella,NA,NA,NA,NA,gyrA,2,2,1
Palleronia,Rhodobacteraceae,Rhodobacterales,Alphaproteobacteria,Pseudomonadota,gyrA,9,0,0
Pallidibacillus,Caldibacillaceae,Bacillales,Bacilli,Bacillota,gyrA,2,0,0
Paludibacillus,NA,NA,NA,NA,gyrA,1,0,0
Paludibacter,Paludibacteraceae,Bacteroidales,Bacteroidia,Bacteroidota,gyrA,2,1,0.5
Paludibacterium,Chromobacteriaceae,Burkholderiales,Gammaproteobacteria,Pseudomonadota,gyrA,4,0,0
Paludibaculum,Bryobacteraceae,Bryobacterales,Terriglobia,Acidobacteriota,gyrA,1,0,0
Paludifilum,DSM-45169,Thermoactinomycetales,Bacilli,Bacillota,gyrA,1,1,1
Paludisphaera,Isosphaeraceae,Isosphaerales,Planctomycetia,Planctomycetota,gyrA,4,0,0
Panacagrimonas,Nevskiaceae,Nevskiales,Gammaproteobacteria,Pseudomonadota,gyrA,1,0,0
Panacibacter,Chitinophagaceae,Chitinophagales,Bacteroidia,Bacteroidota,gyrA,2,1,0.5
Pandoraea,Burkholderiaceae,Burkholderiales,Gammaproteobacteria,Pseudomonadota,gyrA,29,28,0.9655172413793104
Pannonibacter,Stappiaceae,Rhizobiales,Alphaproteobacteria,Pseudomonadota,gyrA,5,0,0
Pannus,Microcystaceae,Cyanobacteriales,Cyanobacteriia,Cyanobacteriota,gyrA,1,0,0
Pantanalinema,Leptolyngbyaceae,Leptolyngbyales,Cyanobacteriia,Cyanobacteriota,gyrA,1,0,0
Pantoea,Enterobacteriaceae,Enterobacterales,Gammaproteobacteria,Pseudomonadota,gyrA,46,1,0.021739130434782608
Papillibacter,Oscillospiraceae,Oscillospirales,Clostridia,Bacillota,gyrA,1,1,1
Parabacteroides,Tannerellaceae,Bacteroidales,Bacteroidia,Bacteroidota,gyrA,22,3,0.13636363636363635
Parablautia,NA,NA,NA,NA,gyrA,2,2,1
Paraburkholderia,Burkholderiaceae,Burkholderiales,Gammaproteobacteria,Pseudomonadota,gyrA,101,0,0
Paracaedibacter,Paracaedibacteraceae,Paracaedibacterales,Alphaproteobacteria,Pseudomonadota,gyrA,1,0,0
Paracandidimonas,Burkholderiaceae_B,Burkholderiales,Gammaproteobacteria,Pseudomonadota,gyrA,2,0,0
Paracerasibacillus,Amphibacillaceae,Bacillales,Bacilli,Bacillota,gyrA,1,0,0
Parachitinimonas,Chitinimonadaceae,Burkholderiales,Gammaproteobacteria,Pseudomonadota,gyrA,1,0,0
Parachlamydia,Parachlamydiaceae,Chlamydiales,Chlamydiia,Chlamydiota,gyrA,1,0,0
Paracholeplasma,UBA5453,Acholeplasmatales,Bacilli_A,Bacillota_I,gyrA,3,0,0
Parachryseolinea,NA,NA,NA,NA,gyrA,1,1,1
Paracidobacterium,Acidobacteriaceae,Terriglobales,Terriglobia,Acidobacteriota,gyrA,1,0,0
Paracidovorax,Burkholderiaceae_C,Burkholderiales,Gammaproteobacteria,Pseudomonadota,gyrA,8,0,0
Paraciimarium,NA,NA,NA,NA,gyrA,1,0,0
Paraclostridium,Peptostreptococcaceae,Peptostreptococcales,Clostridia,Bacillota,gyrA,6,0,0
Paracnuella,NA,NA,NA,NA,gyrA,1,0,0
Paracoccus,Rhodobacteraceae,Rhodobacterales,Alphaproteobacteria,Pseudomonadota,gyrA,96,60,0.625
Paraconexibacter,Solirubrobacteraceae,Solirubrobacterales,Thermoleophilia,Actinomycetota,gyrA,2,0,0
Paracraurococcus,Acetobacteraceae,Acetobacterales,Alphaproteobacteria,Pseudomonadota,gyrA,2,2,1
Paracrocinitomix,Crocinitomicaceae,Flavobacteriales_D,Bacteroidia,Bacteroidota,gyrA,1,0,0
Paractinoplanes,NA,NA,NA,NA,gyrA,19,0,0
Paradesertivirga,Sphingobacteriaceae,Sphingobacteriales,Bacteroidia,Bacteroidota,gyrA,1,0,0
Paradesulfitobacterium,Desulfitobacteriaceae,Desulfitobacteriales,Desulfitobacteriia,Bacillota,gyrA,2,0,0
Paradevosia,Devosiaceae,Rhizobiales,Alphaproteobacteria,Pseudomonadota,gyrA,2,1,0.5
Paraeggerthella,Eggerthellaceae,Coriobacteriales,Coriobacteriia,Actinomycetota,gyrA,2,0,0
Parafannyhessea,Atopobiaceae,Coriobacteriales,Coriobacteriia,Actinomycetota,gyrA,1,0,0
Paraferrimonas,Shewanellaceae,Enterobacterales,Gammaproteobacteria,Pseudomonadota,gyrA,2,0,0
Parafilimonas,Chitinophagaceae,Chitinophagales,Bacteroidia,Bacteroidota,gyrA,1,0,0
Paraflavisolibacter,NA,NA,NA,NA,gyrA,1,0,0
Paraflavitalea,Chitinophagaceae,Chitinophagales,Bacteroidia,Bacteroidota,gyrA,3,0,0
Parafrankia,Frankiaceae,Frankiales,Actinomycetes,Actinomycetota,gyrA,3,0,0
Parafrigoribacterium,Microbacteriaceae,Actinomycetales,Actinomycetes,Actinomycetota,gyrA,3,1,0.3333333333333333
Paragemmobacter,Rhodobacteraceae,Rhodobacterales,Alphaproteobacteria,Pseudomonadota,gyrA,5,0,0
Parageobacillus,Anoxybacillaceae,Bacillales,Bacilli,Bacillota,gyrA,5,5,1
Paraglaciecola,Alteromonadaceae,Enterobacterales,Gammaproteobacteria,Pseudomonadota,gyrA,10,0,0
Parahaliea,Halieaceae,Pseudomonadales,Gammaproteobacteria,Pseudomonadota,gyrA,3,0,0
Parahalioglobus,Halieaceae,Pseudomonadales,Gammaproteobacteria,Pseudomonadota,gyrA,1,0,0
Paraherbaspirillum,Burkholderiaceae_D,Burkholderiales,Gammaproteobacteria,Pseudomonadota,gyrA,1,1,1
Parahoeflea,NA,NA,NA,NA,gyrA,4,0,0
Parajatrophihabitans,NA,NA,NA,NA,gyrA,1,0,0
Paralabilibaculum,Marinifilaceae,Bacteroidales,Bacteroidia,Bacteroidota,gyrA,1,0,0
Paralcaligenes,Burkholderiaceae_B,Burkholderiales,Gammaproteobacteria,Pseudomonadota,gyrA,2,0,0
Paralimibaculum,NA,NA,NA,NA,gyrA,1,0,0
Paraliobacillus,Amphibacillaceae,Bacillales,Bacilli,Bacillota,gyrA,5,0,0
Paraliomyxa,Nannocystaceae,Nannocystales,Polyangia,Myxococcota_A,gyrA,1,0,0
Paralteromonas,NA,NA,NA,NA,gyrA,1,0,0
Paraluminiphilus,NA,NA,NA,NA,gyrA,1,0,0
Paralysiella,Neisseriaceae,Burkholderiales,Gammaproteobacteria,Pseudomonadota,gyrA,1,1,1
Paramagnetospirillum,NA,NA,NA,NA,gyrA,5,0,0
Paramaledivibacter,Caminicellaceae,Peptostreptococcales,Clostridia,Bacillota,gyrA,1,0,0
Paramesorhizobium,Rhizobiaceae,Rhizobiales,Alphaproteobacteria,Pseudomonadota,gyrA,4,4,1
Paramicrobacterium,Microbacteriaceae,Actinomycetales,Actinomycetes,Actinomycetota,gyrA,5,0,0
Paramixta,Enterobacteriaceae,Enterobacterales,Gammaproteobacteria,Pseudomonadota,gyrA,1,0,0
Paramuribaculum,Muribaculaceae,Bacteroidales,Bacteroidia,Bacteroidota,gyrA,1,1,1
Paramylibacter,NA,NA,NA,NA,gyrA,2,0,0
Paraneptunicella,Alteromonadaceae,Enterobacterales,Gammaproteobacteria,Pseudomonadota,gyrA,1,0,0
Paraniabella,NA,NA,NA,NA,gyrA,4,0,0
Paranoxybacillus,Anoxybacillaceae,Bacillales,Bacilli,Bacillota,gyrA,1,1,1
Paraoerskovia,Cellulomonadaceae,Actinomycetales,Actinomycetes,Actinomycetota,gyrA,2,0,0
Parapedobacter,Sphingobacteriaceae,Sphingobacteriales,Bacteroidia,Bacteroidota,gyrA,12,0,0
Parapedomonas,NA,NA,NA,NA,gyrA,1,0,0
Paraperibacillus,DSM-1321,Bacillales,Bacilli,Bacillota,gyrA,2,0,0
Paraperlucidibaca,NA,NA,NA,NA,gyrA,2,0,0
Paraphotobacterium,Vibrionaceae,Enterobacterales,Gammaproteobacteria,Pseudomonadota,gyrA,1,0,0
Paraplanobispora,NA,NA,NA,NA,gyrA,2,2,1
Parapontixanthobacter,Sphingomonadaceae,Sphingomonadales,Alphaproteobacteria,Pseudomonadota,gyrA,1,0,0
Paraprevotella,Bacteroidaceae,Bacteroidales,Bacteroidia,Bacteroidota,gyrA,2,2,1
Parapusillimonas,Burkholderiaceae_B,Burkholderiales,Gammaproteobacteria,Pseudomonadota,gyrA,1,0,0
Pararcticibacter,NA,NA,NA,NA,gyrA,1,1,1
Pararhizobium,Rhizobiaceae,Rhizobiales,Alphaproteobacteria,Pseudomonadota,gyrA,7,4,0.5714285714285714
Pararhodobacter,Rhodobacteraceae,Rhodobacterales,Alphaproteobacteria,Pseudomonadota,gyrA,4,0,0
Pararhodonellum,Cyclobacteriaceae,Cytophagales,Bacteroidia,Bacteroidota,gyrA,1,0,0
Pararhodospirillum,Rhodospirillaceae,Rhodospirillales,Alphaproteobacteria,Pseudomonadota,gyrA,2,0,0
Pararobbsia,Burkholderiaceae,Burkholderiales,Gammaproteobacteria,Pseudomonadota,gyrA,2,2,1
Pararoseomonas,NA,NA,NA,NA,gyrA,1,0,0
Parasaccharibacter,NA,NA,NA,NA,gyrA,1,0,0
Parasalinivibrio,Vibrionaceae,Enterobacterales,Gammaproteobacteria,Pseudomonadota,gyrA,1,0,0
Parascardovia,NA,NA,NA,NA,gyrA,1,1,1
Parasedimentitalea,Rhodobacteraceae,Rhodobacterales,Alphaproteobacteria,Pseudomonadota,gyrA,5,0,0
Parasediminibacterium,Chitinophagaceae,Chitinophagales,Bacteroidia,Bacteroidota,gyrA,2,2,1
Parashewanella,Shewanellaceae,Enterobacterales,Gammaproteobacteria,Pseudomonadota,gyrA,4,0,0
Parasphaerochaeta,Sphaerochaetaceae,Sphaerochaetales,Spirochaetia,Spirochaetota,gyrA,1,1,1
Parasphingomonas,NA,NA,NA,NA,gyrA,5,0,0
Parasphingopyxis,Sphingomonadaceae,Sphingomonadales,Alphaproteobacteria,Pseudomonadota,gyrA,3,0,0
Parasphingorhabdus,Sphingomonadaceae,Sphingomonadales,Alphaproteobacteria,Pseudomonadota,gyrA,6,1,0.16666666666666666
Parasporobacterium,Lachnospiraceae,Lachnospirales,Clostridia,Bacillota,gyrA,1,1,1
Parasulfitobacter,Rhodobacteraceae,Rhodobacterales,Alphaproteobacteria,Pseudomonadota,gyrA,1,0,0
Parasulfuritortus,Thiobacillaceae,Burkholderiales,Gammaproteobacteria,Pseudomonadota,gyrA,1,0,0
Parasutterella,Burkholderiaceae_F,Burkholderiales,Gammaproteobacteria,Pseudomonadota,gyrA,3,1,0.3333333333333333
Parasynechococcus,Cyanobiaceae,PCC-6307,Cyanobacteriia,Cyanobacteriota,gyrA,1,0,0
Parathalassolituus,NA,NA,NA,NA,gyrA,1,0,0
Parathermosynechococcus,NA,NA,NA,NA,gyrA,1,0,0
Paratissierella,Tissierellaceae,Tissierellales,Clostridia,Bacillota,gyrA,1,0,0
Paratractidigestivibacter,Atopobiaceae,Coriobacteriales,Coriobacteriia,Actinomycetota,gyrA,1,1,1
Paraurantiacibacter,Sphingomonadaceae,Sphingomonadales,Alphaproteobacteria,Pseudomonadota,gyrA,1,0,0
Parazoarcus,Rhodocyclaceae,Burkholderiales,Gammaproteobacteria,Pseudomonadota,gyrA,1,0,0
Parelusimicrobium,Elusimicrobiaceae,Elusimicrobiales,Elusimicrobia,Elusimicrobiota,gyrA,1,0,0
Paremcibacter,Emcibacteraceae,Sphingomonadales,Alphaproteobacteria,Pseudomonadota,gyrA,1,0,0
Parendozoicomonas,NA,NA,NA,NA,gyrA,3,0,0
Parenemella,Propionibacteriaceae,Propionibacteriales,Actinomycetes,Actinomycetota,gyrA,1,0,0
Parerythrobacter,Sphingomonadaceae,Sphingomonadales,Alphaproteobacteria,Pseudomonadota,gyrA,5,0,0
Pareuzebyella,Flavobacteriaceae,Flavobacteriales,Bacteroidia,Bacteroidota,gyrA,1,0,0
Paroceanicella,Rhodobacteraceae,Rhodobacterales,Alphaproteobacteria,Pseudomonadota,gyrA,1,0,0
Parolsenella,Atopobiaceae,Coriobacteriales,Coriobacteriia,Actinomycetota,gyrA,1,1,1
Parundibacterium,NA,NA,NA,NA,gyrA,1,1,1
Parvibacter,Eggerthellaceae,Coriobacteriales,Coriobacteriia,Actinomycetota,gyrA,1,0,0
Parvibaculum,Parvibaculaceae,Parvibaculales,Alphaproteobacteria,Pseudomonadota,gyrA,3,0,0
Parvibium,Burkholderiaceae_D,Burkholderiales,Gammaproteobacteria,Pseudomonadota,gyrA,1,0,0
Parvicella,Parvicellaceae,Flavobacteriales_D,Bacteroidia,Bacteroidota,gyrA,1,0,0
Parvimonas,Peptoniphilaceae,Tissierellales,Clostridia,Bacillota,gyrA,4,1,0.25
Parviterribacter,NA,NA,NA,NA,gyrA,2,1,0.5
Parvivirga,Anaerosomataceae,Anaerosomatales,Coriobacteriia,Actinomycetota,gyrA,1,0,0
Parvularcula,Parvularculaceae,Caulobacterales,Alphaproteobacteria,Pseudomonadota,gyrA,7,0,0
Pasteurella,Pasteurellaceae,Enterobacterales,Gammaproteobacteria,Pseudomonadota,gyrA,7,0,0
Pasteuria,Thermoactinomycetaceae,Thermoactinomycetales,Bacilli,Bacillota,gyrA,2,1,0.5
Patiriisocius,Flavobacteriaceae,Flavobacteriales,Bacteroidia,Bacteroidota,gyrA,3,0,0
Patulibacter,Solirubrobacteraceae,Solirubrobacterales,Thermoleophilia,Actinomycetota,gyrA,6,4,0.6666666666666666
Paucibacter,Burkholderiaceae_C,Burkholderiales,Gammaproteobacteria,Pseudomonadota,gyrA,3,0,0
Paucidesulfovibrio,Desulfovibrionaceae,Desulfovibrionales,Desulfovibrionia,Desulfobacterota,gyrA,2,0,0
Paucihalobacter,Flavobacteriaceae,Flavobacteriales,Bacteroidia,Bacteroidota,gyrA,1,0,0
Paucilactobacillus,Lactobacillaceae,Lactobacillales,Bacilli,Bacillota,gyrA,8,0,0
Paucimonas,Burkholderiaceae_D,Burkholderiales,Gammaproteobacteria,Pseudomonadota,gyrA,1,0,0
Paucisalibacillus,NA,NA,NA,NA,gyrA,2,0,0
Pauljensenia,Actinomycetaceae,Actinomycetales,Actinomycetes,Actinomycetota,gyrA,1,1,1
Pectinatus,Selenomonadaceae,Selenomonadales,Negativicutes,Bacillota,gyrA,5,0,0
Pectobacterium,Enterobacteriaceae,Enterobacterales,Gammaproteobacteria,Pseudomonadota,gyrA,26,1,0.038461538461538464
Pediococcus,Lactobacillaceae,Lactobacillales,Bacilli,Bacillota,gyrA,11,0,0
Pedobacter,Sphingobacteriaceae,Sphingobacteriales,Bacteroidia,Bacteroidota,gyrA,94,57,0.6063829787234043
Pedococcus,Dermatophilaceae,Actinomycetales,Actinomycetes,Actinomycetota,gyrA,7,1,0.14285714285714285
Pedomonas,Sphingomonadaceae,Sphingomonadales,Alphaproteobacteria,Pseudomonadota,gyrA,1,1,1
Pedosphaera,Pedosphaeraceae,Limisphaerales,Verrucomicrobiia,Verrucomicrobiota,gyrA,1,1,1
Peiella,NA,NA,NA,NA,gyrA,1,0,0
Peijinzhouia,NA,NA,NA,NA,gyrA,1,0,0
Pelagerythrobacter,Sphingomonadaceae,Sphingomonadales,Alphaproteobacteria,Pseudomonadota,gyrA,4,2,0.5
Pelagibacter,Pelagibacteraceae,Pelagibacterales,Alphaproteobacteria,Pseudomonadota,gyrA,2,0,0
Pelagibacterium,Devosiaceae,Rhizobiales,Alphaproteobacteria,Pseudomonadota,gyrA,11,3,0.2727272727272727
Pelagibaculum,Pelagibaculaceae,Enterobacterales,Gammaproteobacteria,Pseudomonadota,gyrA,1,0,0
Pelagibius,Kiloniellaceae,Kiloniellales,Alphaproteobacteria,Pseudomonadota,gyrA,2,0,0
Pelagicoccus,Opitutaceae,Opitutales,Verrucomicrobiia,Verrucomicrobiota,gyrA,3,0,0
Pelagihabitans,Flavobacteriaceae,Flavobacteriales,Bacteroidia,Bacteroidota,gyrA,1,0,0
Pelagimonas,Rhodobacteraceae,Rhodobacterales,Alphaproteobacteria,Pseudomonadota,gyrA,2,0,0
Pelagirhabdus,Amphibacillaceae,Bacillales,Bacilli,Bacillota,gyrA,1,0,0
Pelagisphaera,Opitutaceae,Opitutales,Verrucomicrobiia,Verrucomicrobiota,gyrA,1,0,0
Pelagivirga,NA,NA,NA,NA,gyrA,1,0,0
Pelagovum,NA,NA,NA,NA,gyrA,1,0,0
Pelistega,NA,NA,NA,NA,gyrA,4,0,0
Pelobacter,NA,NA,NA,NA,gyrA,2,0,0
Pelobium,NA,NA,NA,NA,gyrA,1,1,1
Pelodictyon,NA,NA,NA,NA,gyrA,2,0,0
Pelolinea,Anaerolineaceae,Anaerolineales,Anaerolineae,Chloroflexota,gyrA,1,1,1
Pelomicrobium,UBA6910,Burkholderiales,Gammaproteobacteria,Pseudomonadota,gyrA,1,1,1
Pelomonas,Burkholderiaceae_C,Burkholderiales,Gammaproteobacteria,Pseudomonadota,gyrA,10,0,0
Peloplasma,Acholeplasmataceae,Acholeplasmatales,Bacilli_A,Bacillota_I,gyrA,1,0,0
Pelorhabdus,UMGS1260,UMGS1260,Negativicutes,Bacillota,gyrA,1,0,0
Pelosinus,DSM-13327,DSM-13327,Negativicutes,Bacillota,gyrA,3,0,0
Pelotalea,Pseudopelobacteraceae,Geobacterales,Desulfuromonadia,Desulfobacterota,gyrA,1,0,0
Pelotomaculum,Pelotomaculaceae,Desulfotomaculales,Desulfotomaculia,Bacillota,gyrA,4,4,1
Pelovirga,Geopsychrobacteraceae,Desulfuromonadales,Desulfuromonadia,Desulfobacterota,gyrA,1,0,0
Penaeicola,Cyclobacteriaceae,Cytophagales,Bacteroidia,Bacteroidota,gyrA,1,0,0
Pendulispora,Polyangiaceae,Polyangiales,Polyangia,Myxococcota_A,gyrA,3,2,0.6666666666666666
Pengzhenrongella,Cellulomonadaceae,Actinomycetales,Actinomycetes,Actinomycetota,gyrA,3,0,0
Peptacetobacter,Peptostreptococcaceae,Peptostreptococcales,Clostridia,Bacillota,gyrA,2,0,0
Peptidiphaga,Actinomycetaceae,Actinomycetales,Actinomycetes,Actinomycetota,gyrA,1,1,1
Peptoanaerobacter,Filifactoraceae,Peptostreptococcales,Clostridia,Bacillota,gyrA,1,0,0
Peptoclostridium,Peptostreptococcaceae,Peptostreptococcales,Clostridia,Bacillota,gyrA,2,2,1
Peptococcus,Peptococcaceae,Peptococcales,Peptococcia,Bacillota,gyrA,2,0,0
Peptoniphilus,Peptoniphilaceae,Tissierellales,Clostridia,Bacillota,gyrA,27,1,0.037037037037037035
Peptostreptococcus,Peptostreptococcaceae,Peptostreptococcales,Clostridia,Bacillota,gyrA,7,0,0
Peredibacter,Bacteriovoracaceae,Bacteriovoracales,Bacteriovoracia,Bdellovibrionota,gyrA,1,1,1
Peribacillus,DSM-1321,Bacillales,Bacilli,Bacillota,gyrA,22,2,0.09090909090909091
Peristeroidobacter,NA,NA,NA,NA,gyrA,2,0,0
Periweissella,Lactobacillaceae,Lactobacillales,Bacilli,Bacillota,gyrA,5,0,0
Perlabentimonas,Tenuifilaceae,Bacteroidales,Bacteroidia,Bacteroidota,gyrA,1,0,0
Perlucidibaca,Moraxellaceae,Pseudomonadales,Gammaproteobacteria,Pseudomonadota,gyrA,2,0,0
Permianibacter,Permianibacteraceae,Enterobacterales,Gammaproteobacteria,Pseudomonadota,gyrA,2,0,0
Persicimonas,Bradymonadaceae,Bradymonadales,Bradymonadia,Myxococcota_A,gyrA,1,0,0
Persicirhabdus,Akkermansiaceae,Verrucomicrobiales,Verrucomicrobiia,Verrucomicrobiota,gyrA,1,0,0
Persicitalea,Spirosomataceae,Cytophagales,Bacteroidia,Bacteroidota,gyrA,1,0,0
Persicobacter,Cyclobacteriaceae,Cytophagales,Bacteroidia,Bacteroidota,gyrA,2,0,0
Perspicuibacillus,Caldibacillaceae,Bacillales,Bacilli,Bacillota,gyrA,1,0,0
Peterkaempfera,Streptomycetaceae,Streptomycetales,Actinomycetes,Actinomycetota,gyrA,3,2,0.6666666666666666
Peteryoungia,NA,NA,NA,NA,gyrA,7,5,0.7142857142857143
Petrachloros,Thermosynechococcaceae,Thermosynechococcales,Cyanobacteriia,Cyanobacteriota,gyrA,1,0,0
Petralouisia,Lachnospiraceae,Lachnospirales,Clostridia,Bacillota,gyrA,1,1,1
Petrimonas,Dysgonomonadaceae,Bacteroidales,Bacteroidia,Bacteroidota,gyrA,2,2,1
Petrocella,Vallitaleaceae,Lachnospirales,Clostridia,Bacillota,gyrA,1,0,0
Petroclostridium,SK-Y3,SK-Y3,Clostridia,Bacillota,gyrA,1,1,1
Petropleomorpha,Geodermatophilaceae,Mycobacteriales,Actinomycetes,Actinomycetota,gyrA,1,0,0
Petrotoga,Petrotogaceae,Petrotogales,Thermotogae,Thermotogota,gyrA,6,6,1
Phaeacidiphilus,Streptomycetaceae,Streptomycetales,Actinomycetes,Actinomycetota,gyrA,1,0,0
Phaeobacter,Rhodobacteraceae,Rhodobacterales,Alphaproteobacteria,Pseudomonadota,gyrA,7,0,0
Phaeocystidibacter,Schleiferiaceae,Flavobacteriales,Bacteroidia,Bacteroidota,gyrA,2,0,0
Phaeodactylibacter,Saprospiraceae,Chitinophagales,Bacteroidia,Bacteroidota,gyrA,2,0,0
Phaeomarinibacter,NA,NA,NA,NA,gyrA,1,0,0
Phaeospirillum,Magnetospirillaceae,Rhodospirillales,Alphaproteobacteria,Pseudomonadota,gyrA,1,1,1
Phaeovibrio,Rhodospirillaceae,Rhodospirillales,Alphaproteobacteria,Pseudomonadota,gyrA,1,0,0
Phaeovulum,Rhodobacteraceae,Rhodobacterales,Alphaproteobacteria,Pseudomonadota,gyrA,3,3,1
Phascolarctobacterium,Acidaminococcaceae,Acidaminococcales,Negativicutes,Bacillota,gyrA,2,1,0.5
Phaselicystis,NA,NA,NA,NA,gyrA,1,1,1
Phenylobacterium,Caulobacteraceae,Caulobacterales,Alphaproteobacteria,Pseudomonadota,gyrA,16,13,0.8125
Philodulcilactobacillus,Lactobacillaceae,Lactobacillales,Bacilli,Bacillota,gyrA,1,0,0
Phnomibacter,Chitinophagaceae,Chitinophagales,Bacteroidia,Bacteroidota,gyrA,1,1,1
Phocaeicola,Bacteroidaceae,Bacteroidales,Bacteroidia,Bacteroidota,gyrA,18,18,1
Phocicoccus,Salinicoccaceae,Staphylococcales,Bacilli,Bacillota,gyrA,2,0,0
Phocoenobacter,Pasteurellaceae,Enterobacterales,Gammaproteobacteria,Pseudomonadota,gyrA,3,0,0
Phoenicibacter,Eggerthellaceae,Coriobacteriales,Coriobacteriia,Actinomycetota,gyrA,1,0,0
Phorcysia,Desulfurobacteriaceae,Desulfurobacteriales,Aquificia,Aquificota,gyrA,1,0,0
Phormidesmis,Phormidesmidaceae,Phormidesmidales,Cyanobacteriia,Cyanobacteriota,gyrA,1,0,0
Phormidium,NA,NA,NA,NA,gyrA,5,0,0
Phosphitispora,UBA2595,Thermincolales,Thermincolia,Bacillota,gyrA,1,0,0
Photobacterium,Vibrionaceae,Enterobacterales,Gammaproteobacteria,Pseudomonadota,gyrA,46,1,0.021739130434782608
Photodesmus,NA,NA,NA,NA,gyrA,2,0,0
Photorhabdus,Enterobacteriaceae,Enterobacterales,Gammaproteobacteria,Pseudomonadota,gyrA,26,0,0
Phototrophicus,Phototrophicaceae,Aggregatilineales,Anaerolineae,Chloroflexota,gyrA,1,0,0
Phragmitibacter,Verrucomicrobiaceae,Verrucomicrobiales,Verrucomicrobiia,Verrucomicrobiota,gyrA,1,1,1
Phreatobacter,Phreatobacteraceae,Rhizobiales,Alphaproteobacteria,Pseudomonadota,gyrA,5,1,0.2
Phycicoccus,Dermatophilaceae,Actinomycetales,Actinomycetes,Actinomycetota,gyrA,9,0,0
Phycisphaera,Phycisphaeraceae,Phycisphaerales,Phycisphaerae,Planctomycetota,gyrA,1,1,1
Phycobacter,Rhodobacteraceae,Rhodobacterales,Alphaproteobacteria,Pseudomonadota,gyrA,2,0,0
Phycobium,NA,NA,NA,NA,gyrA,1,0,0
Phycorickettsia,Rickettsiaceae,Rickettsiales,Alphaproteobacteria,Pseudomonadota,gyrA,1,0,0
Phycosocius,NA,NA,NA,NA,gyrA,2,0,0
Phyllobacterium,Rhizobiaceae,Rhizobiales,Alphaproteobacteria,Pseudomonadota,gyrA,15,14,0.9333333333333333
Phytoactinopolyspora,Jiangellaceae,Jiangellales,Actinomycetes,Actinomycetota,gyrA,4,0,0
Phytoamicus,NA,NA,NA,NA,gyrA,1,1,1
Phytobacter,Enterobacteriaceae,Enterobacterales,Gammaproteobacteria,Pseudomonadota,gyrA,4,1,0.25
Phytohabitans,Micromonosporaceae,Mycobacteriales,Actinomycetes,Actinomycetota,gyrA,6,0,0
Phytohalomonas,Halomonadaceae,Pseudomonadales,Gammaproteobacteria,Pseudomonadota,gyrA,1,0,0
Phytomonospora,Micromonosporaceae,Mycobacteriales,Actinomycetes,Actinomycetota,gyrA,1,0,0
Phytoplasma,Acholeplasmataceae,Acholeplasmatales,Bacilli_A,Bacillota_I,gyrA,27,0,0
Phytopseudomonas,NA,NA,NA,NA,gyrA,7,0,0
Piezobacter,NA,NA,NA,NA,gyrA,1,0,0
Pigmentibacter,NA,NA,NA,NA,gyrA,1,1,1
Pigmentiphaga,Burkholderiaceae_B,Burkholderiales,Gammaproteobacteria,Pseudomonadota,gyrA,6,0,0
Pikeienuella,Rhodobacteraceae,Rhodobacterales,Alphaproteobacteria,Pseudomonadota,gyrA,1,0,0
Pilibacter,Streptococcaceae,Lactobacillales,Bacilli,Bacillota,gyrA,1,0,0
Pilimelia,Micromonosporaceae,Mycobacteriales,Actinomycetes,Actinomycetota,gyrA,2,0,0
Pilosibacter,Lachnospiraceae,Lachnospirales,Clostridia,Bacillota,gyrA,2,2,1
Pimelobacter,NA,NA,NA,NA,gyrA,1,0,0
Pinibacter,Chitinophagaceae,Chitinophagales,Bacteroidia,Bacteroidota,gyrA,2,2,1
Pinirhizobacter,Rhodanobacteraceae,Xanthomonadales,Gammaproteobacteria,Pseudomonadota,gyrA,1,1,1
Pinisolibacter,Ancalomicrobiaceae,Rhizobiales,Alphaproteobacteria,Pseudomonadota,gyrA,1,0,0
Pirellulimonas,Lacipirellulaceae,Pirellulales,Planctomycetia,Planctomycetota,gyrA,1,0,0
Piscibacillus,Alkalibacillaceae,Bacillales,Bacilli,Bacillota,gyrA,2,0,0
Piscibacter,NA,NA,NA,NA,gyrA,1,1,1
Piscicoccus,NA,NA,NA,NA,gyrA,1,0,0
Pisciglobus,Carnobacteriaceae,Lactobacillales,Bacilli,Bacillota,gyrA,1,0,0
Piscinibacter,Burkholderiaceae_C,Burkholderiales,Gammaproteobacteria,Pseudomonadota,gyrA,1,1,1
Piscinibacterium,Burkholderiaceae_C,Burkholderiales,Gammaproteobacteria,Pseudomonadota,gyrA,1,0,0
Piscirickettsia,Piscirickettsiaceae,Piscirickettsiales,Gammaproteobacteria,Pseudomonadota,gyrA,1,0,0
Pistricoccus,Halomonadaceae,Pseudomonadales,Gammaproteobacteria,Pseudomonadota,gyrA,1,0,0
Planctellipticum,Planctomycetaceae,Planctomycetales,Planctomycetia,Planctomycetota,gyrA,1,0,0
Planctobacterium,Alteromonadaceae,Enterobacterales,Gammaproteobacteria,Pseudomonadota,gyrA,1,0,0
Planctomicrobium,Planctomycetaceae,Planctomycetales,Planctomycetia,Planctomycetota,gyrA,5,0,0
Planctomonas,Microbacteriaceae,Actinomycetales,Actinomycetes,Actinomycetota,gyrA,2,2,1
Planctopirus,Planctomycetaceae,Planctomycetales,Planctomycetia,Planctomycetota,gyrA,3,0,0
Planifilum,DSM-44946,Thermoactinomycetales,Bacilli,Bacillota,gyrA,2,2,1
Planktophila,Nanopelagicaceae,Nanopelagicales,Actinomycetes,Actinomycetota,gyrA,6,0,0
Planktosalinus,Flavobacteriaceae,Flavobacteriales,Bacteroidia,Bacteroidota,gyrA,1,0,0
Planktotalea,Rhodobacteraceae,Rhodobacterales,Alphaproteobacteria,Pseudomonadota,gyrA,2,0,0
Planktothricoides,Laspinemataceae,Cyanobacteriales,Cyanobacteriia,Cyanobacteriota,gyrA,1,0,0
Planktothrix,Microcoleaceae,Cyanobacteriales,Cyanobacteriia,Cyanobacteriota,gyrA,5,5,1
Planobacterium,Weeksellaceae,Flavobacteriales,Bacteroidia,Bacteroidota,gyrA,1,0,0
Planobispora,Streptosporangiaceae,Streptosporangiales,Actinomycetes,Actinomycetota,gyrA,2,2,1
Planococcus,Planococcaceae,Bacillales_A,Bacilli,Bacillota,gyrA,32,3,0.09375
Planomicrobium,NA,NA,NA,NA,gyrA,3,0,0
Planomonospora,Streptosporangiaceae,Streptosporangiales,Actinomycetes,Actinomycetota,gyrA,5,5,1
Planosporangium,Micromonosporaceae,Mycobacteriales,Actinomycetes,Actinomycetota,gyrA,4,1,0.25
Planotetraspora,Streptosporangiaceae,Streptosporangiales,Actinomycetes,Actinomycetota,gyrA,5,5,1
Plantactinospora,Micromonosporaceae,Mycobacteriales,Actinomycetes,Actinomycetota,gyrA,6,0,0
Plantibacter,Microbacteriaceae,Actinomycetales,Actinomycetes,Actinomycetota,gyrA,3,0,0
Plantimonas,Rhizobiaceae,Rhizobiales,Alphaproteobacteria,Pseudomonadota,gyrA,1,0,0
Plasticicumulans,Competibacteraceae,Competibacterales,Gammaproteobacteria,Pseudomonadota,gyrA,2,0,0
Plastorhodobacter,NA,NA,NA,NA,gyrA,1,0,0
Plastoroseomonas,Acetobacteraceae,Acetobacterales,Alphaproteobacteria,Pseudomonadota,gyrA,2,2,1
Plebeiibacterium,NA,NA,NA,NA,gyrA,2,0,0
Plectonema,NA,NA,NA,NA,gyrA,1,0,0
Pleionea,Kangiellaceae,Enterobacterales,Gammaproteobacteria,Pseudomonadota,gyrA,3,0,0
Pleomorphochaeta,Sphaerochaetaceae,Sphaerochaetales,Spirochaetia,Spirochaetota,gyrA,2,1,0.5
Pleomorphomonas,Pleomorphomonadaceae,Rhizobiales,Alphaproteobacteria,Pseudomonadota,gyrA,4,1,0.25
Pleomorphovibrio,Cyclobacteriaceae,Cytophagales,Bacteroidia,Bacteroidota,gyrA,1,0,0
Plesiocystis,Nannocystaceae,Nannocystales,Polyangia,Myxococcota_A,gyrA,1,0,0
Plesiomonas,CAMTGL01,Enterobacterales,Gammaproteobacteria,Pseudomonadota,gyrA,1,0,0
Pluralibacter,Enterobacteriaceae,Enterobacterales,Gammaproteobacteria,Pseudomonadota,gyrA,1,0,0
Pokkaliibacter,Balneatricaceae,Pseudomonadales,Gammaproteobacteria,Pseudomonadota,gyrA,1,0,0
Polaribacter,Flavobacteriaceae,Flavobacteriales,Bacteroidia,Bacteroidota,gyrA,30,1,0.03333333333333333
Polaromonas,Burkholderiaceae_C,Burkholderiales,Gammaproteobacteria,Pseudomonadota,gyrA,8,0,0
Pollutibacter,Chitinophagaceae,Chitinophagales,Bacteroidia,Bacteroidota,gyrA,1,0,0
Polluticaenibacter,NA,NA,NA,NA,gyrA,1,0,0
Polluticoccus,Chitinophagaceae,Chitinophagales,Bacteroidia,Bacteroidota,gyrA,1,0,0
Pollutimonas,Burkholderiaceae_B,Burkholderiales,Gammaproteobacteria,Pseudomonadota,gyrA,6,0,0
Polyangium,Polyangiaceae,Polyangiales,Polyangia,Myxococcota_A,gyrA,6,1,0.16666666666666666
Polycladidibacter,NA,NA,NA,NA,gyrA,2,1,0.5
Polycladomyces,JIR-001,Thermoactinomycetales,Bacilli,Bacillota,gyrA,3,3,1
Polycladospora,Thermoactinomycetaceae,Thermoactinomycetales,Bacilli,Bacillota,gyrA,1,1,1
Polycyclovorans,Nevskiaceae,Nevskiales,Gammaproteobacteria,Pseudomonadota,gyrA,1,0,0
Polymorphobacter,NA,NA,NA,NA,gyrA,1,0,0
Polymorphospora,Micromonosporaceae,Mycobacteriales,Actinomycetes,Actinomycetota,gyrA,2,2,1
Polymorphum,Stappiaceae,Rhizobiales,Alphaproteobacteria,Pseudomonadota,gyrA,1,0,0
Polynucleobacter,Burkholderiaceae,Burkholderiales,Gammaproteobacteria,Pseudomonadota,gyrA,31,0,0
Polystyrenella,Planctomycetaceae,Planctomycetales,Planctomycetia,Planctomycetota,gyrA,1,0,0
Pontibaca,Rhodobacteraceae,Rhodobacterales,Alphaproteobacteria,Pseudomonadota,gyrA,2,1,0.5
Pontibacillus,BH030062,Bacillales,Bacilli,Bacillota,gyrA,7,0,0
Pontibacter,Hymenobacteraceae,Cytophagales,Bacteroidia,Bacteroidota,gyrA,45,2,0.044444444444444446
Pontibacterium,Balneatricaceae,Pseudomonadales,Gammaproteobacteria,Pseudomonadota,gyrA,2,0,0
Ponticaulis,Hyphomonadaceae,Caulobacterales,Alphaproteobacteria,Pseudomonadota,gyrA,2,1,0.5
Ponticoccus,Rhodobacteraceae,Rhodobacterales,Alphaproteobacteria,Pseudomonadota,gyrA,2,0,0
Pontiella,Pontiellaceae,Kiritimatiellales,Kiritimatiellia,Verrucomicrobiota,gyrA,3,0,0
Pontimicrobium,Flavobacteriaceae,Flavobacteriales,Bacteroidia,Bacteroidota,gyrA,2,0,0
Pontimonas,Microbacteriaceae,Actinomycetales,Actinomycetes,Actinomycetota,gyrA,1,0,0
Pontitalea,Rhodobacteraceae,Rhodobacterales,Alphaproteobacteria,Pseudomonadota,gyrA,1,1,1
Pontivivens,Rhodobacteraceae,Rhodobacterales,Alphaproteobacteria,Pseudomonadota,gyrA,4,0,0
Pontixanthobacter,Sphingomonadaceae,Sphingomonadales,Alphaproteobacteria,Pseudomonadota,gyrA,5,0,0
Populibacterium,NA,NA,NA,NA,gyrA,1,0,0
Porcibacter,NA,NA,NA,NA,gyrA,1,1,1
Porcincola,Lachnospiraceae,Lachnospirales,Clostridia,Bacillota,gyrA,1,1,1
Porcipelethomonas,Ruminococcaceae,Oscillospirales,Clostridia,Bacillota,gyrA,1,1,1
Porifericola,NA,NA,NA,NA,gyrA,1,0,0
Poriferisphaera,Phycisphaeraceae,Phycisphaerales,Phycisphaerae,Planctomycetota,gyrA,1,0,0
Poritiphilus,Flavobacteriaceae,Flavobacteriales,Bacteroidia,Bacteroidota,gyrA,1,0,0
Porphyromonas,Porphyromonadaceae,Bacteroidales,Bacteroidia,Bacteroidota,gyrA,21,6,0.2857142857142857
Portibacter,Saprospiraceae,Chitinophagales,Bacteroidia,Bacteroidota,gyrA,2,0,0
Porticoccus,Porticoccaceae,Pseudomonadales,Gammaproteobacteria,Pseudomonadota,gyrA,2,0,0
Portiera,Johnevansiaceae,Johnevansiales,Gammaproteobacteria,Pseudomonadota,gyrA,1,0,0
Portococcus,NA,NA,NA,NA,gyrA,1,0,0
Poseidonibacter,Arcobacteraceae,Campylobacterales,Campylobacteria,Campylobacterota,gyrA,4,0,0
Poseidonocella,Rhodobacteraceae,Rhodobacterales,Alphaproteobacteria,Pseudomonadota,gyrA,2,0,0
Posidoniimonas,Lacipirellulaceae,Pirellulales,Planctomycetia,Planctomycetota,gyrA,2,0,0
Postechiella,Flavobacteriaceae,Flavobacteriales,Bacteroidia,Bacteroidota,gyrA,1,0,0
Povalibacter,NA,NA,NA,NA,gyrA,1,1,1
Pradoshia,Pradoshiaceae,Bacillales,Bacilli,Bacillota,gyrA,1,0,0
Pragia,Enterobacteriaceae,Enterobacterales,Gammaproteobacteria,Pseudomonadota,gyrA,1,0,0
Prauserella,Pseudonocardiaceae,Mycobacteriales,Actinomycetes,Actinomycetota,gyrA,14,0,0
Prevotella,Bacteroidaceae,Bacteroidales,Bacteroidia,Bacteroidota,gyrA,35,35,1
Prevotellamassilia,NA,NA,NA,NA,gyrA,1,1,1
Pricia,Flavobacteriaceae,Flavobacteriales,Bacteroidia,Bacteroidota,gyrA,2,0,0
Priestia,Bacillaceae_H,Bacillales,Bacilli,Bacillota,gyrA,10,1,0.1
Primorskyibacter,Rhodobacteraceae,Rhodobacterales,Alphaproteobacteria,Pseudomonadota,gyrA,4,0,0
Prochlorococcus,Cyanobiaceae,PCC-6307,Cyanobacteriia,Cyanobacteriota,gyrA,1,0,0
Prochlorothrix,Prochlorotrichaceae,Prochlorotrichales,Cyanobacteriia,Cyanobacteriota,gyrA,1,0,0
Prodigiosinella,Enterobacteriaceae,Enterobacterales,Gammaproteobacteria,Pseudomonadota,gyrA,1,0,0
Profftella,Burkholderiaceae,Burkholderiales,Gammaproteobacteria,Pseudomonadota,gyrA,1,1,1
Profftia,Enterobacteriaceae,Enterobacterales,Gammaproteobacteria,Pseudomonadota,gyrA,2,0,0
Profundibacter,Rhodobacteraceae,Rhodobacterales,Alphaproteobacteria,Pseudomonadota,gyrA,1,0,0
Profundibacterium,Rhodobacteraceae,Rhodobacterales,Alphaproteobacteria,Pseudomonadota,gyrA,1,0,0
Profundicola,Weeksellaceae,Flavobacteriales,Bacteroidia,Bacteroidota,gyrA,1,0,0
Prolixibacter,Prolixibacteraceae,Bacteroidales,Bacteroidia,Bacteroidota,gyrA,2,0,0
Proluteimonas,NA,NA,NA,NA,gyrA,1,0,0
Promicromonospora,Cellulomonadaceae,Actinomycetales,Actinomycetes,Actinomycetota,gyrA,13,0,0
Promineifilum,Promineifilaceae,Promineifilales,Anaerolineae,Chloroflexota,gyrA,1,1,1
Propionibacterium,Propionibacteriaceae,Propionibacteriales,Actinomycetes,Actinomycetota,gyrA,5,0,0
Propionicicella,Propionibacteriaceae,Propionibacteriales,Actinomycetes,Actinomycetota,gyrA,1,0,0
Propioniciclava,Propionibacteriaceae,Propionibacteriales,Actinomycetes,Actinomycetota,gyrA,5,0,0
Propionicimonas,Propionibacteriaceae,Propionibacteriales,Actinomycetes,Actinomycetota,gyrA,1,0,0
Propioniferax,Propionibacteriaceae,Propionibacteriales,Actinomycetes,Actinomycetota,gyrA,1,0,0
Propionigenium,Fusobacteriaceae,Fusobacteriales,Fusobacteriia,Fusobacteriota,gyrA,1,1,1
Propionimicrobium,Propionibacteriaceae,Propionibacteriales,Actinomycetes,Actinomycetota,gyrA,1,0,0
Propionispira,Selenomonadaceae,Selenomonadales,Negativicutes,Bacillota,gyrA,2,0,0
Propionispora,Propionisporaceae,Propionisporales,Negativicutes,Bacillota,gyrA,2,0,0
Propionivibrio,Rhodocyclaceae,Burkholderiales,Gammaproteobacteria,Pseudomonadota,gyrA,5,0,0
Propylenella,Afifellaceae,Rhizobiales,Alphaproteobacteria,Pseudomonadota,gyrA,1,0,0
Prosthecobacter,Verrucomicrobiaceae,Verrucomicrobiales,Verrucomicrobiia,Verrucomicrobiota,gyrA,7,7,1
Prosthecochloris,Chlorobiaceae,Chlorobiales,Chlorobiia,Bacteroidota,gyrA,4,0,0
Prosthecodimorpha,Ancalomicrobiaceae,Rhizobiales,Alphaproteobacteria,Pseudomonadota,gyrA,2,0,0
Prosthecomicrobium,Kaistiaceae,Rhizobiales,Alphaproteobacteria,Pseudomonadota,gyrA,1,0,0
Protaetiibacter,NA,NA,NA,NA,gyrA,3,0,0
Proteiniborus,Proteiniboraceae,Tissierellales,Clostridia,Bacillota,gyrA,1,0,0
Proteiniclasticum,Clostridiaceae,Clostridiales,Clostridia,Bacillota,gyrA,3,0,0
Proteiniphilum,Dysgonomonadaceae,Bacteroidales,Bacteroidia,Bacteroidota,gyrA,3,3,1
Proteinivorax,Proteinivoracaceae,Proteinivoracales,Proteinivoracia,Bacillota,gyrA,2,0,0
Proteocatella,Filifactoraceae,Peptostreptococcales,Clostridia,Bacillota,gyrA,1,0,0
Proteus,Enterobacteriaceae,Enterobacterales,Gammaproteobacteria,Pseudomonadota,gyrA,11,1,0.09090909090909091
Protochlamydia,Parachlamydiaceae,Chlamydiales,Chlamydiia,Chlamydiota,gyrA,3,0,0
Protofrankia,Frankiaceae,Frankiales,Actinomycetes,Actinomycetota,gyrA,1,0,0
Provencibacterium,NA,NA,NA,NA,gyrA,1,1,1
Providencia,Enterobacteriaceae,Enterobacterales,Gammaproteobacteria,Pseudomonadota,gyrA,18,6,0.3333333333333333
Pseudacidobacterium,Acidobacteriaceae,Terriglobales,Terriglobia,Acidobacteriota,gyrA,1,0,0
Pseudacidovorax,NA,NA,NA,NA,gyrA,1,0,0
Pseudactinotalea,Beutenbergiaceae,Actinomycetales,Actinomycetes,Actinomycetota,gyrA,2,0,0
Pseudaeromonas,Aeromonadaceae,Enterobacterales,Gammaproteobacteria,Pseudomonadota,gyrA,4,1,0.25
Pseudaestuariivita,Rhodobacteraceae,Rhodobacterales,Alphaproteobacteria,Pseudomonadota,gyrA,2,0,0
Pseudahrensia,Rhizobiaceae,Rhizobiales,Alphaproteobacteria,Pseudomonadota,gyrA,1,0,0
Pseudalgibacter,Flavobacteriaceae,Flavobacteriales,Bacteroidia,Bacteroidota,gyrA,1,0,0
Pseudalkalibacillus,Fictibacillaceae,Bacillales,Bacilli,Bacillota,gyrA,4,0,0
Pseudaminobacter,Rhizobiaceae,Rhizobiales,Alphaproteobacteria,Pseudomonadota,gyrA,1,1,1
Pseudanabaena,Pseudanabaenaceae,Pseudanabaenales,Cyanobacteriia,Cyanobacteriota,gyrA,7,0,0
Pseudanabaenococcus,NA,NA,NA,NA,gyrA,1,0,0
Pseudaquabacterium,Burkholderiaceae_C,Burkholderiales,Gammaproteobacteria,Pseudomonadota,gyrA,4,0,0
Pseudaquidulcibacter,Aquidulcibacteraceae,Caulobacterales,Alphaproteobacteria,Pseudomonadota,gyrA,1,0,0
Pseudarcicella,Spirosomataceae,Cytophagales,Bacteroidia,Bacteroidota,gyrA,1,1,1
Pseudarthrobacter,NA,NA,NA,NA,gyrA,27,0,0
Pseudazoarcus,Rhodocyclaceae,Burkholderiales,Gammaproteobacteria,Pseudomonadota,gyrA,1,0,0
Pseudemcibacter,Emcibacteraceae,Sphingomonadales,Alphaproteobacteria,Pseudomonadota,gyrA,1,0,0
Pseudenemella,NA,NA,NA,NA,gyrA,1,0,0
Pseudenhygromyxa,NA,NA,NA,NA,gyrA,1,0,0
Pseudenterobacter,NA,NA,NA,NA,gyrA,1,0,0
Pseudescherichia,Enterobacteriaceae,Enterobacterales,Gammaproteobacteria,Pseudomonadota,gyrA,1,0,0
Pseudideonella,NA,NA,NA,NA,gyrA,1,0,0
Pseudidiomarina,Alteromonadaceae,Enterobacterales,Gammaproteobacteria,Pseudomonadota,gyrA,24,4,0.16666666666666666
Pseudoalteromonas,Alteromonadaceae,Enterobacterales,Gammaproteobacteria,Pseudomonadota,gyrA,57,0,0
Pseudobacillus,Domibacillaceae,Bacillales,Bacilli,Bacillota,gyrA,2,0,0
Pseudobacter,Chitinophagaceae,Chitinophagales,Bacteroidia,Bacteroidota,gyrA,1,0,0
Pseudobacteriovorax,Oligoflexaceae,Oligoflexales,Oligoflexia,Bdellovibrionota_B,gyrA,1,0,0
Pseudobacteroides,DSM-2933,Acetivibrionales,Clostridia,Bacillota,gyrA,1,1,1
Pseudobdellovibrio,Bdellovibrionaceae,Bdellovibrionales,Bdellovibrionia,Bdellovibrionota,gyrA,1,1,1
Pseudoblastomonas,NA,NA,NA,NA,gyrA,4,1,0.25
Pseudobowmanella,Alteromonadaceae,Enterobacterales,Gammaproteobacteria,Pseudomonadota,gyrA,1,0,0
Pseudobutyrivibrio,Lachnospiraceae,Lachnospirales,Clostridia,Bacillota,gyrA,2,2,1
Pseudobythopirellula,Lacipirellulaceae,Pirellulales,Planctomycetia,Planctomycetota,gyrA,1,0,0
Pseudocalidococcus,Thermosynechococcaceae,Thermosynechococcales,Cyanobacteriia,Cyanobacteriota,gyrA,1,0,0
Pseudochelatococcus,Beijerinckiaceae,Rhizobiales,Alphaproteobacteria,Pseudomonadota,gyrA,2,1,0.5
Pseudochrobactrum,Rhizobiaceae,Rhizobiales,Alphaproteobacteria,Pseudomonadota,gyrA,7,7,1
Pseudochryseolinea,NA,NA,NA,NA,gyrA,1,1,1
Pseudocitrobacter,Enterobacteriaceae,Enterobacterales,Gammaproteobacteria,Pseudomonadota,gyrA,4,0,0
Pseudoclavibacter,Microbacteriaceae,Actinomycetales,Actinomycetes,Actinomycetota,gyrA,7,0,0
Pseudocnuella,NA,NA,NA,NA,gyrA,1,0,0
Pseudocolwellia,Alteromonadaceae,Enterobacterales,Gammaproteobacteria,Pseudomonadota,gyrA,2,0,0
Pseudocoprococcus,NA,NA,NA,NA,gyrA,1,1,1
Pseudodesulfovibrio,Desulfovibrionaceae,Desulfovibrionales,Desulfovibrionia,Desulfobacterota,gyrA,18,0,0
Pseudodonghicola,Rhodobacteraceae,Rhodobacterales,Alphaproteobacteria,Pseudomonadota,gyrA,2,2,1
Pseudoduganella,NA,NA,NA,NA,gyrA,19,16,0.8421052631578947
Pseudoflavitalea,NA,NA,NA,NA,gyrA,1,0,0
Pseudoflavonifractor,Oscillospiraceae,Oscillospirales,Clostridia,Bacillota,gyrA,4,1,0.25
Pseudofrancisella,NA,NA,NA,NA,gyrA,1,0,0
Pseudofrankia,Frankiaceae,Frankiales,Actinomycetes,Actinomycetota,gyrA,3,0,0
Pseudofulvibacter,Flavobacteriaceae,Flavobacteriales,Bacteroidia,Bacteroidota,gyrA,1,0,0
Pseudofulvimonas,UBA2363,Xanthomonadales,Gammaproteobacteria,Pseudomonadota,gyrA,1,0,0
Pseudogemmatithrix,Gemmatimonadaceae,Gemmatimonadales,Gemmatimonadetes,Gemmatimonadota,gyrA,1,0,0
Pseudogemmobacter,Rhodobacteraceae,Rhodobacterales,Alphaproteobacteria,Pseudomonadota,gyrA,7,1,0.14285714285714285
Pseudoglutamicibacter,Micrococcaceae,Actinomycetales,Actinomycetes,Actinomycetota,gyrA,2,0,0
Pseudogracilibacillus,Amphibacillaceae,Bacillales,Bacilli,Bacillota,gyrA,1,0,0
Pseudogulbenkiania,Chromobacteriaceae,Burkholderiales,Gammaproteobacteria,Pseudomonadota,gyrA,2,0,0
Pseudohaliea,Halieaceae,Pseudomonadales,Gammaproteobacteria,Pseudomonadota,gyrA,1,0,0
Pseudohalioglobus,NA,NA,NA,NA,gyrA,2,0,0
Pseudohalocynthiibacter,Rhodobacteraceae,Rhodobacterales,Alphaproteobacteria,Pseudomonadota,gyrA,1,0,0
Pseudohoeflea,Rhizobiaceae,Rhizobiales,Alphaproteobacteria,Pseudomonadota,gyrA,1,0,0
Pseudohongiella,Pseudohongiellaceae,Pseudomonadales,Gammaproteobacteria,Pseudomonadota,gyrA,3,0,0
Pseudokineococcus,Quadrisphaeraceae,Actinomycetales,Actinomycetes,Actinomycetota,gyrA,3,0,0
Pseudokordiimonas,NA,NA,NA,NA,gyrA,1,0,0
Pseudolabrys,Xanthobacteraceae,Rhizobiales,Alphaproteobacteria,Pseudomonadota,gyrA,1,0,0
Pseudolactococcus,Streptococcaceae,Lactobacillales,Bacilli,Bacillota,gyrA,11,0,0
Pseudoleptotrichia,Leptotrichiaceae,Fusobacteriales,Fusobacteriia,Fusobacteriota,gyrA,1,1,1
Pseudoluteimonas,Xanthomonadaceae,Xanthomonadales,Gammaproteobacteria,Pseudomonadota,gyrA,1,0,0
Pseudolysinimonas,Microbacteriaceae,Actinomycetales,Actinomycetes,Actinomycetota,gyrA,2,1,0.5
Pseudolysobacter,Rhodanobacteraceae,Xanthomonadales,Gammaproteobacteria,Pseudomonadota,gyrA,1,1,1
Pseudomaricurvus,Cellvibrionaceae,Pseudomonadales,Gammaproteobacteria,Pseudomonadota,gyrA,4,0,0
Pseudomarimonas,Xanthomonadaceae,Xanthomonadales,Gammaproteobacteria,Pseudomonadota,gyrA,2,0,0
Pseudomethylobacillus,Methylophilaceae,Burkholderiales,Gammaproteobacteria,Pseudomonadota,gyrA,1,0,0
Pseudomonas,Pseudomonadaceae,Pseudomonadales,Gammaproteobacteria,Pseudomonadota,gyrA,393,10,0.02544529262086514
Pseudomyxococcus,NA,NA,NA,NA,gyrA,2,1,0.5
Pseudoneobacillus,Cytobacillaceae,Bacillales,Bacilli,Bacillota,gyrA,1,0,0
Pseudonocardia,Pseudonocardiaceae,Mycobacteriales,Actinomycetes,Actinomycetota,gyrA,43,0,0
Pseudooceanicola,Rhodobacteraceae,Rhodobacterales,Alphaproteobacteria,Pseudomonadota,gyrA,17,2,0.11764705882352941
Pseudooctadecabacter,NA,NA,NA,NA,gyrA,1,0,0
Pseudopedobacter,Sphingobacteriaceae,Sphingobacteriales,Bacteroidia,Bacteroidota,gyrA,2,0,0
Pseudophaeobacter,Rhodobacteraceae,Rhodobacterales,Alphaproteobacteria,Pseudomonadota,gyrA,4,0,0
Pseudoponticoccus,Rhodobacteraceae,Rhodobacterales,Alphaproteobacteria,Pseudomonadota,gyrA,1,0,0
Pseudopontixanthobacter,Sphingomonadaceae,Sphingomonadales,Alphaproteobacteria,Pseudomonadota,gyrA,1,0,0
Pseudoprevotella,NA,NA,NA,NA,gyrA,1,1,1
Pseudoprimorskyibacter,Rhodobacteraceae,Rhodobacterales,Alphaproteobacteria,Pseudomonadota,gyrA,1,0,0
Pseudopropionibacterium,NA,NA,NA,NA,gyrA,1,0,0
Pseudoramibacter,Eubacteriaceae,Eubacteriales,Clostridia,Bacillota,gyrA,3,0,0
Pseudorhizobium,NA,NA,NA,NA,gyrA,8,3,0.375
Pseudorhodobacter,Rhodobacteraceae,Rhodobacterales,Alphaproteobacteria,Pseudomonadota,gyrA,5,0,0
Pseudorhodoferax,Burkholderiaceae_C,Burkholderiales,Gammaproteobacteria,Pseudomonadota,gyrA,2,0,0
Pseudorhodoplanes,Xanthobacteraceae,Rhizobiales,Alphaproteobacteria,Pseudomonadota,gyrA,1,0,0
Pseudoroseicyclus,Rhodobacteraceae,Rhodobacterales,Alphaproteobacteria,Pseudomonadota,gyrA,2,0,0
Pseudoroseomonas,Acetobacteraceae,Acetobacterales,Alphaproteobacteria,Pseudomonadota,gyrA,1,0,0
Pseudoruegeria,Rhodobacteraceae,Rhodobacterales,Alphaproteobacteria,Pseudomonadota,gyrA,1,0,0
Pseudoruminococcus,Acutalibacteraceae,Oscillospirales,Clostridia,Bacillota,gyrA,1,1,1
Pseudoscardovia,Bifidobacteriaceae,Actinomycetales,Actinomycetes,Actinomycetota,gyrA,2,2,1
Pseudoselenomonas,NA,NA,NA,NA,gyrA,4,0,0
Pseudosporangium,NA,NA,NA,NA,gyrA,1,0,0
Pseudostreptobacillus,Leptotrichiaceae,Fusobacteriales,Fusobacteriia,Fusobacteriota,gyrA,1,1,1
Pseudosulfitobacter,Rhodobacteraceae,Rhodobacterales,Alphaproteobacteria,Pseudomonadota,gyrA,2,0,0
Pseudotabrizicola,Rhodobacteraceae,Rhodobacterales,Alphaproteobacteria,Pseudomonadota,gyrA,4,0,0
Pseudotamlana,Flavobacteriaceae,Flavobacteriales,Bacteroidia,Bacteroidota,gyrA,3,0,0
Pseudotenacibaculum,NA,NA,NA,NA,gyrA,1,0,0
Pseudoteredinibacter,Cellvibrionaceae,Pseudomonadales,Gammaproteobacteria,Pseudomonadota,gyrA,1,0,0
Pseudothauera,Rhodocyclaceae,Burkholderiales,Gammaproteobacteria,Pseudomonadota,gyrA,4,0,0
Pseudothermotoga,DSM-5069,Thermotogales,Thermotogae,Thermotogota,gyrA,6,4,0.6666666666666666
Pseudothioclava,Rhodobacteraceae,Rhodobacterales,Alphaproteobacteria,Pseudomonadota,gyrA,3,3,1
Pseudothioglobus,Pseudothioglobaceae,PS1,Gammaproteobacteria,Pseudomonadota,gyrA,1,0,0
Pseudovibrio,Stappiaceae,Rhizobiales,Alphaproteobacteria,Pseudomonadota,gyrA,7,0,0
Pseudoxanthobacter,Segnochrobactraceae,Rhizobiales,Alphaproteobacteria,Pseudomonadota,gyrA,1,0,0
Pseudoxanthomonas,Xanthomonadaceae,Xanthomonadales,Gammaproteobacteria,Pseudomonadota,gyrA,23,0,0
Pseudozobellia,Flavobacteriaceae,Flavobacteriales,Bacteroidia,Bacteroidota,gyrA,1,0,0
Pseudundibacterium,NA,NA,NA,NA,gyrA,1,0,0
Psittacicella,Psittacicellaceae,Enterobacterales,Gammaproteobacteria,Pseudomonadota,gyrA,2,2,1
Psychrilyobacter,Fusobacteriaceae,Fusobacteriales,Fusobacteriia,Fusobacteriota,gyrA,2,2,1
Psychrobacillus,Planococcaceae,Bacillales_A,Bacilli,Bacillota,gyrA,11,0,0
Psychrobacter,Moraxellaceae,Pseudomonadales,Gammaproteobacteria,Pseudomonadota,gyrA,44,3,0.06818181818181818
Psychroflexus,Flavobacteriaceae,Flavobacteriales,Bacteroidia,Bacteroidota,gyrA,16,0,0
Psychromarinibacter,Rhodobacteraceae,Rhodobacterales,Alphaproteobacteria,Pseudomonadota,gyrA,2,2,1
Psychromicrobium,NA,NA,NA,NA,gyrA,4,0,0
Psychromonas,Psychromonadaceae,Enterobacterales,Gammaproteobacteria,Pseudomonadota,gyrA,10,0,0
Psychroserpens,Flavobacteriaceae,Flavobacteriales,Bacteroidia,Bacteroidota,gyrA,9,0,0
Psychrosphaera,Alteromonadaceae,Enterobacterales,Gammaproteobacteria,Pseudomonadota,gyrA,6,0,0
Puerhibacterium,Cellulomonadaceae,Actinomycetales,Actinomycetes,Actinomycetota,gyrA,1,0,0
Pueribacillus,UBA6769,Bacillales,Bacilli,Bacillota,gyrA,1,1,1
Puia,Chitinophagaceae,Chitinophagales,Bacteroidia,Bacteroidota,gyrA,1,1,1
Pukyongia,Flavobacteriaceae,Flavobacteriales,Bacteroidia,Bacteroidota,gyrA,1,0,0
Pukyongiella,Rhodobacteraceae,Rhodobacterales,Alphaproteobacteria,Pseudomonadota,gyrA,1,0,0
Pullulanibacillus,Sporolactobacillaceae,Bacillales,Bacilli,Bacillota,gyrA,2,0,0
Pulveribacter,NA,NA,NA,NA,gyrA,1,1,1
Pumilibacter,Pumilibacteraceae,Christensenellales,Clostridia,Bacillota,gyrA,2,0,0
Puniceibacterium,Rhodobacteraceae,Rhodobacterales,Alphaproteobacteria,Pseudomonadota,gyrA,3,0,0
Puniceicoccus,Puniceicoccaceae,Opitutales,Verrucomicrobiia,Verrucomicrobiota,gyrA,1,0,0
Puniceispirillum,Puniceispirillaceae,Puniceispirillales,Alphaproteobacteria,Pseudomonadota,gyrA,1,0,0
Purcelliella,Enterobacteriaceae,Enterobacterales,Gammaproteobacteria,Pseudomonadota,gyrA,1,1,1
Puribacter,NA,NA,NA,NA,gyrA,1,1,1
Pusillibacter,NA,NA,NA,NA,gyrA,1,1,1
Pusillimonas,Burkholderiaceae_B,Burkholderiales,Gammaproteobacteria,Pseudomonadota,gyrA,3,0,0
Pustulibacterium,Flavobacteriaceae,Flavobacteriales,Bacteroidia,Bacteroidota,gyrA,1,0,0
Putridiphycobacter,Crocinitomicaceae,Flavobacteriales_D,Bacteroidia,Bacteroidota,gyrA,1,0,0
Pygmaiobacter,Ruminococcaceae,Oscillospirales,Clostridia,Bacillota,gyrA,1,1,1
Pyramidobacter,Dethiosulfovibrionaceae,Synergistales,Synergistia,Synergistota,gyrA,2,2,1
Pyranulibacter,Melioribacteraceae,Ignavibacteriales,Ignavibacteria,Bacteroidota,gyrA,1,0,0
Pyrinomonas,Pyrinomonadaceae,Pyrinomonadales,Blastocatellia,Acidobacteriota,gyrA,1,1,1
Pyruvatibacter,CGMCC-115125,CGMCC-115125,Alphaproteobacteria,Pseudomonadota,gyrA,1,0,0
Pyxidicoccus,NA,NA,NA,NA,gyrA,5,4,0.8
Qaidamihabitans,Pseudonocardiaceae,Mycobacteriales,Actinomycetes,Actinomycetota,gyrA,1,0,0
Qiania,NA,NA,NA,NA,gyrA,1,1,1
Qingrenia,UMGS1810,UMGS1810,Clostridia,Bacillota,gyrA,1,1,1
Qingshengfaniella,Rhodobacteraceae,Rhodobacterales,Alphaproteobacteria,Pseudomonadota,gyrA,1,0,0
Qipengyuania,Sphingomonadaceae,Sphingomonadales,Alphaproteobacteria,Pseudomonadota,gyrA,40,27,0.675
Quadrisphaera,Quadrisphaeraceae,Actinomycetales,Actinomycetes,Actinomycetota,gyrA,3,0,0
Quatrionicoccus,NA,NA,NA,NA,gyrA,1,0,0
Quisquiliibacterium,Burkholderiaceae_E,Burkholderiales,Gammaproteobacteria,Pseudomonadota,gyrA,1,0,0
Quyinboa,NA,NA,NA,NA,gyrA,3,0,0
Racemicystis,NA,NA,NA,NA,gyrA,2,2,1
Radicibacter,Radicibacteraceae,Radicibacterales,Alphaproteobacteria,Pseudomonadota,gyrA,1,0,0
Radiobacillus,Amphibacillaceae,Bacillales,Bacilli,Bacillota,gyrA,2,0,0
Rahnella,Enterobacteriaceae,Enterobacterales,Gammaproteobacteria,Pseudomonadota,gyrA,15,0,0
Raineyella,Propionibacteriaceae,Propionibacteriales,Actinomycetes,Actinomycetota,gyrA,2,0,0
Ralstonia,Burkholderiaceae,Burkholderiales,Gammaproteobacteria,Pseudomonadota,gyrA,19,0,0
Ramlibacter,Burkholderiaceae_C,Burkholderiales,Gammaproteobacteria,Pseudomonadota,gyrA,18,0,0
Rania,NA,NA,NA,NA,gyrA,1,1,1
Raoultibacter,Eggerthellaceae,Coriobacteriales,Coriobacteriia,Actinomycetota,gyrA,3,1,0.3333333333333333
Raphidiopsis,Nostocaceae,Cyanobacteriales,Cyanobacteriia,Cyanobacteriota,gyrA,1,0,0
Rapidithrix,Flammeovirgaceae,Cytophagales,Bacteroidia,Bacteroidota,gyrA,1,0,0
Rappaport,Cardiobacteriaceae,Cardiobacteriales,Gammaproteobacteria,Pseudomonadota,gyrA,1,1,1
Rariglobus,Opitutaceae,Opitutales,Verrucomicrobiia,Verrucomicrobiota,gyrA,1,0,0
Rarispira,Winmispiraceae,Winmispirales,Spirochaetia,Spirochaetota,gyrA,1,0,0
Rarobacter,Cellulomonadaceae,Actinomycetales,Actinomycetes,Actinomycetota,gyrA,2,0,0
Rasiella,NA,NA,NA,NA,gyrA,1,0,0
Rathayibacter,Microbacteriaceae,Actinomycetales,Actinomycetes,Actinomycetota,gyrA,12,0,0
Ravibacter,Spirosomataceae,Cytophagales,Bacteroidia,Bacteroidota,gyrA,1,1,1
Rectinema,Rectinemataceae,Treponematales,Spirochaetia,Spirochaetota,gyrA,1,1,1
Reella,NA,NA,NA,NA,gyrA,1,0,0
Regiella,Enterobacteriaceae,Enterobacterales,Gammaproteobacteria,Pseudomonadota,gyrA,2,0,0
Rehaibacterium,Xanthomonadaceae,Xanthomonadales,Gammaproteobacteria,Pseudomonadota,gyrA,1,0,0
Reichenbachiella,Cyclobacteriaceae,Cytophagales,Bacteroidia,Bacteroidota,gyrA,6,0,0
Reidiella,GCF-013343005,GCF-013343005,Gammaproteobacteria,Pseudomonadota,gyrA,1,0,0
Reinekea,Natronospirillaceae,Pseudomonadales,Gammaproteobacteria,Pseudomonadota,gyrA,5,0,0
Renibacterium,Micrococcaceae,Actinomycetales,Actinomycetes,Actinomycetota,gyrA,1,0,0
Reticulibacter,NA,NA,NA,NA,gyrA,1,1,1
Reyranella,Reyranellaceae,Reyranellales,Alphaproteobacteria,Pseudomonadota,gyrA,4,0,0
Rhabdaerophilum,Beijerinckiaceae,Rhizobiales,Alphaproteobacteria,Pseudomonadota,gyrA,1,0,0
Rhabdobacter,Spirosomataceae,Cytophagales,Bacteroidia,Bacteroidota,gyrA,1,0,0
Rhabdochlamydia,Rhabdochlamydiaceae,Chlamydiales,Chlamydiia,Chlamydiota,gyrA,2,0,0
Rhabdochlamydiaceae,NA,NA,NA,NA,gyrA,1,1,1
Rhabdochromatium,Chromatiaceae,Chromatiales,Gammaproteobacteria,Pseudomonadota,gyrA,1,0,0
Rhabdonatronobacter,Rhodobacteraceae,Rhodobacterales,Alphaproteobacteria,Pseudomonadota,gyrA,1,0,0
Rhabdothermincola,Acidimicrobilacustridaceae,Acidimicrobiales,Acidimicrobiia,Actinomycetota,gyrA,2,0,0
Rhabdothermus,NA,NA,NA,NA,gyrA,1,0,0
Rheinheimera,NA,NA,NA,NA,gyrA,24,1,0.041666666666666664
Rhinopithecimicrobium,NA,NA,NA,NA,gyrA,1,0,0
Rhizobacter,Burkholderiaceae_C,Burkholderiales,Gammaproteobacteria,Pseudomonadota,gyrA,4,0,0
Rhizobium,Rhizobiaceae,Rhizobiales,Alphaproteobacteria,Pseudomonadota,gyrA,72,67,0.9305555555555556
Rhizocola,Micromonosporaceae,Mycobacteriales,Actinomycetes,Actinomycetota,gyrA,1,0,0
Rhizohabitans,Streptosporangiaceae,Streptosporangiales,Actinomycetes,Actinomycetota,gyrA,1,1,1
Rhizomicrobium,Micropepsaceae,Micropepsales,Alphaproteobacteria,Pseudomonadota,gyrA,2,0,0
Rhizorhabdus,Sphingomonadaceae,Sphingomonadales,Alphaproteobacteria,Pseudomonadota,gyrA,6,1,0.16666666666666666
Rhizorhapis,Sphingomonadaceae,Sphingomonadales,Alphaproteobacteria,Pseudomonadota,gyrA,1,0,0
Rhizosaccharibacter,Acetobacteraceae,Acetobacterales,Alphaproteobacteria,Pseudomonadota,gyrA,1,0,0
Rhizosphaericola,Chitinophagaceae,Chitinophagales,Bacteroidia,Bacteroidota,gyrA,1,0,0
Rhodalgimonas,Rhodobacteraceae,Rhodobacterales,Alphaproteobacteria,Pseudomonadota,gyrA,1,0,0
Rhodanobacter,Rhodanobacteraceae,Xanthomonadales,Gammaproteobacteria,Pseudomonadota,gyrA,19,6,0.3157894736842105
Rhodobacter,Rhodobacteraceae,Rhodobacterales,Alphaproteobacteria,Pseudomonadota,gyrA,11,9,0.8181818181818182
Rhodobaculum,Rhodobacteraceae,Rhodobacterales,Alphaproteobacteria,Pseudomonadota,gyrA,1,0,0
Rhodobium,Rhodobiaceae,Rhizobiales,Alphaproteobacteria,Pseudomonadota,gyrA,2,0,0
Rhodoblastus,Beijerinckiaceae,Rhizobiales,Alphaproteobacteria,Pseudomonadota,gyrA,3,3,1
Rhodocaloribacter,ISCAR-4553,Rhodothermales,Rhodothermia,Bacteroidota,gyrA,1,0,0
Rhodocista,Azospirillaceae,Azospirillales,Alphaproteobacteria,Pseudomonadota,gyrA,1,0,0
Rhodococcoides,Mycobacteriaceae,Mycobacteriales,Actinomycetes,Actinomycetota,gyrA,6,0,0
Rhodococcus,Mycobacteriaceae,Mycobacteriales,Actinomycetes,Actinomycetota,gyrA,52,13,0.25
Rhodocyclus,Rhodocyclaceae,Burkholderiales,Gammaproteobacteria,Pseudomonadota,gyrA,3,0,0
Rhodocytophaga,172606-1,Cytophagales,Bacteroidia,Bacteroidota,gyrA,2,0,0
Rhodoferax,Burkholderiaceae_C,Burkholderiales,Gammaproteobacteria,Pseudomonadota,gyrA,11,0,0
Rhodoflexus,Thermoflexibacteraceae,Cytophagales,Bacteroidia,Bacteroidota,gyrA,1,0,0
Rhodoglobus,Microbacteriaceae,Actinomycetales,Actinomycetes,Actinomycetota,gyrA,2,0,0
Rhodohalobacter,Balneolaceae,Balneolales,Rhodothermia,Bacteroidota,gyrA,4,0,0
Rhodoligotrophos,Im1,Rhizobiales,Alphaproteobacteria,Pseudomonadota,gyrA,3,0,0
Rhodoluna,Microbacteriaceae,Actinomycetales,Actinomycetes,Actinomycetota,gyrA,3,0,0
Rhodomicrobium,Rhodomicrobiaceae,Rhizobiales,Alphaproteobacteria,Pseudomonadota,gyrA,3,0,0
Rhodonellum,Cyclobacteriaceae,Cytophagales,Bacteroidia,Bacteroidota,gyrA,2,0,0
Rhodophyticola,Rhodobacteraceae,Rhodobacterales,Alphaproteobacteria,Pseudomonadota,gyrA,1,0,0
Rhodopila,Acetobacteraceae,Acetobacterales,Alphaproteobacteria,Pseudomonadota,gyrA,1,1,1
Rhodopirellula,Pirellulaceae,Pirellulales,Planctomycetia,Planctomycetota,gyrA,5,0,0
Rhodoplanes,Xanthobacteraceae,Rhizobiales,Alphaproteobacteria,Pseudomonadota,gyrA,5,0,0
Rhodopseudomonas,Xanthobacteraceae,Rhizobiales,Alphaproteobacteria,Pseudomonadota,gyrA,10,0,0
Rhodosalinus,Rhodobacteraceae,Rhodobacterales,Alphaproteobacteria,Pseudomonadota,gyrA,2,1,0.5
Rhodospira,Rhodospirillaceae,Rhodospirillales,Alphaproteobacteria,Pseudomonadota,gyrA,1,0,0
Rhodospirillum,Rhodospirillaceae,Rhodospirillales,Alphaproteobacteria,Pseudomonadota,gyrA,2,0,0
Rhodothalassium,Rhodothalassiaceae,Sphingomonadales,Alphaproteobacteria,Pseudomonadota,gyrA,1,0,0
Rhodothermus,Rhodothermaceae,Rhodothermales,Rhodothermia,Bacteroidota,gyrA,3,3,1
Rhodovarius,Acetobacteraceae,Acetobacterales,Alphaproteobacteria,Pseudomonadota,gyrA,2,0,0
Rhodovastum,Acetobacteraceae,Acetobacterales,Alphaproteobacteria,Pseudomonadota,gyrA,1,1,1
Rhodovibrio,Rhodovibrionaceae,Kiloniellales,Alphaproteobacteria,Pseudomonadota,gyrA,2,2,1
Rhodovulum,Rhodobacteraceae,Rhodobacterales,Alphaproteobacteria,Pseudomonadota,gyrA,13,2,0.15384615384615385
Richelia,Nostocaceae,Cyanobacteriales,Cyanobacteriia,Cyanobacteriota,gyrA,2,0,0
Rickettsia,Rickettsiaceae,Rickettsiales,Alphaproteobacteria,Pseudomonadota,gyrA,47,4,0.0851063829787234
Rickettsiales,NA,NA,NA,NA,gyrA,2,1,0.5
Rickettsiella,NA,NA,NA,NA,gyrA,9,2,0.2222222222222222
Riemerella,Weeksellaceae,Flavobacteriales,Bacteroidia,Bacteroidota,gyrA,3,0,0
Riesia,Enterobacteriaceae,Enterobacterales,Gammaproteobacteria,Pseudomonadota,gyrA,2,0,0
Rikenella,Rikenellaceae,Bacteroidales,Bacteroidia,Bacteroidota,gyrA,1,0,0
Rippkaea,Microcystaceae,Cyanobacteriales,Cyanobacteriia,Cyanobacteriota,gyrA,1,0,0
Risungbinella,Thermoactinomycetaceae,Thermoactinomycetales,Bacilli,Bacillota,gyrA,1,0,0
Rivibacter,Burkholderiaceae_C,Burkholderiales,Gammaproteobacteria,Pseudomonadota,gyrA,1,0,0
Rivihabitans,Aquaspirillaceae,Burkholderiales,Gammaproteobacteria,Pseudomonadota,gyrA,1,0,0
Robbsia,Burkholderiaceae,Burkholderiales,Gammaproteobacteria,Pseudomonadota,gyrA,2,0,0
Robertkochia,Flavobacteriaceae,Flavobacteriales,Bacteroidia,Bacteroidota,gyrA,5,0,0
Robertmurraya,Cytobacillaceae,Bacillales,Bacilli,Bacillota,gyrA,9,0,0
Robiginitalea,Flavobacteriaceae,Flavobacteriales,Bacteroidia,Bacteroidota,gyrA,8,0,0
Robiginitomaculum,Maricaulaceae,Caulobacterales,Alphaproteobacteria,Pseudomonadota,gyrA,1,0,0
Robinsoniella,Lachnospiraceae,Lachnospirales,Clostridia,Bacillota,gyrA,1,1,1
Rodentibacter,Pasteurellaceae,Enterobacterales,Gammaproteobacteria,Pseudomonadota,gyrA,10,2,0.2
Rohdeia,GCA-002686595,UBA1135,UBA1135,Planctomycetota,gyrA,1,0,0
Romboutsia,Peptostreptococcaceae,Peptostreptococcales,Clostridia,Bacillota,gyrA,8,0,0
Romeriopsis,Leptolyngbyaceae,Leptolyngbyales,Cyanobacteriia,Cyanobacteriota,gyrA,1,0,0
Roseateles,Burkholderiaceae_C,Burkholderiales,Gammaproteobacteria,Pseudomonadota,gyrA,24,0,0
Roseburia,Lachnospiraceae,Lachnospirales,Clostridia,Bacillota,gyrA,11,11,1
Roseiarcus,Beijerinckiaceae,Rhizobiales,Alphaproteobacteria,Pseudomonadota,gyrA,1,1,1
Roseibaca,NA,NA,NA,NA,gyrA,1,0,0
Roseibacillus,Akkermansiaceae,Verrucomicrobiales,Verrucomicrobiia,Verrucomicrobiota,gyrA,2,0,0
Roseibacterium,Rhodobacteraceae,Rhodobacterales,Alphaproteobacteria,Pseudomonadota,gyrA,1,0,0
Roseibium,Stappiaceae,Rhizobiales,Alphaproteobacteria,Pseudomonadota,gyrA,18,0,0
Roseicella,NA,NA,NA,NA,gyrA,3,3,1
Roseicitreum,Rhodobacteraceae,Rhodobacterales,Alphaproteobacteria,Pseudomonadota,gyrA,1,0,0
Roseiconus,NA,NA,NA,NA,gyrA,2,0,0
Roseicyclus,Rhodobacteraceae,Rhodobacterales,Alphaproteobacteria,Pseudomonadota,gyrA,7,0,0
Roseiflexus,Roseiflexaceae,Chloroflexales,Chloroflexia,Chloroflexota,gyrA,1,0,0
Roseimarinus,Prolixibacteraceae,Bacteroidales,Bacteroidia,Bacteroidota,gyrA,1,0,0
Roseimaritima,Pirellulaceae,Pirellulales,Planctomycetia,Planctomycetota,gyrA,3,0,0
Roseimicrobium,Verrucomicrobiaceae,Verrucomicrobiales,Verrucomicrobiia,Verrucomicrobiota,gyrA,1,1,1
Roseinatronobacter,Rhodobacteraceae,Rhodobacterales,Alphaproteobacteria,Pseudomonadota,gyrA,6,0,0
Roseisalinus,NA,NA,NA,NA,gyrA,1,0,0
Roseisolibacter,Gemmatimonadaceae,Gemmatimonadales,Gemmatimonadetes,Gemmatimonadota,gyrA,1,0,0
Roseitalea,Rhizobiaceae,Rhizobiales,Alphaproteobacteria,Pseudomonadota,gyrA,1,0,0
Roseiterribacter,Roseiterribacteraceae,BOG-932,Alphaproteobacteria,Pseudomonadota,gyrA,1,0,0
Roseitranquillus,Rhodobacteraceae,Rhodobacterales,Alphaproteobacteria,Pseudomonadota,gyrA,1,0,0
Roseivirga,Cyclobacteriaceae,Cytophagales,Bacteroidia,Bacteroidota,gyrA,7,0,0
Roseivivax,Rhodobacteraceae,Rhodobacterales,Alphaproteobacteria,Pseudomonadota,gyrA,7,0,0
Roseixanthobacter,NA,NA,NA,NA,gyrA,5,0,0
Rosenbergiella,Enterobacteriaceae,Enterobacterales,Gammaproteobacteria,Pseudomonadota,gyrA,6,0,0
Roseobacter,Rhodobacteraceae,Rhodobacterales,Alphaproteobacteria,Pseudomonadota,gyrA,10,0,0
Roseococcus,Acetobacteraceae,Acetobacterales,Alphaproteobacteria,Pseudomonadota,gyrA,4,0,0
Roseofilum,Desertifilaceae,Cyanobacteriales,Cyanobacteriia,Cyanobacteriota,gyrA,5,0,0
Roseomonas,Acetobacteraceae,Acetobacterales,Alphaproteobacteria,Pseudomonadota,gyrA,15,8,0.5333333333333333
Roseospira,NA,NA,NA,NA,gyrA,4,0,0
Roseospirillum,Rhodospirillaceae,Rhodospirillales,Alphaproteobacteria,Pseudomonadota,gyrA,1,0,0
Roseovarius,Rhodobacteraceae,Rhodobacterales,Alphaproteobacteria,Pseudomonadota,gyrA,40,2,0.05
Rosettibacter,Melioribacteraceae,Ignavibacteriales,Ignavibacteria,Bacteroidota,gyrA,2,1,0.5
Rosistilla,Pirellulaceae,Pirellulales,Planctomycetia,Planctomycetota,gyrA,3,0,0
Rossellomorea,Bacillaceae_B,Bacillales,Bacilli,Bacillota,gyrA,9,0,0
Rothia,Micrococcaceae,Actinomycetales,Actinomycetes,Actinomycetota,gyrA,17,2,0.11764705882352941
Rouxiella,Enterobacteriaceae,Enterobacterales,Gammaproteobacteria,Pseudomonadota,gyrA,4,0,0
Ruania,Beutenbergiaceae,Actinomycetales,Actinomycetes,Actinomycetota,gyrA,7,0,0
Rubellicoccus,Cerasicoccaceae,Opitutales,Verrucomicrobiia,Verrucomicrobiota,gyrA,1,1,1
Rubellimicrobium,Rhodobacteraceae,Rhodobacterales,Alphaproteobacteria,Pseudomonadota,gyrA,6,1,0.16666666666666666
Rubeoparvulum,Rubeoparvulaceae,Rubeoparvulales,Bacilli,Bacillota,gyrA,1,1,1
Rubidibacter,Rubidibacteraceae,Cyanobacteriales,Cyanobacteriia,Cyanobacteriota,gyrA,1,0,0
Rubinisphaera,Planctomycetaceae,Planctomycetales,Planctomycetia,Planctomycetota,gyrA,3,1,0.3333333333333333
Rubneribacter,Eggerthellaceae,Coriobacteriales,Coriobacteriia,Actinomycetota,gyrA,1,1,1
Rubricella,Rhodobacteraceae,Rhodobacterales,Alphaproteobacteria,Pseudomonadota,gyrA,1,0,0
Rubricoccus,Rubricoccaceae,Rhodothermales,Rhodothermia,Bacteroidota,gyrA,1,0,0
Rubrilithobacter,NA,NA,NA,NA,gyrA,1,1,1
Rubrimonas,Rhodobacteraceae,Rhodobacterales,Alphaproteobacteria,Pseudomonadota,gyrA,1,0,0
Rubripirellula,Pirellulaceae,Pirellulales,Planctomycetia,Planctomycetota,gyrA,5,0,0
Rubritalea,Akkermansiaceae,Verrucomicrobiales,Verrucomicrobiia,Verrucomicrobiota,gyrA,5,0,0
Rubritepida,NA,NA,NA,NA,gyrA,1,1,1
Rubrivirga,Rubricoccaceae,Rhodothermales,Rhodothermia,Bacteroidota,gyrA,4,0,0
Rubrivivax,Burkholderiaceae_C,Burkholderiales,Gammaproteobacteria,Pseudomonadota,gyrA,4,0,0
Rubrobacter,Rubrobacteraceae,Rubrobacterales,Rubrobacteria,Actinomycetota,gyrA,9,2,0.2222222222222222
Ructibacterium,Monoglobaceae,Monoglobales,Clostridia,Bacillota,gyrA,1,0,0
Rudaea,Rhodanobacteraceae,Xanthomonadales,Gammaproteobacteria,Pseudomonadota,gyrA,1,0,0
Rudaeicoccus,Dermatophilaceae,Actinomycetales,Actinomycetes,Actinomycetota,gyrA,1,0,0
Rudanella,Spirosomataceae,Cytophagales,Bacteroidia,Bacteroidota,gyrA,2,2,1
Ruegeria,Rhodobacteraceae,Rhodobacterales,Alphaproteobacteria,Pseudomonadota,gyrA,22,0,0
Rufibacter,NA,NA,NA,NA,gyrA,14,0,0
Ruficoccus,Cerasicoccaceae,Opitutales,Verrucomicrobiia,Verrucomicrobiota,gyrA,1,0,0
Rugamonas,Burkholderiaceae_D,Burkholderiales,Gammaproteobacteria,Pseudomonadota,gyrA,7,7,1
Rugosibacter,Rhodocyclaceae,Burkholderiales,Gammaproteobacteria,Pseudomonadota,gyrA,1,0,0
Rugosimonospora,Micromonosporaceae,Mycobacteriales,Actinomycetes,Actinomycetota,gyrA,2,2,1
Rugositalea,NA,NA,NA,NA,gyrA,1,0,0
Ruicaihuangia,Microbacteriaceae,Actinomycetales,Actinomycetes,Actinomycetota,gyrA,3,0,0
Ruixingdingia,Rhodobacteraceae,Rhodobacterales,Alphaproteobacteria,Pseudomonadota,gyrA,1,1,1
Ruminiclostridium,DSM-1351,Acetivibrionales,Clostridia,Bacillota,gyrA,7,7,1
Ruminobacter,Succinivibrionaceae,Enterobacterales,Gammaproteobacteria,Pseudomonadota,gyrA,1,0,0
Ruminococcoides,Acutalibacteraceae,Oscillospirales,Clostridia,Bacillota,gyrA,2,2,1
Ruminococcus,Ruminococcaceae,Oscillospirales,Clostridia,Bacillota,gyrA,12,12,1
Rummeliibacillus,Planococcaceae,Bacillales_A,Bacilli,Bacillota,gyrA,3,0,0
Runella,Spirosomataceae,Cytophagales,Bacteroidia,Bacteroidota,gyrA,7,5,0.7142857142857143
Ruoffia,Aerococcaceae,Lactobacillales,Bacilli,Bacillota,gyrA,2,0,0
Rurimicrobium,Chitinophagaceae,Chitinophagales,Bacteroidia,Bacteroidota,gyrA,1,0,0
Ruthenibacterium,Ruminococcaceae,Oscillospirales,Clostridia,Bacillota,gyrA,2,2,1
Ruthia,Pseudothioglobaceae,PS1,Gammaproteobacteria,Pseudomonadota,gyrA,1,0,0
Ruthturnera,NA,NA,NA,NA,gyrA,1,0,0
Sabulibacter,NA,NA,NA,NA,gyrA,1,0,0
Sabulicella,NA,NA,NA,NA,gyrA,3,0,0
Saccharibacillus,Paenibacillaceae,Paenibacillales,Bacilli,Bacillota,gyrA,7,0,0
Saccharibacter,Acetobacteraceae,Acetobacterales,Alphaproteobacteria,Pseudomonadota,gyrA,1,0,0
Saccharicrinis,Marinilabiliaceae,Bacteroidales,Bacteroidia,Bacteroidota,gyrA,3,2,0.6666666666666666
Saccharimonas,Saccharimonadaceae,Saccharimonadales,Saccharimonadia,Patescibacteriota,gyrA,1,1,1
Saccharobesus,Alteromonadaceae,Enterobacterales,Gammaproteobacteria,Pseudomonadota,gyrA,1,0,0
Saccharococcus,Anoxybacillaceae,Bacillales,Bacilli,Bacillota,gyrA,1,1,1
Saccharomonospora,Pseudonocardiaceae,Mycobacteriales,Actinomycetes,Actinomycetota,gyrA,10,0,0
Saccharophagus,Cellvibrionaceae,Pseudomonadales,Gammaproteobacteria,Pseudomonadota,gyrA,1,0,0
Saccharopolyspora,Pseudonocardiaceae,Mycobacteriales,Actinomycetes,Actinomycetota,gyrA,36,1,0.027777777777777776
Saccharospirillum,Natronospirillaceae,Pseudomonadales,Gammaproteobacteria,Pseudomonadota,gyrA,4,0,0
Saccharothrix,NA,NA,NA,NA,gyrA,17,0,0
Saezia,Burkholderiaceae_C,Burkholderiales,Gammaproteobacteria,Pseudomonadota,gyrA,1,1,1
Sagittula,Rhodobacteraceae,Rhodobacterales,Alphaproteobacteria,Pseudomonadota,gyrA,3,0,0
Salana,Beutenbergiaceae,Actinomycetales,Actinomycetes,Actinomycetota,gyrA,1,0,0
Salaquimonas,Rhizobiaceae,Rhizobiales,Alphaproteobacteria,Pseudomonadota,gyrA,1,0,0
Salegentibacter,Flavobacteriaceae,Flavobacteriales,Bacteroidia,Bacteroidota,gyrA,15,0,0
Salibacter,Salibacteraceae,Flavobacteriales_G,Bacteroidia,Bacteroidota,gyrA,1,0,0
Salibacterium,Marinococcaceae,Bacillales,Bacilli,Bacillota,gyrA,5,0,0
Salibaculum,Rhodobacteraceae,Rhodobacterales,Alphaproteobacteria,Pseudomonadota,gyrA,2,0,0
Salicibibacter,Marinococcaceae,Bacillales,Bacilli,Bacillota,gyrA,4,0,0
Salidesulfovibrio,NA,NA,NA,NA,gyrA,1,0,0
Salimicrobium,Halobacillaceae,Bacillales,Bacilli,Bacillota,gyrA,6,0,0
Salinactinospora,Streptosporangiaceae,Streptosporangiales,Actinomycetes,Actinomycetota,gyrA,1,0,0
Salinarimonas,Beijerinckiaceae,Rhizobiales,Alphaproteobacteria,Pseudomonadota,gyrA,4,0,0
Salinibacillus,Alkalibacillaceae,Bacillales,Bacilli,Bacillota,gyrA,3,0,0
Salinibacter,Salinibacteraceae,Rhodothermales,Rhodothermia,Bacteroidota,gyrA,4,0,0
Salinibacterium,NA,NA,NA,NA,gyrA,2,0,0
Salinibius,Natronospirillaceae,Pseudomonadales,Gammaproteobacteria,Pseudomonadota,gyrA,1,0,0
Salinicoccus,Salinicoccaceae,Staphylococcales,Bacilli,Bacillota,gyrA,14,0,0
Salinicola,Halomonadaceae,Pseudomonadales,Gammaproteobacteria,Pseudomonadota,gyrA,14,0,0
Saliniferula,NA,NA,NA,NA,gyrA,1,0,0
Salinifilum,NA,NA,NA,NA,gyrA,1,0,0
Salinihabitans,Rhodobacteraceae,Rhodobacterales,Alphaproteobacteria,Pseudomonadota,gyrA,1,0,0
Salinilacustrithrix,Salinilacustritrichaceae,Acidimicrobiales,Acidimicrobiia,Actinomycetota,gyrA,1,0,0
Salinimicrobium,Flavobacteriaceae,Flavobacteriales,Bacteroidia,Bacteroidota,gyrA,14,0,0
Salinimonas,NA,NA,NA,NA,gyrA,6,0,0
Salininema,Micromonosporaceae,Mycobacteriales,Actinomycetes,Actinomycetota,gyrA,1,0,0
Saliniradius,Alteromonadaceae,Enterobacterales,Gammaproteobacteria,Pseudomonadota,gyrA,1,0,0
Saliniramus,Beijerinckiaceae,Rhizobiales,Alphaproteobacteria,Pseudomonadota,gyrA,1,0,0
Salinisphaera,Salinisphaeraceae,Nevskiales,Gammaproteobacteria,Pseudomonadota,gyrA,6,0,0
Salinispira,Salinispiraceae,DSM-27196,Spirochaetia,Spirochaetota,gyrA,1,0,0
Salinispirillum,Natronospirillaceae,Pseudomonadales,Gammaproteobacteria,Pseudomonadota,gyrA,1,0,0
Salinispora,NA,NA,NA,NA,gyrA,9,0,0
Salinithrix,DSM-45169,Thermoactinomycetales,Bacilli,Bacillota,gyrA,1,1,1
Salinivibrio,Vibrionaceae,Enterobacterales,Gammaproteobacteria,Pseudomonadota,gyrA,6,0,0
Salinivirga,Salinivirgaceae,Bacteroidales,Bacteroidia,Bacteroidota,gyrA,1,0,0
Salipaludibacillus,Salisediminibacteriaceae,Bacillales,Bacilli,Bacillota,gyrA,5,0,0
Salipiger,Rhodobacteraceae,Rhodobacterales,Alphaproteobacteria,Pseudomonadota,gyrA,11,0,0
Salirhabdus,Alkalibacillaceae,Bacillales,Bacilli,Bacillota,gyrA,2,0,0
Salisaeta,Salinibacteraceae,Rhodothermales,Rhodothermia,Bacteroidota,gyrA,1,0,0
Salisediminibacterium,Salisediminibacteriaceae,Bacillales,Bacilli,Bacillota,gyrA,3,0,0
Saliterribacillus,Amphibacillaceae,Bacillales,Bacilli,Bacillota,gyrA,1,0,0
Salmonella,Enterobacteriaceae,Enterobacterales,Gammaproteobacteria,Pseudomonadota,gyrA,2,0,0
Salmonirosea,Spirosomataceae,Cytophagales,Bacteroidia,Bacteroidota,gyrA,1,0,0
Salsipaludibacter,Nitriliruptoraceae,Nitriliruptorales,Nitriliruptoria,Actinomycetota,gyrA,1,0,0
Salsuginibacillus,Marinococcaceae,Bacillales,Bacilli,Bacillota,gyrA,2,0,0
Saltatorellus,GCA-002686595,UBA1135,UBA1135,Planctomycetota,gyrA,1,0,0
Samsonia,Enterobacteriaceae,Enterobacterales,Gammaproteobacteria,Pseudomonadota,gyrA,1,0,0
Sandaracinobacter,NA,NA,NA,NA,gyrA,1,0,0
Sandaracinobacteroides,Sphingomonadaceae,Sphingomonadales,Alphaproteobacteria,Pseudomonadota,gyrA,3,0,0
Sandaracinomonas,Spirosomataceae,Cytophagales,Bacteroidia,Bacteroidota,gyrA,1,0,0
Sandaracinus,Sandaracinaceae,Polyangiales,Polyangia,Myxococcota_A,gyrA,1,1,1
Sandarakinorhabdus,Sphingomonadaceae,Sphingomonadales,Alphaproteobacteria,Pseudomonadota,gyrA,6,0,0
Sanguibacter,Cellulomonadaceae,Actinomycetales,Actinomycetes,Actinomycetota,gyrA,9,0,0
Sanguibacteroides,NA,NA,NA,NA,gyrA,1,0,0
Sanyastnella,Sanyastnellaceae,Flavobacteriales_D,Bacteroidia,Bacteroidota,gyrA,1,0,0
Saonia,Flavobacteriaceae,Flavobacteriales,Bacteroidia,Bacteroidota,gyrA,1,0,0
Sapientia,NA,NA,NA,NA,gyrA,1,1,1
Saprospira,Saprospiraceae,Chitinophagales,Bacteroidia,Bacteroidota,gyrA,1,0,0
Sarcina,Clostridiaceae,Clostridiales,Clostridia,Bacillota,gyrA,2,0,0
Sarmatiella,Rickettsiaceae,Rickettsiales,Alphaproteobacteria,Pseudomonadota,gyrA,1,0,0
Savagea,Planococcaceae,Bacillales_A,Bacilli,Bacillota,gyrA,2,1,0.5
Saxibacter,Brevibacteriaceae,Actinomycetales,Actinomycetes,Actinomycetota,gyrA,1,0,0
Scalindua,Scalinduaceae,Brocadiales,Brocadiia,Planctomycetota,gyrA,1,0,0
Scandinavium,Enterobacteriaceae,Enterobacterales,Gammaproteobacteria,Pseudomonadota,gyrA,5,0,0
Scardovia,Bifidobacteriaceae,Actinomycetales,Actinomycetes,Actinomycetota,gyrA,2,2,1
Scatolibacter,Acutalibacteraceae,Oscillospirales,Clostridia,Bacillota,gyrA,1,1,1
Schaalia,NA,NA,NA,NA,gyrA,13,8,0.6153846153846154
Schaedlerella,Lachnospiraceae,Lachnospirales,Clostridia,Bacillota,gyrA,1,1,1
Schauerella,Burkholderiaceae_B,Burkholderiales,Gammaproteobacteria,Pseudomonadota,gyrA,1,0,0
Schinkia,Bacillaceae_J,Bacillales,Bacilli,Bacillota,gyrA,2,0,0
Schleiferia,Schleiferiaceae,Flavobacteriales,Bacteroidia,Bacteroidota,gyrA,1,0,0
Schleiferilactobacillus,Lactobacillaceae,Lactobacillales,Bacilli,Bacillota,gyrA,3,0,0
Schlesneria,Planctomycetaceae,Planctomycetales,Planctomycetia,Planctomycetota,gyrA,2,0,0
Schmidhempelia,NA,NA,NA,NA,gyrA,1,0,0
Schneideria,Enterobacteriaceae,Enterobacterales,Gammaproteobacteria,Pseudomonadota,gyrA,1,1,1
Schnuerera,Tepidimicrobiaceae,Tissierellales,Clostridia,Bacillota,gyrA,1,0,0
Schumannella,Microbacteriaceae,Actinomycetales,Actinomycetes,Actinomycetota,gyrA,2,0,0
Schwartzia,Selenomonadaceae,Selenomonadales,Negativicutes,Bacillota,gyrA,1,0,0
Sciscionella,Pseudonocardiaceae,Mycobacteriales,Actinomycetes,Actinomycetota,gyrA,2,0,0
Scleromatobacter,Burkholderiaceae_C,Burkholderiales,Gammaproteobacteria,Pseudomonadota,gyrA,1,0,0
Scopulibacillus,Sporolactobacillaceae,Bacillales,Bacilli,Bacillota,gyrA,3,0,0
Scrofimicrobium,Actinomycetaceae,Actinomycetales,Actinomycetes,Actinomycetota,gyrA,2,1,0.5
Scytonema,Nostocaceae,Cyanobacteriales,Cyanobacteriia,Cyanobacteriota,gyrA,5,0,0
Sebaldella,Leptotrichiaceae,Fusobacteriales,Fusobacteriia,Fusobacteriota,gyrA,1,1,1
Secondary,NA,NA,NA,NA,gyrA,3,1,0.3333333333333333
Secundilactobacillus,Lactobacillaceae,Lactobacillales,Bacilli,Bacillota,gyrA,16,2,0.125
Sedimentibacter,Sedimentibacteraceae,Tissierellales,Clostridia,Bacillota,gyrA,3,1,0.3333333333333333
Sedimenticola,Chromatiaceae,Chromatiales,Gammaproteobacteria,Pseudomonadota,gyrA,3,0,0
Sedimentimonas,NA,NA,NA,NA,gyrA,1,1,1
Sedimentisphaera,Sedimentisphaeraceae,Sedimentisphaerales,Phycisphaerae,Planctomycetota,gyrA,2,2,1
Sedimentitalea,Rhodobacteraceae,Rhodobacterales,Alphaproteobacteria,Pseudomonadota,gyrA,5,0,0
Sediminibacillus,Amphibacillaceae,Bacillales,Bacilli,Bacillota,gyrA,5,0,0
Sediminibacterium,Chitinophagaceae,Chitinophagales,Bacteroidia,Bacteroidota,gyrA,7,2,0.2857142857142857
Sediminicoccus,NA,NA,NA,NA,gyrA,1,0,0
Sediminicola,Flavobacteriaceae,Flavobacteriales,Bacteroidia,Bacteroidota,gyrA,2,0,0
Sediminicurvatus,Nitrococcaceae,Nitrococcales,Gammaproteobacteria,Pseudomonadota,gyrA,1,0,0
Sediminihabitans,NA,NA,NA,NA,gyrA,1,0,0
Sediminihaliea,Halieaceae,Pseudomonadales,Gammaproteobacteria,Pseudomonadota,gyrA,1,0,0
Sediminimonas,Rhodobacteraceae,Rhodobacterales,Alphaproteobacteria,Pseudomonadota,gyrA,1,0,0
Sediminispirochaeta,Sediminispirochaetaceae,DSM-16054,Spirochaetia,Spirochaetota,gyrA,2,0,0
Sediminitomix,Flammeovirgaceae,Cytophagales,Bacteroidia,Bacteroidota,gyrA,1,0,0
Sediminivirga,Brevibacteriaceae,Actinomycetales,Actinomycetes,Actinomycetota,gyrA,1,0,0
Segatella,NA,NA,NA,NA,gyrA,15,15,1
Segetibacter,Chitinophagaceae,Chitinophagales,Bacteroidia,Bacteroidota,gyrA,2,2,1
Segeticoccus,Dermatophilaceae,Actinomycetales,Actinomycetes,Actinomycetota,gyrA,1,0,0
Segniliparus,Mycobacteriaceae,Mycobacteriales,Actinomycetes,Actinomycetota,gyrA,2,0,0
Segnochrobactrum,Segnochrobactraceae,Rhizobiales,Alphaproteobacteria,Pseudomonadota,gyrA,1,0,0
Seinonella,Thermoactinomycetaceae,Thermoactinomycetales,Bacilli,Bacillota,gyrA,1,0,0
Selenihalanaerobacter,Acetohalobiaceae,Halobacteroidales,Halanaerobiia,Bacillota,gyrA,1,1,1
Seleniivibrio,Geovibrionaceae,Deferribacterales,Deferribacteres,Chrysiogenota,gyrA,1,0,0
Selenomonas,Selenomonadaceae,Selenomonadales,Negativicutes,Bacillota,gyrA,2,0,0
Sellimonas,Lachnospiraceae,Lachnospirales,Clostridia,Bacillota,gyrA,3,3,1
Seminibacterium,Pasteurellaceae,Enterobacterales,Gammaproteobacteria,Pseudomonadota,gyrA,1,0,0
Senegalia,NA,NA,NA,NA,gyrA,1,0,0
Senegalimassilia,Eggerthellaceae,Coriobacteriales,Coriobacteriia,Actinomycetota,gyrA,2,1,0.5
Senimuribacter,Anaerovoracaceae,Peptostreptococcales,Clostridia,Bacillota,gyrA,1,0,0
Seohaeicola,Rhodobacteraceae,Rhodobacterales,Alphaproteobacteria,Pseudomonadota,gyrA,3,0,0
Seonamhaeicola,Flavobacteriaceae,Flavobacteriales,Bacteroidia,Bacteroidota,gyrA,5,0,0
Seongchinamella,NA,NA,NA,NA,gyrA,3,0,0
Seramator,Dysgonomonadaceae,Bacteroidales,Bacteroidia,Bacteroidota,gyrA,1,1,1
Seribacter,Seribacteraceae,Opitutales,Verrucomicrobiia,Verrucomicrobiota,gyrA,1,0,0
Serinibacter,Beutenbergiaceae,Actinomycetales,Actinomycetes,Actinomycetota,gyrA,2,1,0.5
Serinicoccus,NA,NA,NA,NA,gyrA,7,0,0
Serpens,Pseudomonadaceae,Pseudomonadales,Gammaproteobacteria,Pseudomonadota,gyrA,1,0,0
Serpentinicella,Natronincolaceae,Peptostreptococcales,Clostridia,Bacillota,gyrA,1,0,0
Serpentinimonas,Burkholderiaceae_C,Burkholderiales,Gammaproteobacteria,Pseudomonadota,gyrA,3,0,0
Serratia,Enterobacteriaceae,Enterobacterales,Gammaproteobacteria,Pseudomonadota,gyrA,25,1,0.04
Sessilibacter,Cellvibrionaceae,Pseudomonadales,Gammaproteobacteria,Pseudomonadota,gyrA,1,0,0
Sharpea,Coprobacillaceae,Erysipelotrichales,Bacilli_A,Bacillota_I,gyrA,2,0,0
Sheuella,NA,NA,NA,NA,gyrA,1,0,0
Shewanella,Shewanellaceae,Enterobacterales,Gammaproteobacteria,Pseudomonadota,gyrA,105,2,0.01904761904761905
Shiella,Cyclobacteriaceae,Cytophagales,Bacteroidia,Bacteroidota,gyrA,1,0,0
Shigella,NA,NA,NA,NA,gyrA,4,0,0
Shikimatogenerans,Blattabacteriaceae,Flavobacteriales,Bacteroidia,Bacteroidota,gyrA,2,1,0.5
Shimazuella,Thermoactinomycetaceae,Thermoactinomycetales,Bacilli,Bacillota,gyrA,3,3,1
Shimia,Rhodobacteraceae,Rhodobacterales,Alphaproteobacteria,Pseudomonadota,gyrA,13,0,0
Shimwellia,Enterobacteriaceae,Enterobacterales,Gammaproteobacteria,Pseudomonadota,gyrA,2,0,0
Shinella,Rhizobiaceae,Rhizobiales,Alphaproteobacteria,Pseudomonadota,gyrA,13,6,0.46153846153846156
Shivajiella,Cyclobacteriaceae,Cytophagales,Bacteroidia,Bacteroidota,gyrA,1,0,0
Shouchella,Bacillaceae_D,Bacillales,Bacilli,Bacillota,gyrA,12,1,0.08333333333333333
Shumkonia,Shumkoniaceae,Rhodospirillales,Alphaproteobacteria,Pseudomonadota,gyrA,1,0,0
Shuttleworthella,NA,NA,NA,NA,gyrA,1,1,1
Siansivirga,Flavobacteriaceae,Flavobacteriales,Bacteroidia,Bacteroidota,gyrA,1,0,0
Siccibacter,Enterobacteriaceae,Enterobacterales,Gammaproteobacteria,Pseudomonadota,gyrA,2,0,0
Siccirubricoccus,Acetobacteraceae,Acetobacterales,Alphaproteobacteria,Pseudomonadota,gyrA,3,2,0.6666666666666666
Siculibacillus,Ancalomicrobiaceae,Rhizobiales,Alphaproteobacteria,Pseudomonadota,gyrA,1,0,0
Sideroxyarcus,Gallionellaceae,Burkholderiales,Gammaproteobacteria,Pseudomonadota,gyrA,1,0,0
Sideroxydans,NA,NA,NA,NA,gyrA,1,0,0
Silanimonas,Xanthomonadaceae,Xanthomonadales,Gammaproteobacteria,Pseudomonadota,gyrA,2,0,0
Silicimonas,Rhodobacteraceae,Rhodobacterales,Alphaproteobacteria,Pseudomonadota,gyrA,2,0,0
Silvania,NA,NA,NA,NA,gyrA,2,0,0
Silvanigrella,Silvanigrellaceae,Silvanigrellales,Oligoflexia,Bdellovibrionota_B,gyrA,2,2,1
Silvibacterium,Acidobacteriaceae,Terriglobales,Terriglobia,Acidobacteriota,gyrA,3,0,0
Silvimonas,Chitinibacteraceae,Burkholderiales,Gammaproteobacteria,Pseudomonadota,gyrA,4,0,0
Simiaoa,NA,NA,NA,NA,gyrA,1,1,1
Simiduia,Cellvibrionaceae,Pseudomonadales,Gammaproteobacteria,Pseudomonadota,gyrA,4,0,0
Similichlamydia,Parilichlamydiaceae,Chlamydiales,Chlamydiia,Chlamydiota,gyrA,1,0,0
Siminovitchia,Bacillaceae_C,Bacillales,Bacilli,Bacillota,gyrA,7,2,0.2857142857142857
Simkania,Simkaniaceae,Chlamydiales,Chlamydiia,Chlamydiota,gyrA,1,0,0
Simonsiella,Neisseriaceae,Burkholderiales,Gammaproteobacteria,Pseudomonadota,gyrA,1,0,0
Simplicispira,Burkholderiaceae_C,Burkholderiales,Gammaproteobacteria,Pseudomonadota,gyrA,7,0,0
Simulacricoccus,NA,NA,NA,NA,gyrA,1,0,0
Sinanaerobacter,Anaerovoracaceae,Peptostreptococcales,Clostridia,Bacillota,gyrA,1,0,0
Singulisphaera,Isosphaeraceae,Isosphaerales,Planctomycetia,Planctomycetota,gyrA,4,0,0
Sinimarinibacterium,NA,NA,NA,NA,gyrA,3,0,0
Sinisalibacter,Rhodobacteraceae,Rhodobacterales,Alphaproteobacteria,Pseudomonadota,gyrA,2,1,0.5
Sinobaca,Marinococcaceae,Bacillales,Bacilli,Bacillota,gyrA,1,0,0
Sinobacterium,Sinobacteriaceae,Pseudomonadales,Gammaproteobacteria,Pseudomonadota,gyrA,2,0,0
Sinomicrobium,Flavobacteriaceae,Flavobacteriales,Bacteroidia,Bacteroidota,gyrA,7,0,0
Sinomonas,Micrococcaceae,Actinomycetales,Actinomycetes,Actinomycetota,gyrA,15,0,0
Sinorhizobium,Rhizobiaceae,Rhizobiales,Alphaproteobacteria,Pseudomonadota,gyrA,18,18,1
Sinosporangium,Streptosporangiaceae,Streptosporangiales,Actinomycetes,Actinomycetota,gyrA,2,2,1
Siphonobacter,Spirosomataceae,Cytophagales,Bacteroidia,Bacteroidota,gyrA,2,0,0
Sivoneniella,NA,NA,NA,NA,gyrA,1,0,0
Skermanella,Azospirillaceae,Azospirillales,Alphaproteobacteria,Pseudomonadota,gyrA,6,0,0
Skermania,Mycobacteriaceae,Mycobacteriales,Actinomycetes,Actinomycetota,gyrA,1,0,0
Slackia,Eggerthellaceae,Coriobacteriales,Coriobacteriia,Actinomycetota,gyrA,6,3,0.5
Sneabacter,Rickettsiaceae,Rickettsiales,Alphaproteobacteria,Pseudomonadota,gyrA,1,0,0
Sneathia,Leptotrichiaceae,Fusobacteriales,Fusobacteriia,Fusobacteriota,gyrA,2,2,1
Sneathiella,Sneathiellaceae,Sneathiellales,Alphaproteobacteria,Pseudomonadota,gyrA,8,0,0
Snodgrassella,Neisseriaceae,Burkholderiales,Gammaproteobacteria,Pseudomonadota,gyrA,3,0,0
Snuella,Flavobacteriaceae,Flavobacteriales,Bacteroidia,Bacteroidota,gyrA,2,0,0
Sodalinema,Geitlerinemataceae,Cyanobacteriales,Cyanobacteriia,Cyanobacteriota,gyrA,1,0,0
Sodaliphilus,Muribaculaceae,Bacteroidales,Bacteroidia,Bacteroidota,gyrA,1,0,0
Sodalis,Enterobacteriaceae,Enterobacterales,Gammaproteobacteria,Pseudomonadota,gyrA,6,0,0
Sodalis-Like,NA,NA,NA,NA,gyrA,2,1,0.5
Soehngenia,Tissierellaceae,Tissierellales,Clostridia,Bacillota,gyrA,2,2,1
Soleaferrea,Ruminococcaceae,Oscillospirales,Clostridia,Bacillota,gyrA,1,1,1
Solemya,NA,NA,NA,NA,gyrA,3,0,0
Solibacillus,Planococcaceae,Bacillales_A,Bacilli,Bacillota,gyrA,9,0,0
Solibaculum,Acutalibacteraceae,Oscillospirales,Clostridia,Bacillota,gyrA,2,2,1
Solicola,Nocardioidaceae,Propionibacteriales,Actinomycetes,Actinomycetota,gyrA,2,0,0
Solidesulfovibrio,Desulfovibrionaceae,Desulfovibrionales,Desulfovibrionia,Desulfobacterota,gyrA,6,0,0
Solihabitans,Pseudonocardiaceae,Mycobacteriales,Actinomycetes,Actinomycetota,gyrA,1,0,0
Solilutibacter,Xanthomonadaceae,Xanthomonadales,Gammaproteobacteria,Pseudomonadota,gyrA,4,3,0.75
Solimicrobium,Burkholderiaceae_D,Burkholderiales,Gammaproteobacteria,Pseudomonadota,gyrA,1,1,1
Solimonas,Nevskiaceae,Nevskiales,Gammaproteobacteria,Pseudomonadota,gyrA,7,1,0.14285714285714285
Solirhodobacter,Rhodobacteraceae,Rhodobacterales,Alphaproteobacteria,Pseudomonadota,gyrA,1,0,0
Solirubrobacter,Solirubrobacteraceae,Solirubrobacterales,Thermoleophilia,Actinomycetota,gyrA,6,0,0
Solirubrum,Hymenobacteraceae,Cytophagales,Bacteroidia,Bacteroidota,gyrA,1,0,0
Solitalea,Sphingobacteriaceae,Sphingobacteriales,Bacteroidia,Bacteroidota,gyrA,5,0,0
Solobacterium,NA,NA,NA,NA,gyrA,1,1,1
Soonwooa,Weeksellaceae,Flavobacteriales,Bacteroidia,Bacteroidota,gyrA,2,0,0
Sorangium,Polyangiaceae,Polyangiales,Polyangia,Myxococcota_A,gyrA,4,4,1
Sorlinia,Acetobacteraceae,Acetobacterales,Alphaproteobacteria,Pseudomonadota,gyrA,1,0,0
Sororendozoicomonas,NA,NA,NA,NA,gyrA,1,0,0
Southlakia,NA,NA,NA,NA,gyrA,1,0,0
Spartinivicinus,Zooshikellaceae,Pseudomonadales,Gammaproteobacteria,Pseudomonadota,gyrA,3,0,0
Specibacter,Micrococcaceae,Actinomycetales,Actinomycetes,Actinomycetota,gyrA,1,0,0
Spectribacter,Salinisphaeraceae,Nevskiales,Gammaproteobacteria,Pseudomonadota,gyrA,2,0,0
Spelaeicoccus,Brevibacteriaceae,Actinomycetales,Actinomycetes,Actinomycetota,gyrA,1,0,0
Speluncibacter,Mycobacteriaceae,Mycobacteriales,Actinomycetes,Actinomycetota,gyrA,1,0,0
Sphaerimonospora,Streptosporangiaceae,Streptosporangiales,Actinomycetes,Actinomycetota,gyrA,2,0,0
Sphaerisporangium,Streptosporangiaceae,Streptosporangiales,Actinomycetes,Actinomycetota,gyrA,15,11,0.7333333333333333
Sphaerobacter,Thermomicrobiaceae,Thermomicrobiales,Chloroflexia,Chloroflexota,gyrA,1,0,0
Sphaerochaeta,Sphaerochaetaceae,Sphaerochaetales,Spirochaetia,Spirochaetota,gyrA,4,4,1
Sphaerospermopsis,Nostocaceae,Cyanobacteriales,Cyanobacteriia,Cyanobacteriota,gyrA,4,0,0
Sphaerothrix,Phormidesmidaceae,Phormidesmidales,Cyanobacteriia,Cyanobacteriota,gyrA,1,0,0
Sphaerotilus,Burkholderiaceae_C,Burkholderiales,Gammaproteobacteria,Pseudomonadota,gyrA,7,0,0
Sphingoaurantiacus,Sphingomonadaceae,Sphingomonadales,Alphaproteobacteria,Pseudomonadota,gyrA,1,0,0
Sphingobacterium,Sphingobacteriaceae,Sphingobacteriales,Bacteroidia,Bacteroidota,gyrA,63,1,0.015873015873015872
Sphingobium,Sphingomonadaceae,Sphingomonadales,Alphaproteobacteria,Pseudomonadota,gyrA,51,3,0.058823529411764705
Sphingomicrobium,Sphingomonadaceae,Sphingomonadales,Alphaproteobacteria,Pseudomonadota,gyrA,11,0,0
Sphingomonas,Sphingomonadaceae,Sphingomonadales,Alphaproteobacteria,Pseudomonadota,gyrA,188,12,0.06382978723404255
Sphingopyxis,Sphingomonadaceae,Sphingomonadales,Alphaproteobacteria,Pseudomonadota,gyrA,21,0,0
Sphingorhabdus,NA,NA,NA,NA,gyrA,8,0,0
Sphingosinicella,Sphingomonadaceae,Sphingomonadales,Alphaproteobacteria,Pseudomonadota,gyrA,5,0,0
Spinactinospora,Streptosporangiaceae,Streptosporangiales,Actinomycetes,Actinomycetota,gyrA,1,0,0
Spirabiliibacterium,Pasteurellaceae,Enterobacterales,Gammaproteobacteria,Pseudomonadota,gyrA,3,0,0
Spiractinospora,Streptosporangiaceae,Streptosporangiales,Actinomycetes,Actinomycetota,gyrA,1,1,1
Spiribacter,Nitrococcaceae,Nitrococcales,Gammaproteobacteria,Pseudomonadota,gyrA,9,0,0
Spirillospora,Streptosporangiaceae,Streptosporangiales,Actinomycetes,Actinomycetota,gyrA,1,1,1
Spirobacillus,NA,NA,NA,NA,gyrA,1,1,1
Spirochaeta,NA,NA,NA,NA,gyrA,5,1,0.2
Spiroplasma,Mycoplasmataceae,Mycoplasmatales,Bacilli_A,Bacillota_I,gyrA,91,39,0.42857142857142855
Spirosoma,Spirosomataceae,Cytophagales,Bacteroidia,Bacteroidota,gyrA,47,9,0.19148936170212766
Spirulina,Spirulinaceae,Cyanobacteriales,Cyanobacteriia,Cyanobacteriota,gyrA,2,0,0
Splendidivirga,Cyclobacteriaceae,Cytophagales,Bacteroidia,Bacteroidota,gyrA,1,1,1
Spongiactinospora,Streptosporangiaceae,Streptosporangiales,Actinomycetes,Actinomycetota,gyrA,2,0,0
Spongiibacter,Spongiibacteraceae,Pseudomonadales,Gammaproteobacteria,Pseudomonadota,gyrA,6,0,0
Spongiimicrobium,Flavobacteriaceae,Flavobacteriales,Bacteroidia,Bacteroidota,gyrA,1,0,0
Spongiivirga,Flavobacteriaceae,Flavobacteriales,Bacteroidia,Bacteroidota,gyrA,1,0,0
Spongisporangium,Kineosporiaceae,Actinomycetales,Actinomycetes,Actinomycetota,gyrA,1,0,0
Spongorhabdus,NA,NA,NA,NA,gyrA,1,0,0
Sporacetigenium,NA,NA,NA,NA,gyrA,1,0,0
Sporanaerobacter,Sporanaerobacteraceae,Tissierellales,Clostridia,Bacillota,gyrA,1,0,0
Sporanaerobium,Cellulosilyticaceae,Lachnospirales,Clostridia,Bacillota,gyrA,1,0,0
Sporichthya,Sporichthyaceae,Sporichthyales,Actinomycetes,Actinomycetota,gyrA,2,0,0
Sporobacter,Oscillospiraceae,Oscillospirales,Clostridia,Bacillota,gyrA,1,1,1
Sporocytophaga,Cytophagaceae,Cytophagales,Bacteroidia,Bacteroidota,gyrA,1,1,1
Sporofaciens,Lachnospiraceae,Lachnospirales,Clostridia,Bacillota,gyrA,1,1,1
Sporohalobacter,NA,NA,NA,NA,gyrA,1,1,1
Sporolactobacillus,Sporolactobacillaceae,Bacillales,Bacilli,Bacillota,gyrA,13,2,0.15384615384615385
Sporomusa,Sporomusaceae,Sporomusales,Negativicutes,Bacillota,gyrA,10,0,0
Sporosalibacterium,VENL01,Tissierellales,Clostridia,Bacillota,gyrA,1,0,0
Sporosarcina,Planococcaceae,Bacillales_A,Bacilli,Bacillota,gyrA,26,0,0
Sporotomaculum,Desulfallaceae,Desulfotomaculales,Desulfotomaculia,Bacillota,gyrA,1,0,0
Stackebrandtia,Micromonosporaceae,Mycobacteriales,Actinomycetes,Actinomycetota,gyrA,4,1,0.25
Stagnihabitans,Rhodobacteraceae,Rhodobacterales,Alphaproteobacteria,Pseudomonadota,gyrA,2,0,0
Stagnimonas,Nevskiaceae,Nevskiales,Gammaproteobacteria,Pseudomonadota,gyrA,1,0,0
Stakelama,NA,NA,NA,NA,gyrA,7,1,0.14285714285714285
Stanieria,Xenococcaceae,Cyanobacteriales,Cyanobacteriia,Cyanobacteriota,gyrA,1,0,0
Staphylococcus,Staphylococcaceae,Staphylococcales,Bacilli,Bacillota,gyrA,70,2,0.02857142857142857
Staphylospora,Thermoactinomycetaceae,Thermoactinomycetales,Bacilli,Bacillota,gyrA,1,1,1
Stappia,Stappiaceae,Rhizobiales,Alphaproteobacteria,Pseudomonadota,gyrA,6,0,0
Starkeya,NA,NA,NA,NA,gyrA,1,1,1
Stecheria,NA,NA,NA,NA,gyrA,1,1,1
Steffania,Enterobacteriaceae,Enterobacterales,Gammaproteobacteria,Pseudomonadota,gyrA,1,0,0
Stenomitos,Leptolyngbyaceae,Leptolyngbyales,Cyanobacteriia,Cyanobacteriota,gyrA,1,0,0
Stenotrophobium,Nevskiaceae,Nevskiales,Gammaproteobacteria,Pseudomonadota,gyrA,1,0,0
Stenotrophomonas,Xanthomonadaceae,Xanthomonadales,Gammaproteobacteria,Pseudomonadota,gyrA,38,3,0.07894736842105263
Stenoxybacter,Neisseriaceae,Burkholderiales,Gammaproteobacteria,Pseudomonadota,gyrA,1,0,0
Steroidobacter,Steroidobacteraceae,Steroidobacterales,Gammaproteobacteria,Pseudomonadota,gyrA,5,0,0
Stieleria,Pirellulaceae,Pirellulales,Planctomycetia,Planctomycetota,gyrA,9,0,0
Stomatobaculum,NA,NA,NA,NA,gyrA,1,1,1
Stomatohabitans,Euzebyaceae,Euzebyales,Nitriliruptoria,Actinomycetota,gyrA,1,0,0
Stoquefichus,Coprobacillaceae,Erysipelotrichales,Bacilli_A,Bacillota_I,gyrA,1,0,0
Stratiformator,Planctomycetaceae,Planctomycetales,Planctomycetia,Planctomycetota,gyrA,1,0,0
Streptacidiphilus,Streptomycetaceae,Streptomycetales,Actinomycetes,Actinomycetota,gyrA,13,0,0
Streptantibioticus,Streptomycetaceae,Streptomycetales,Actinomycetes,Actinomycetota,gyrA,5,5,1
Streptoalloteichus,Pseudonocardiaceae,Mycobacteriales,Actinomycetes,Actinomycetota,gyrA,2,0,0
Streptobacillus,Leptotrichiaceae,Fusobacteriales,Fusobacteriia,Fusobacteriota,gyrA,5,5,1
Streptococcus,Streptococcaceae,Lactobacillales,Bacilli,Bacillota,gyrA,158,9,0.056962025316455694
Streptodolium,NA,NA,NA,NA,gyrA,1,0,0
Streptohalobacillus,Amphibacillaceae,Bacillales,Bacilli,Bacillota,gyrA,1,0,0
Streptomonospora,Streptosporangiaceae,Streptosporangiales,Actinomycetes,Actinomycetota,gyrA,9,2,0.2222222222222222
Streptomyces,Streptomycetaceae,Streptomycetales,Actinomycetes,Actinomycetota,gyrA,826,33,0.039951573849878935
Streptosporangium,Streptosporangiaceae,Streptosporangiales,Actinomycetes,Actinomycetota,gyrA,21,19,0.9047619047619048
Streptoverticillium,NA,NA,NA,NA,gyrA,1,1,1
Stutzerimonas,Pseudomonadaceae,Pseudomonadales,Gammaproteobacteria,Pseudomonadota,gyrA,17,0,0
Stygiobacter,Melioribacteraceae,Ignavibacteriales,Ignavibacteria,Bacteroidota,gyrA,1,0,0
Subdoligranulum,NA,NA,NA,NA,gyrA,1,1,1
Subsaximicrobium,NA,NA,NA,NA,gyrA,1,0,0
Subtercola,Microbacteriaceae,Actinomycetales,Actinomycetes,Actinomycetota,gyrA,5,1,0.2
Succinatimonas,Succinivibrionaceae,Enterobacterales,Gammaproteobacteria,Pseudomonadota,gyrA,1,1,1
Succiniclasticum,Acidaminococcaceae,Acidaminococcales,Negativicutes,Bacillota,gyrA,1,0,0
Succinimonas,Succinivibrionaceae,Enterobacterales,Gammaproteobacteria,Pseudomonadota,gyrA,1,0,0
Succinispira,Succinispiraceae,Acidaminococcales,Negativicutes,Bacillota,gyrA,1,0,0
Succinivibrio,Succinivibrionaceae,Enterobacterales,Gammaproteobacteria,Pseudomonadota,gyrA,1,0,0
Suicoccus,Aerococcaceae,Lactobacillales,Bacilli,Bacillota,gyrA,1,1,1
Suilimivivens,Lachnospiraceae,Lachnospirales,Clostridia,Bacillota,gyrA,1,1,1
Suipraeoptans,Lachnospiraceae,Lachnospirales,Clostridia,Bacillota,gyrA,1,1,1
Sulfidibacter,Acanthopleuribacteraceae,Acanthopleuribacterales,Holophagae,Acidobacteriota,gyrA,1,1,1
Sulfidibacterium,F082,Bacteroidales,Bacteroidia,Bacteroidota,gyrA,1,0,0
Sulfitobacter,Rhodobacteraceae,Rhodobacterales,Alphaproteobacteria,Pseudomonadota,gyrA,31,0,0
Sulfoacidibacillus,SLC66,Alicyclobacillales,Bacilli,Bacillota,gyrA,2,0,0
Sulfobacillus,Sulfobacillaceae,Sulfobacillales,Sulfobacillia,Bacillota,gyrA,2,1,0.5
Sulfonitrofixus,Sulfurimonadaceae,Campylobacterales,Campylobacteria,Campylobacterota,gyrA,1,0,0
Sulfur-Oxidizing,NA,NA,NA,NA,gyrA,1,0,0
Sulfuricaulis,Sulfurifustaceae,Acidiferrobacterales,Gammaproteobacteria,Pseudomonadota,gyrA,1,0,0
Sulfuricella,Sulfuricellaceae,Burkholderiales,Gammaproteobacteria,Pseudomonadota,gyrA,1,0,0
Sulfuricurvum,Sulfurimonadaceae,Campylobacterales,Campylobacteria,Campylobacterota,gyrA,1,0,0
Sulfuricystis,Rhodocyclaceae,Burkholderiales,Gammaproteobacteria,Pseudomonadota,gyrA,2,0,0
Sulfuriferula,Sulfuriferulaceae,Burkholderiales,Gammaproteobacteria,Pseudomonadota,gyrA,4,0,0
Sulfuriflexus,AKS1,AKS1,Gammaproteobacteria,Pseudomonadota,gyrA,1,0,0
Sulfurifustis,Sulfurifustaceae,Acidiferrobacterales,Gammaproteobacteria,Pseudomonadota,gyrA,1,0,0
Sulfurimicrobium,Sulfuricellaceae,Burkholderiales,Gammaproteobacteria,Pseudomonadota,gyrA,1,0,0
Sulfurimonas,Sulfurimonadaceae,Campylobacterales,Campylobacteria,Campylobacterota,gyrA,20,0,0
Sulfurirhabdus,SMCO01,Burkholderiales,Gammaproteobacteria,Pseudomonadota,gyrA,1,0,0
Sulfuriroseicoccus,SLCJ01,Verrucomicrobiales,Verrucomicrobiia,Verrucomicrobiota,gyrA,1,0,0
Sulfurisoma,Rhodocyclaceae,Burkholderiales,Gammaproteobacteria,Pseudomonadota,gyrA,1,0,0
Sulfuritalea,Rhodocyclaceae,Burkholderiales,Gammaproteobacteria,Pseudomonadota,gyrA,1,0,0
Sulfuritortus,Thiobacillaceae,Burkholderiales,Gammaproteobacteria,Pseudomonadota,gyrA,1,0,0
Sulfurivermis,Thiohalomonadaceae,Thiohalomonadales,Gammaproteobacteria,Pseudomonadota,gyrA,1,0,0
Sulfurivirga,Thiomicrospiraceae,Thiomicrospirales,Gammaproteobacteria,Pseudomonadota,gyrA,1,0,0
Sulfurospirillum,Sulfurospirillaceae,Campylobacterales,Campylobacteria,Campylobacterota,gyrA,10,0,0
Sulfurovum,Sulfurovaceae,Campylobacterales,Campylobacteria,Campylobacterota,gyrA,8,0,0
Sungkyunkwania,Flavobacteriaceae,Flavobacteriales,Bacteroidia,Bacteroidota,gyrA,1,0,0
Sunxiuqinia,Prolixibacteraceae,Bacteroidales,Bacteroidia,Bacteroidota,gyrA,4,0,0
Superficieibacter,Enterobacteriaceae,Enterobacterales,Gammaproteobacteria,Pseudomonadota,gyrA,1,0,0
Sutcliffiella,Bacillaceae_I,Bacillales,Bacilli,Bacillota,gyrA,6,0,0
Sutterella,Burkholderiaceae_F,Burkholderiales,Gammaproteobacteria,Pseudomonadota,gyrA,5,0,0
Suttonella,Cardiobacteriaceae,Cardiobacteriales,Gammaproteobacteria,Pseudomonadota,gyrA,2,0,0
Svornostia,Solirubrobacteraceae,Solirubrobacterales,Thermoleophilia,Actinomycetota,gyrA,1,0,0
Swaminathania,Acetobacteraceae,Acetobacterales,Alphaproteobacteria,Pseudomonadota,gyrA,1,0,0
Swingsia,NA,NA,NA,NA,gyrA,1,0,0
Symbiobacter,NA,NA,NA,NA,gyrA,1,0,0
Symbiobacterium,Symbiobacteriaceae,Symbiobacteriales,Sulfobacillia,Bacillota,gyrA,4,1,0.25
Symbiopectobacterium,Enterobacteriaceae,Enterobacterales,Gammaproteobacteria,Pseudomonadota,gyrA,2,0,0
Symbioplanes,NA,NA,NA,NA,gyrA,1,0,0
Symmachiella,Planctomycetaceae,Planctomycetales,Planctomycetia,Planctomycetota,gyrA,2,0,0
Symploca,NA,NA,NA,NA,gyrA,1,0,0
Synchoanobacter,Comchoanobacteraceae,Comchoanobacterales,Gammaproteobacteria,Pseudomonadota,gyrA,1,0,0
Synechococcus,Synechococcaceae,Synechococcales,Cyanobacteriia,Cyanobacteriota,gyrA,4,0,0
Synechocystis,Microcystaceae,Cyanobacteriales,Cyanobacteriia,Cyanobacteriota,gyrA,1,0,0
Synergistes,Synergistaceae,Synergistales,Synergistia,Synergistota,gyrA,1,1,1
Syntrophaceticus,Thermacetogeniaceae,Thermacetogeniales,DSM-12270,Bacillota,gyrA,1,0,0
Syntrophobacter,Syntrophobacteraceae,Syntrophobacterales,Syntrophobacteria,Desulfobacterota,gyrA,1,0,0
Syntrophobotulus,Syntrophobotulaceae,Desulfitobacteriales,Desulfitobacteriia,Bacillota,gyrA,1,0,0
Syntrophocurvum,Syntrophomonadaceae,Syntrophomonadales,Syntrophomonadia,Bacillota,gyrA,1,0,0
Syntrophomonas,Syntrophomonadaceae,Syntrophomonadales,Syntrophomonadia,Bacillota,gyrA,5,4,0.8
Syntrophorhabdus,Syntrophorhabdaceae,Syntrophorhabdales,Syntrophorhabdia,Desulfobacterota,gyrA,1,0,0
Syntrophosphaera,Cloacimonadaceae,Cloacimonadales,Cloacimonadia,Cloacimonadota,gyrA,1,0,0
Syntrophotalea,Syntrophotaleaceae,Desulfuromonadales,Desulfuromonadia,Desulfobacterota,gyrA,3,0,0
Syntrophothermus,Syntrophothermaceae,Syntrophomonadales,Syntrophomonadia,Bacillota,gyrA,1,1,1
Syntrophus,Syntrophaceae,Syntrophales,Syntrophia,Desulfobacterota,gyrA,3,3,1
Szabonella,Rhodobacteraceae,Rhodobacterales,Alphaproteobacteria,Pseudomonadota,gyrA,1,0,0
Tabrizicola,Rhodobacteraceae,Rhodobacterales,Alphaproteobacteria,Pseudomonadota,gyrA,8,0,0
Tachikawaea,Enterobacteriaceae,Enterobacterales,Gammaproteobacteria,Pseudomonadota,gyrA,1,0,0
Tahibacter,Rhodanobacteraceae,Xanthomonadales,Gammaproteobacteria,Pseudomonadota,gyrA,5,3,0.6
Taibaiella,Chitinophagaceae,Chitinophagales,Bacteroidia,Bacteroidota,gyrA,5,2,0.4
Taishania,Crocinitomicaceae,Flavobacteriales_D,Bacteroidia,Bacteroidota,gyrA,1,0,0
Taklimakanibacter,Aestuariivirgaceae,Rhizobiales,Alphaproteobacteria,Pseudomonadota,gyrA,3,3,1
Tamaricihabitans,Pseudonocardiaceae,Mycobacteriales,Actinomycetes,Actinomycetota,gyrA,1,0,0
Tamilnaduibacter,Oleiphilaceae,Pseudomonadales,Gammaproteobacteria,Pseudomonadota,gyrA,1,0,0
Tamlana,Flavobacteriaceae,Flavobacteriales,Bacteroidia,Bacteroidota,gyrA,3,0,0
Tangfeifania,Prolixibacteraceae,Bacteroidales,Bacteroidia,Bacteroidota,gyrA,1,0,0
Tannerella,Tannerellaceae,Bacteroidales,Bacteroidia,Bacteroidota,gyrA,2,0,0
Tannockella,Coprobacillaceae,Erysipelotrichales,Bacilli_A,Bacillota_I,gyrA,1,0,0
Tanticharoenia,Acetobacteraceae,Acetobacterales,Alphaproteobacteria,Pseudomonadota,gyrA,1,0,0
Tardibacter,Sphingomonadaceae,Sphingomonadales,Alphaproteobacteria,Pseudomonadota,gyrA,1,0,0
Tardiphaga,Xanthobacteraceae,Rhizobiales,Alphaproteobacteria,Pseudomonadota,gyrA,2,0,0
Tateyamaria,Rhodobacteraceae,Rhodobacterales,Alphaproteobacteria,Pseudomonadota,gyrA,5,0,0
Tatumella,Enterobacteriaceae,Enterobacterales,Gammaproteobacteria,Pseudomonadota,gyrA,5,0,0
Taurinivorans,Desulfovibrionaceae,Desulfovibrionales,Desulfovibrionia,Desulfobacterota,gyrA,1,0,0
Tautonia,Isosphaeraceae,Isosphaerales,Planctomycetia,Planctomycetota,gyrA,4,0,0
Taylorella,Burkholderiaceae_B,Burkholderiales,Gammaproteobacteria,Pseudomonadota,gyrA,2,0,0
Teichococcus,NA,NA,NA,NA,gyrA,11,0,0
Telluria,Burkholderiaceae_D,Burkholderiales,Gammaproteobacteria,Pseudomonadota,gyrA,4,3,0.75
Telluribacter,Spirosomataceae,Cytophagales,Bacteroidia,Bacteroidota,gyrA,2,0,0
Telmatobacter,Acidobacteriaceae,Terriglobales,Terriglobia,Acidobacteriota,gyrA,1,0,0
Telmatocola,Gemmataceae,Gemmatales,Planctomycetia,Planctomycetota,gyrA,1,1,1
Telmatospirillum,Magnetospirillaceae,Rhodospirillales,Alphaproteobacteria,Pseudomonadota,gyrA,1,0,0
Temperatibacter,Kordiimonadaceae,Sphingomonadales,Alphaproteobacteria,Pseudomonadota,gyrA,1,0,0
Tenacibaculum,NA,NA,NA,NA,gyrA,43,0,0
Tenebrionibacter,Enterobacteriaceae,Enterobacterales,Gammaproteobacteria,Pseudomonadota,gyrA,1,0,0
Tenebrionicola,NA,NA,NA,NA,gyrA,1,0,0
Tenggerimyces,Actinopolymorphaceae,Propionibacteriales,Actinomycetes,Actinomycetota,gyrA,1,0,0
Tengunoibacter,Ktedonobacteraceae,Ktedonobacterales,Ktedonobacteria,Chloroflexota,gyrA,1,1,1
Tenuibacillus,Alkalibacillaceae,Bacillales,Bacilli,Bacillota,gyrA,1,0,0
Tenuifilum,Tenuifilaceae,Bacteroidales,Bacteroidia,Bacteroidota,gyrA,2,0,0
Tepidamorphus,Tepidamorphaceae,Rhizobiales,Alphaproteobacteria,Pseudomonadota,gyrA,1,0,0
Tepidanaerobacter,Tepidanaerobacteraceae,Thermosediminibacterales,Thermosediminibacteria,Bacillota,gyrA,2,2,1
Tepidibacillus,Tepidibacillaceae,Tepidibacillales,Bacilli,Bacillota,gyrA,4,2,0.5
Tepidibacter,Peptostreptococcaceae,Peptostreptococcales,Clostridia,Bacillota,gyrA,5,2,0.4
Tepidicaulis,Parvibaculaceae,Parvibaculales,Alphaproteobacteria,Pseudomonadota,gyrA,1,0,0
Tepidicella,Burkholderiaceae_C,Burkholderiales,Gammaproteobacteria,Pseudomonadota,gyrA,2,0,0
Tepidiforma,Tepidiformaceae,Tepidiformales,Dehalococcoidia,Chloroflexota,gyrA,3,0,0
Tepidimicrobium,Tepidimicrobiaceae,Tissierellales,Clostridia,Bacillota,gyrA,1,0,0
Tepidimonas,Burkholderiaceae_C,Burkholderiales,Gammaproteobacteria,Pseudomonadota,gyrA,8,0,0
Tepidiphilus,Rhodocyclaceae,Burkholderiales,Gammaproteobacteria,Pseudomonadota,gyrA,5,0,0
Tepidisphaera,NA,NA,NA,NA,gyrA,1,1,1
Tepiditoga,Petrotogaceae,Petrotogales,Thermotogae,Thermotogota,gyrA,1,1,1
Terasakiella,Terasakiellaceae,Rhodospirillales,Alphaproteobacteria,Pseudomonadota,gyrA,4,0,0
Terasakiispira,Halomonadaceae,Pseudomonadales,Gammaproteobacteria,Pseudomonadota,gyrA,1,0,0
Teredinibacter,Cellvibrionaceae,Pseudomonadales,Gammaproteobacteria,Pseudomonadota,gyrA,5,0,0
Teretinema,Treponemataceae,Treponematales,Spirochaetia,Spirochaetota,gyrA,1,0,0
Termitidicoccus,Opitutaceae,Opitutales,Verrucomicrobiia,Verrucomicrobiota,gyrA,1,0,0
Terrabacter,Dermatophilaceae,Actinomycetales,Actinomycetes,Actinomycetota,gyrA,9,0,0
Terracoccus,Dermatophilaceae,Actinomycetales,Actinomycetes,Actinomycetota,gyrA,1,0,0
Terribacillus,Amphibacillaceae,Bacillales,Bacilli,Bacillota,gyrA,4,0,0
Terribium,NA,NA,NA,NA,gyrA,2,2,1
Terricaulis,NA,NA,NA,NA,gyrA,1,0,0
Terriglobus,Acidobacteriaceae,Terriglobales,Terriglobia,Acidobacteriota,gyrA,5,0,0
Terrihabitans,NA,NA,NA,NA,gyrA,3,0,0
Terrihalobacillus,Amphibacillaceae,Bacillales,Bacilli,Bacillota,gyrA,1,0,0
Terrilactibacillus,Sporolactobacillaceae,Bacillales,Bacilli,Bacillota,gyrA,2,0,0
Terrimesophilobacter,Microbacteriaceae,Actinomycetales,Actinomycetes,Actinomycetota,gyrA,1,1,1
Terrimicrobium,Terrimicrobiaceae,Chthoniobacterales,Verrucomicrobiia,Verrucomicrobiota,gyrA,1,1,1
Terrimonas,Chitinophagaceae,Chitinophagales,Bacteroidia,Bacteroidota,gyrA,5,3,0.6
Terripilifer,Beijerinckiaceae,Rhizobiales,Alphaproteobacteria,Pseudomonadota,gyrA,1,0,0
Terrirhizobium,NA,NA,NA,NA,gyrA,1,1,1
Terrirubrum,Beijerinckiaceae,Rhizobiales,Alphaproteobacteria,Pseudomonadota,gyrA,1,0,0
Terrisphaera,NA,NA,NA,NA,gyrA,1,0,0
Terrisporobacter,Peptostreptococcaceae,Peptostreptococcales,Clostridia,Bacillota,gyrA,7,2,0.2857142857142857
Tersicoccus,Micrococcaceae,Actinomycetales,Actinomycetes,Actinomycetota,gyrA,3,3,1
Tessaracoccus,NA,NA,NA,NA,gyrA,15,0,0
Testudinibacter,NA,NA,NA,NA,gyrA,2,0,0
Tetragenococcus,Enterococcaceae,Lactobacillales,Bacilli,Bacillota,gyrA,5,0,0
Tetzosporium,NA,NA,NA,NA,gyrA,1,0,0
Texcoconibacillus,Salisediminibacteriaceae,Bacillales,Bacilli,Bacillota,gyrA,1,0,0
Thainema,Phormidesmidaceae,Phormidesmidales,Cyanobacteriia,Cyanobacteriota,gyrA,1,0,0
Thalassiella,NA,NA,NA,NA,gyrA,1,0,0
Thalassobacillus,Halobacillaceae,Bacillales,Bacilli,Bacillota,gyrA,4,0,0
Thalassobacter,Rhodobacteraceae,Rhodobacterales,Alphaproteobacteria,Pseudomonadota,gyrA,1,0,0
Thalassobacterium,Coraliomargaritaceae,Opitutales,Verrucomicrobiia,Verrucomicrobiota,gyrA,2,0,0
Thalassobaculum,Thalassobaculaceae,Thalassobaculales,Alphaproteobacteria,Pseudomonadota,gyrA,3,0,0
Thalassobellus,Flavobacteriaceae,Flavobacteriales,Bacteroidia,Bacteroidota,gyrA,3,0,0
Thalassobius,Rhodobacteraceae,Rhodobacterales,Alphaproteobacteria,Pseudomonadota,gyrA,1,0,0
Thalassococcus,Rhodobacteraceae,Rhodobacterales,Alphaproteobacteria,Pseudomonadota,gyrA,4,0,0
Thalassoglobus,Planctomycetaceae,Planctomycetales,Planctomycetia,Planctomycetota,gyrA,2,0,0
Thalassolituus,Oceanobacteraceae,Pseudomonadales,Gammaproteobacteria,Pseudomonadota,gyrA,7,0,0
Thalassomonas,Alteromonadaceae,Enterobacterales,Gammaproteobacteria,Pseudomonadota,gyrA,3,0,0
Thalassoporum,Pseudanabaenaceae,Pseudanabaenales,Cyanobacteriia,Cyanobacteriota,gyrA,1,0,0
Thalassorhabdomicrobium,NA,NA,NA,NA,gyrA,1,0,0
Thalassorhabdus,Marinococcaceae,Bacillales,Bacilli,Bacillota,gyrA,1,0,0
Thalassoroseus,Planctomycetaceae,Planctomycetales,Planctomycetia,Planctomycetota,gyrA,1,0,0
Thalassospira,Thalassospiraceae,Rhodospirillales,Alphaproteobacteria,Pseudomonadota,gyrA,14,0,0
Thalassotalea,NA,NA,NA,NA,gyrA,27,1,0.037037037037037035
Thalassovita,NA,NA,NA,NA,gyrA,7,0,0
Thalassovivens,Rhodobacteraceae,Rhodobacterales,Alphaproteobacteria,Pseudomonadota,gyrA,1,0,0
Thauera,Rhodocyclaceae,Burkholderiales,Gammaproteobacteria,Pseudomonadota,gyrA,14,1,0.07142857142857142
Thaumasiovibrio,Vibrionaceae,Enterobacterales,Gammaproteobacteria,Pseudomonadota,gyrA,2,0,0
Thermacetogenium,Thermacetogeniaceae,Thermacetogeniales,DSM-12270,Bacillota,gyrA,1,1,1
Thermaerobacillus,Anoxybacillaceae,Bacillales,Bacilli,Bacillota,gyrA,1,1,1
Thermaerobacter,Thermaerobacteraceae,Thermaerobacterales,Sulfobacillia,Bacillota,gyrA,4,4,1
Thermalbibacter,Thermomicrobiaceae,Thermomicrobiales,Chloroflexia,Chloroflexota,gyrA,1,1,1
Thermanaeromonas,Neomoorellaceae,Neomoorellales,DSM-521,Bacillota,gyrA,1,1,1
Thermanaerosceptrum,DRI-13,DRI-13,Peptococcia,Bacillota,gyrA,1,0,0
Thermanaerothrix,Anaerolineaceae,Anaerolineales,Anaerolineae,Chloroflexota,gyrA,2,0,0
Thermanaerovibrio,Synergistaceae,Synergistales,Synergistia,Synergistota,gyrA,2,2,1
Thermasporomyces,Actinopolymorphaceae,Propionibacteriales,Actinomycetes,Actinomycetota,gyrA,1,0,0
Thermatribacter,Thermatribacteraceae,Atribacterales,Atribacteria,Atribacterota,gyrA,1,0,0
Thermaurantiacus,Sphingomonadaceae,Sphingomonadales,Alphaproteobacteria,Pseudomonadota,gyrA,1,0,0
Thermaurantimonas,Schleiferiaceae,Flavobacteriales,Bacteroidia,Bacteroidota,gyrA,1,0,0
Thermicanus,Thermicanaceae,Thermicanales,Bacilli,Bacillota,gyrA,1,0,0
Thermincola,Thermincolaceae,Thermincolales,Thermincolia,Bacillota,gyrA,1,0,0
Thermithiobacillus,Thermithiobacillaceae,Acidithiobacillales,Gammaproteobacteria,Pseudomonadota,gyrA,2,0,0
Thermoactinomyces,Thermoactinomycetaceae,Thermoactinomycetales,Bacilli,Bacillota,gyrA,4,4,1
Thermoactinospora,NA,NA,NA,NA,gyrA,1,0,0
Thermoanaerobacter,Thermoanaerobacteraceae,Thermoanaerobacterales,Thermoanaerobacteria,Bacillota,gyrA,8,8,1
Thermoanaerobacterium,Thermoanaerobacteraceae,Thermoanaerobacterales,Thermoanaerobacteria,Bacillota,gyrA,7,7,1
Thermoanaerobaculum,Thermoanaerobaculaceae,Thermoanaerobaculales,Thermoanaerobaculia,Acidobacteriota,gyrA,1,1,1
Thermobacillus,Paenibacillaceae,Paenibacillales,Bacilli,Bacillota,gyrA,2,2,1
Thermobaculum,Thermobaculaceae,Thermobaculales,Chloroflexia,Chloroflexota,gyrA,1,0,0
Thermobifida,Streptosporangiaceae,Streptosporangiales,Actinomycetes,Actinomycetota,gyrA,4,0,0
Thermobispora,Streptosporangiaceae,Streptosporangiales,Actinomycetes,Actinomycetota,gyrA,1,1,1
Thermobrachium,Caloramatoraceae,Clostridiales,Clostridia,Bacillota,gyrA,1,0,0
Thermocaproicibacter,Acutalibacteraceae,Oscillospirales,Clostridia,Bacillota,gyrA,1,1,1
Thermocatellispora,Streptosporangiaceae,Streptosporangiales,Actinomycetes,Actinomycetota,gyrA,1,0,0
Thermochromatium,Chromatiaceae,Chromatiales,Gammaproteobacteria,Pseudomonadota,gyrA,1,1,1
Thermoclostridium,DSM-8532,DSM-8532,Clostridia,Bacillota,gyrA,2,2,1
Thermocoleostomius,Elainellaceae,Elainellales,Cyanobacteriia,Cyanobacteriota,gyrA,1,0,0
Thermocrispum,Pseudonocardiaceae,Mycobacteriales,Actinomycetes,Actinomycetota,gyrA,2,0,0
Thermodesulfatator,Thermodesulfatatoraceae,Thermodesulfobacteriales,Thermodesulfobacteria,Desulfobacterota,gyrA,3,0,0
Thermodesulfitimonas,Ammonificaceae,Desulfotomaculales,Desulfotomaculia,Bacillota,gyrA,1,1,1
Thermodesulfobacterium,Thermodesulfobacteriaceae,Thermodesulfobacteriales,Thermodesulfobacteria,Desulfobacterota,gyrA,5,5,1
Thermodesulfobium,Thermodesulfobiaceae,Thermodesulfobiales,Thermodesulfobiia,Thermodesulfobiota,gyrA,3,0,0
Thermodesulfomicrobium,Desulfomicrobiaceae,Desulfovibrionales,Desulfovibrionia,Desulfobacterota,gyrA,1,1,1
Thermodesulforhabdus,Thermodesulforhabdaceae,Syntrophobacterales,Syntrophobacteria,Desulfobacterota,gyrA,1,1,1
Thermodesulfovibrio,Thermodesulfovibrionaceae,Thermodesulfovibrionales,Thermodesulfovibrionia,Nitrospirota,gyrA,6,0,0
Thermoflavifilum,Chitinophagaceae,Chitinophagales,Bacteroidia,Bacteroidota,gyrA,2,0,0
Thermoflavimicrobium,Thermoactinomycetaceae,Thermoactinomycetales,Bacilli,Bacillota,gyrA,2,1,0.5
Thermoflexibacter,Thermoflexibacteraceae,Cytophagales,Bacteroidia,Bacteroidota,gyrA,1,0,0
Thermogemmata,Gemmataceae,Gemmatales,Planctomycetia,Planctomycetota,gyrA,1,1,1
Thermogemmatispora,Ktedonobacteraceae,Ktedonobacterales,Ktedonobacteria,Chloroflexota,gyrA,5,5,1
Thermogutta,Thermoguttaceae,Pirellulales,Planctomycetia,Planctomycetota,gyrA,2,0,0
Thermohahella,Oleiphilaceae,Pseudomonadales,Gammaproteobacteria,Pseudomonadota,gyrA,1,0,0
Thermohalobacter,Thermohalobacteraceae,Tissierellales,Clostridia,Bacillota,gyrA,1,0,0
Thermohalobaculum,Rhodobacteraceae,Rhodobacterales,Alphaproteobacteria,Pseudomonadota,gyrA,2,0,0
Thermokryptus,NA,NA,NA,NA,gyrA,1,1,1
Thermoleophilum,Thermoleophilaceae,Solirubrobacterales,Thermoleophilia,Actinomycetota,gyrA,1,1,1
Thermoleptolyngbya,Elainellaceae,Elainellales,Cyanobacteriia,Cyanobacteriota,gyrA,2,0,0
Thermolongibacillus,Anoxybacillaceae,Bacillales,Bacilli,Bacillota,gyrA,1,1,1
Thermomicrobium,Thermomicrobiaceae,Thermomicrobiales,Chloroflexia,Chloroflexota,gyrA,1,0,0
Thermomonas,Xanthomonadaceae,Xanthomonadales,Gammaproteobacteria,Pseudomonadota,gyrA,11,0,0
Thermomonospora,Streptosporangiaceae,Streptosporangiales,Actinomycetes,Actinomycetota,gyrA,6,1,0.16666666666666666
Thermonema,Thermonemataceae,Cytophagales,Bacteroidia,Bacteroidota,gyrA,2,2,1
Thermophagus,Marinilabiliaceae,Bacteroidales,Bacteroidia,Bacteroidota,gyrA,1,1,1
Thermophilibacter,Atopobiaceae,Coriobacteriales,Coriobacteriia,Actinomycetota,gyrA,4,0,0
Thermopirellula,NA,NA,NA,NA,gyrA,1,0,0
Thermopolyspora,Streptosporangiaceae,Streptosporangiales,Actinomycetes,Actinomycetota,gyrA,1,1,1
Thermorhabdus,NA,NA,NA,NA,gyrA,1,1,1
Thermorudis,Thermomicrobiaceae,Thermomicrobiales,Chloroflexia,Chloroflexota,gyrA,1,0,0
Thermosediminibacter,Thermosediminibacteraceae,Thermosediminibacterales,Thermosediminibacteria,Bacillota,gyrA,2,2,1
Thermosinus,Thermosinaceae,Sporomusales,Negativicutes,Bacillota,gyrA,2,0,0
Thermosipho,Fervidobacteriaceae,Thermotogales,Thermotogae,Thermotogota,gyrA,7,6,0.8571428571428571
Thermosporothrix,Ktedonobacteraceae,Ktedonobacterales,Ktedonobacteria,Chloroflexota,gyrA,1,1,1
Thermostaphylospora,Streptosporangiaceae,Streptosporangiales,Actinomycetes,Actinomycetota,gyrA,1,0,0
Thermostichus,Thermostichaceae,Thermostichales,Cyanobacteriia,Cyanobacteriota,gyrA,1,0,0
Thermostilla,NA,NA,NA,NA,gyrA,1,0,0
Thermosulfidibacter,Thermosulfidibacteraceae,Thermosulfidibacterales,Thermosulfidibacteria,Thermosulfidibacterota,gyrA,1,1,1
Thermosulfurimonas,Thermodesulfobacteriaceae,Thermodesulfobacteriales,Thermodesulfobacteria,Desulfobacterota,gyrA,2,2,1
Thermosulfuriphilus,ST65,Thermodesulfobacteriales,Thermodesulfobacteria,Desulfobacterota,gyrA,1,1,1
Thermosynechococcus,Thermosynechococcaceae,Thermosynechococcales,Cyanobacteriia,Cyanobacteriota,gyrA,2,0,0
Thermosyntropha,Syntrophomonadaceae,Syntrophomonadales,Syntrophomonadia,Bacillota,gyrA,2,2,1
Thermotalea,Thermotaleaceae,Peptostreptococcales,Clostridia,Bacillota,gyrA,1,0,0
Thermotoga,Thermotogaceae,Thermotogales,Thermotogae,Thermotogota,gyrA,3,3,1
Thermotomaculum,Thermotomaculaceae,Thermotomaculales,Holophagae,Acidobacteriota,gyrA,1,0,0
Thermovenabulum,Thermosediminibacteraceae,Thermosediminibacterales,Thermosediminibacteria,Bacillota,gyrA,1,1,1
Thermovibrio,Desulfurobacteriaceae,Desulfurobacteriales,Aquificia,Aquificota,gyrA,1,0,0
Thermovirga,Thermovirgaceae,Synergistales,Synergistia,Synergistota,gyrA,1,0,0
Thermus,Thermaceae,Deinococcales,Deinococci,Deinococcota,gyrA,28,28,1
Thetidibacter,Rhodobacteraceae,Rhodobacterales,Alphaproteobacteria,Pseudomonadota,gyrA,1,0,0
Thiemannella,NA,NA,NA,NA,gyrA,1,1,1
Thioalbus,DSM-26407,DSM-26407,Gammaproteobacteria,Pseudomonadota,gyrA,1,1,1
Thioalkalicoccus,Chromatiaceae,Chromatiales,Gammaproteobacteria,Pseudomonadota,gyrA,1,0,0
Thioalkalivibrio,Ectothiorhodospiraceae,Ectothiorhodospirales,Gammaproteobacteria,Pseudomonadota,gyrA,8,0,0
Thiobaca,Chromatiaceae,Chromatiales,Gammaproteobacteria,Pseudomonadota,gyrA,1,0,0
Thiobacillus,Thiobacillaceae,Burkholderiales,Gammaproteobacteria,Pseudomonadota,gyrA,4,0,0
Thiobacter,Thiobacteraceae,Burkholderiales,Gammaproteobacteria,Pseudomonadota,gyrA,2,0,0
Thiocapsa,Chromatiaceae,Chromatiales,Gammaproteobacteria,Pseudomonadota,gyrA,5,0,0
Thioclava,Rhodobacteraceae,Rhodobacterales,Alphaproteobacteria,Pseudomonadota,gyrA,11,11,1
Thiococcus,Chromatiaceae,Chromatiales,Gammaproteobacteria,Pseudomonadota,gyrA,1,0,0
Thiocystis,Chromatiaceae,Chromatiales,Gammaproteobacteria,Pseudomonadota,gyrA,3,0,0
Thiodiazotropha,Chromatiaceae,Chromatiales,Gammaproteobacteria,Pseudomonadota,gyrA,2,0,0
Thiodictyon,Chromatiaceae,Chromatiales,Gammaproteobacteria,Pseudomonadota,gyrA,1,0,0
Thiodubiliella,Pseudothioglobaceae,PS1,Gammaproteobacteria,Pseudomonadota,gyrA,1,0,0
Thiofilum,Thiotrichaceae,Thiotrichales,Gammaproteobacteria,Pseudomonadota,gyrA,1,0,0
Thioflavicoccus,Chromatiaceae,Chromatiales,Gammaproteobacteria,Pseudomonadota,gyrA,1,0,0
Thioflexithrix,Beggiatoaceae,Beggiatoales,Gammaproteobacteria,Pseudomonadota,gyrA,1,0,0
Thiofractor,NA,NA,NA,NA,gyrA,1,0,0
Thioglobus,NA,NA,NA,NA,gyrA,1,0,0
Thiogranum,DSM-19610,DSM-19610,Gammaproteobacteria,Pseudomonadota,gyrA,1,0,0
Thiohalocapsa,Chromatiaceae,Chromatiales,Gammaproteobacteria,Pseudomonadota,gyrA,2,0,0
Thiohalomonas,Thiohalomonadaceae,Thiohalomonadales,Gammaproteobacteria,Pseudomonadota,gyrA,1,0,0
Thiohalophilus,Thiohalophilaceae,UBA6429,Gammaproteobacteria,Pseudomonadota,gyrA,1,0,0
Thiohalorhabdus,Thiohalorhabdaceae,Thiohalorhabdales,Gammaproteobacteria,Pseudomonadota,gyrA,2,2,1
Thiohalospira,Thiohalospiraceae,Thiohalospirales,Gammaproteobacteria,Pseudomonadota,gyrA,1,0,0
Thiolapillus,Chromatiaceae,Chromatiales,Gammaproteobacteria,Pseudomonadota,gyrA,1,0,0
Thiolinea,Thiotrichaceae,Thiotrichales,Gammaproteobacteria,Pseudomonadota,gyrA,1,0,0
Thiomicrolovo,Sulfurimonadaceae,Campylobacterales,Campylobacteria,Campylobacterota,gyrA,4,0,0
Thiomicrorhabdus,Thiomicrospiraceae,Thiomicrospirales,Gammaproteobacteria,Pseudomonadota,gyrA,12,1,0.08333333333333333
Thiomicrospira,Thiomicrospiraceae,Thiomicrospirales,Gammaproteobacteria,Pseudomonadota,gyrA,4,0,0
Thiomonas,Burkholderiaceae_C,Burkholderiales,Gammaproteobacteria,Pseudomonadota,gyrA,5,0,0
Thioprofundum,NA,NA,NA,NA,gyrA,1,0,0
Thiopseudomonas,Pseudomonadaceae,Pseudomonadales,Gammaproteobacteria,Pseudomonadota,gyrA,3,1,0.3333333333333333
Thioreductor,NA,NA,NA,NA,gyrA,1,0,0
Thiorhodococcus,Chromatiaceae,Chromatiales,Gammaproteobacteria,Pseudomonadota,gyrA,4,0,0
Thiorhodospira,Ectothiorhodospiraceae,Ectothiorhodospirales,Gammaproteobacteria,Pseudomonadota,gyrA,1,0,0
Thiorhodovibrio,Chromatiaceae,Chromatiales,Gammaproteobacteria,Pseudomonadota,gyrA,3,0,0
Thiosocius,Chromatiaceae,Chromatiales,Gammaproteobacteria,Pseudomonadota,gyrA,1,0,0
Thiospirillum,Chromatiaceae,Chromatiales,Gammaproteobacteria,Pseudomonadota,gyrA,1,0,0
Thiospirochaeta,DSM-2461,DSM-2461,Spirochaetia,Spirochaetota,gyrA,1,1,1
Thiosulfatihalobacter,NA,NA,NA,NA,gyrA,1,0,0
Thiosulfatimonas,NA,NA,NA,NA,gyrA,1,0,0
Thiosulfativibrio,Thiomicrospiraceae,Thiomicrospirales,Gammaproteobacteria,Pseudomonadota,gyrA,1,0,0
Thiosymbion,Chromatiaceae,Chromatiales,Gammaproteobacteria,Pseudomonadota,gyrA,1,0,0
Thiothrix,Thiotrichaceae,Thiotrichales,Gammaproteobacteria,Pseudomonadota,gyrA,11,0,0
Thiotrophic,NA,NA,NA,NA,gyrA,1,0,0
Thiovibrio,Desulfurivibrionaceae,Desulfobulbales,Desulfobulbia,Desulfobacterota,gyrA,1,0,0
Thomasclavelia,Coprobacillaceae,Erysipelotrichales,Bacilli_A,Bacillota_I,gyrA,4,0,0
Thorsellia,Thorselliaceae,Enterobacterales,Gammaproteobacteria,Pseudomonadota,gyrA,2,0,0
Tianweitania,Rhizobiaceae,Rhizobiales,Alphaproteobacteria,Pseudomonadota,gyrA,3,3,1
Tianxiuia,NA,NA,NA,NA,gyrA,1,1,1
Tibeticola,Burkholderiaceae_C,Burkholderiales,Gammaproteobacteria,Pseudomonadota,gyrA,1,0,0
Tichowtungia,Tichowtungiaceae,Kiritimatiellales,Kiritimatiellia,Verrucomicrobiota,gyrA,1,0,0
Tidjanibacter,Rikenellaceae,Bacteroidales,Bacteroidia,Bacteroidota,gyrA,1,0,0
Tigheibacillus,Amphibacillaceae,Bacillales,Bacilli,Bacillota,gyrA,2,0,0
Timonella,Cellulomonadaceae,Actinomycetales,Actinomycetes,Actinomycetota,gyrA,1,0,0
Tindallia,Tindalliaceae,Peptostreptococcales,Clostridia,Bacillota,gyrA,3,0,0
Tisiphia,Rickettsiaceae,Rickettsiales,Alphaproteobacteria,Pseudomonadota,gyrA,28,26,0.9285714285714286
Tissierella,Tissierellaceae,Tissierellales,Clostridia,Bacillota,gyrA,5,0,0
Tistlia,DSM-21159,Kiloniellales,Alphaproteobacteria,Pseudomonadota,gyrA,1,0,0
Tistrella,Tistrellaceae,Tistrellales,Alphaproteobacteria,Pseudomonadota,gyrA,3,0,0
Tolumonas,Aeromonadaceae,Enterobacterales,Gammaproteobacteria,Pseudomonadota,gyrA,3,0,0
Tolypothrix,NA,NA,NA,NA,gyrA,3,0,0
Tomitella,Mycobacteriaceae,Mycobacteriales,Actinomycetes,Actinomycetota,gyrA,1,0,0
Tongtianella,NA,NA,NA,NA,gyrA,1,1,1
Trabulsiella,Enterobacteriaceae,Enterobacterales,Gammaproteobacteria,Pseudomonadota,gyrA,2,0,0
Tractidigestivibacter,Atopobiaceae,Coriobacteriales,Coriobacteriia,Actinomycetota,gyrA,2,2,1
Tranquillimonas,Rhodobacteraceae,Rhodobacterales,Alphaproteobacteria,Pseudomonadota,gyrA,2,0,0
Traorella,Erysipelotrichaceae,Erysipelotrichales,Bacilli_A,Bacillota_I,gyrA,1,1,1
Trebonia,Streptosporangiaceae,Streptosporangiales,Actinomycetes,Actinomycetota,gyrA,1,0,0
Treponema,Treponemataceae,Treponematales,Spirochaetia,Spirochaetota,gyrA,25,25,1
Trichlorobacter,Pseudopelobacteraceae,Geobacterales,Desulfuromonadia,Desulfobacterota,gyrA,3,0,0
Trichloromonas,Trichloromonadaceae,Desulfuromonadales,Desulfuromonadia,Desulfobacterota,gyrA,1,0,0
Trichococcus,Aerococcaceae,Lactobacillales,Bacilli,Bacillota,gyrA,8,0,0
Trichocoleus,FACHB-46,FACHB-46,Cyanobacteriia,Cyanobacteriota,gyrA,1,0,0
Trichodesmium,Microcoleaceae,Cyanobacteriales,Cyanobacteriia,Cyanobacteriota,gyrA,1,0,0
Trichorickettsia,Rickettsiaceae,Rickettsiales,Alphaproteobacteria,Pseudomonadota,gyrA,1,0,0
Trichormus,Nostocaceae,Cyanobacteriales,Cyanobacteriia,Cyanobacteriota,gyrA,2,0,0
Trichothermofontia,B231,B231,Cyanobacteriia,Cyanobacteriota,gyrA,1,0,0
Trinickia,Burkholderiaceae,Burkholderiales,Gammaproteobacteria,Pseudomonadota,gyrA,12,1,0.08333333333333333
Tritonibacter,NA,NA,NA,NA,gyrA,6,0,0
Tropheryma,Microbacteriaceae,Actinomycetales,Actinomycetes,Actinomycetota,gyrA,1,1,1
Tropicibacter,Rhodobacteraceae,Rhodobacterales,Alphaproteobacteria,Pseudomonadota,gyrA,2,0,0
Tropicimonas,Rhodobacteraceae,Rhodobacterales,Alphaproteobacteria,Pseudomonadota,gyrA,5,0,0
Truepera,Trueperaceae,Deinococcales,Deinococci,Deinococcota,gyrA,1,0,0
Trueperella,Actinomycetaceae,Actinomycetales,Actinomycetes,Actinomycetota,gyrA,6,6,1
Trujillonella,Geodermatophilaceae,Mycobacteriales,Actinomycetes,Actinomycetota,gyrA,1,0,0
Tsukamurella,Mycobacteriaceae,Mycobacteriales,Actinomycetes,Actinomycetota,gyrA,13,0,0
Tsuneonella,Sphingomonadaceae,Sphingomonadales,Alphaproteobacteria,Pseudomonadota,gyrA,11,0,0
Tuanshanicoccus,NA,NA,NA,NA,gyrA,2,0,0
Tuberibacillus,Sporolactobacillaceae,Bacillales,Bacilli,Bacillota,gyrA,1,1,1
Tullyiplasma,Mycoplasmataceae,Mycoplasmatales,Bacilli_A,Bacillota_I,gyrA,1,0,0
Tumebacillus,Tumebacillaceae,Tumebacillales,Bacilli,Bacillota,gyrA,6,4,0.6666666666666666
Tumidithrix,Pseudanabaenaceae,Pseudanabaenales,Cyanobacteriia,Cyanobacteriota,gyrA,2,0,0
Tundrisphaera,Isosphaeraceae,Isosphaerales,Planctomycetia,Planctomycetota,gyrA,2,1,0.5
Tunicatimonas,Cyclobacteriaceae,Cytophagales,Bacteroidia,Bacteroidota,gyrA,1,0,0
Tunturiibacter,NA,NA,NA,NA,gyrA,4,0,0
Turicibacter,Turicibacteraceae,MOL361,Bacilli_A,Bacillota_I,gyrA,3,0,0
Turicimonas,Burkholderiaceae_F,Burkholderiales,Gammaproteobacteria,Pseudomonadota,gyrA,1,1,1
Turneriella,Turneriellaceae,Turneriellales,Leptospiria,Spirochaetota,gyrA,1,0,0
Tuwongella,Gemmataceae,Gemmatales,Planctomycetia,Planctomycetota,gyrA,1,0,0
Tychonema,NA,NA,NA,NA,gyrA,1,0,0
Type-D,NA,NA,NA,NA,gyrA,1,0,0
Uabimicrobium,Uabimicrobiaceae,Uabimicrobiales,Uabimicrobiia,Planctomycetota,gyrA,2,2,1
Uliginosibacterium,Rhodocyclaceae,Burkholderiales,Gammaproteobacteria,Pseudomonadota,gyrA,7,0,0
Ulvibacter,Flavobacteriaceae,Flavobacteriales,Bacteroidia,Bacteroidota,gyrA,3,0,0
Ulvibacterium,Flavobacteriaceae,Flavobacteriales,Bacteroidia,Bacteroidota,gyrA,1,0,0
Umboniibacter,DSM-25080,Pseudomonadales,Gammaproteobacteria,Pseudomonadota,gyrA,1,0,0
Umbribacter,NA,NA,NA,NA,gyrA,1,1,1
Umezakia,Nostocaceae,Cyanobacteriales,Cyanobacteriia,Cyanobacteriota,gyrA,1,0,0
Umezawaea,Pseudonocardiaceae,Mycobacteriales,Actinomycetes,Actinomycetota,gyrA,3,0,0
Undibacter,NA,NA,NA,NA,gyrA,1,0,0
Undibacterium,Burkholderiaceae_D,Burkholderiales,Gammaproteobacteria,Pseudomonadota,gyrA,4,4,1
Unidentified,NA,NA,NA,NA,gyrA,1,1,1
Uniformispora,NA,NA,NA,NA,gyrA,1,0,0
Urbifossiella,Gemmataceae,Gemmatales,Planctomycetia,Planctomycetota,gyrA,1,1,1
Ureaplasma,Mycoplasmoidaceae,Mycoplasmatales,Bacilli_A,Bacillota_I,gyrA,7,1,0.14285714285714285
Urechidicola,Flavobacteriaceae,Flavobacteriales,Bacteroidia,Bacteroidota,gyrA,2,0,0
Ureibacillus,Planococcaceae,Bacillales_A,Bacilli,Bacillota,gyrA,15,0,0
Urinicoccus,Peptoniphilaceae,Tissierellales,Clostridia,Bacillota,gyrA,2,0,0
Ursidibacter,Pasteurellaceae,Enterobacterales,Gammaproteobacteria,Pseudomonadota,gyrA,2,0,0
Uruburuella,NA,NA,NA,NA,gyrA,2,1,0.5
Usitatibacter,Usitatibacteraceae,Burkholderiales,Gammaproteobacteria,Pseudomonadota,gyrA,2,0,0
Utexia,Orbaceae,Enterobacterales,Gammaproteobacteria,Pseudomonadota,gyrA,1,0,0
Vacuolonema,Elainellaceae,Elainellales,Cyanobacteriia,Cyanobacteriota,gyrA,1,0,0
Vaginella,NA,NA,NA,NA,gyrA,1,0,0
Vaginisenegalia,Aerococcaceae,Lactobacillales,Bacilli,Bacillota,gyrA,1,0,0
Vagococcus,Vagococcaceae,Lactobacillales,Bacilli,Bacillota,gyrA,25,1,0.04
Vallicoccus,Motilibacteraceae,Motilibacterales,Actinomycetes,Actinomycetota,gyrA,1,0,0
Vallitalea,Vallitaleaceae,Lachnospirales,Clostridia,Bacillota,gyrA,6,0,0
Vallotia,NA,NA,NA,NA,gyrA,1,0,0
Vallotiella,NA,NA,NA,NA,gyrA,2,0,0
Vandammella,NA,NA,NA,NA,gyrA,1,0,0
Vannielia,Rhodobacteraceae,Rhodobacterales,Alphaproteobacteria,Pseudomonadota,gyrA,1,0,0
Varibaculum,Actinomycetaceae,Actinomycetales,Actinomycetes,Actinomycetota,gyrA,5,5,1
Variibacter,Xanthobacteraceae,Rhizobiales,Alphaproteobacteria,Pseudomonadota,gyrA,1,1,1
Variimorphobacter,NA,NA,NA,NA,gyrA,1,0,0
Variovorax,Burkholderiaceae_C,Burkholderiales,Gammaproteobacteria,Pseudomonadota,gyrA,41,1,0.024390243902439025
Varunaivibrio,Magnetovibrionaceae,Rhodospirillales,Alphaproteobacteria,Pseudomonadota,gyrA,1,0,0
Vasconcelosia,Phormidesmidaceae,Phormidesmidales,Cyanobacteriia,Cyanobacteriota,gyrA,1,0,0
Veillonella,Veillonellaceae,Veillonellales,Negativicutes,Bacillota,gyrA,22,0,0
Velamenicoccus,Velamenicoccaceae,Velamenicoccales,Gorgyraeia,Omnitrophota,gyrA,1,1,1
Velazquezella,NA,NA,NA,NA,gyrA,1,1,1
Velocimicrobium,Lachnospiraceae,Lachnospirales,Clostridia,Bacillota,gyrA,1,1,1
Venatoribacter,Oceanobacteraceae,Pseudomonadales,Gammaproteobacteria,Pseudomonadota,gyrA,1,0,0
Venteria,Beggiatoaceae,Beggiatoales,Gammaproteobacteria,Pseudomonadota,gyrA,1,0,0
Ventosimonas,Pseudomonadaceae,Pseudomonadales,Gammaproteobacteria,Pseudomonadota,gyrA,1,0,0
Ventrimonas,NA,NA,NA,NA,gyrA,1,1,1
Vermiculatibacterium,Oscillospiraceae,Oscillospirales,Clostridia,Bacillota,gyrA,1,0,0
Verminephrobacter,NA,NA,NA,NA,gyrA,2,0,0
Veronia,Vibrionaceae,Enterobacterales,Gammaproteobacteria,Pseudomonadota,gyrA,2,0,0
Verrucomicrobium,Verrucomicrobiaceae,Verrucomicrobiales,Verrucomicrobiia,Verrucomicrobiota,gyrA,1,1,1
Verruconatronum,NA,NA,NA,NA,gyrA,1,0,0
Verticiella,Burkholderiaceae_B,Burkholderiales,Gammaproteobacteria,Pseudomonadota,gyrA,2,0,0
Vescimonas,Oscillospiraceae,Oscillospirales,Clostridia,Bacillota,gyrA,3,3,1
Vesicomyidisocius,NA,NA,NA,NA,gyrA,1,0,0
Vespertiliibacter,Pasteurellaceae,Enterobacterales,Gammaproteobacteria,Pseudomonadota,gyrA,1,1,1
Viadribacter,NA,NA,NA,NA,gyrA,1,0,0
Vibrio,Vibrionaceae,Enterobacterales,Gammaproteobacteria,Pseudomonadota,gyrA,178,2,0.011235955056179775
Vicingus,Vicingaceae,Flavobacteriales_E,Bacteroidia,Bacteroidota,gyrA,1,0,0
Victivallis,Victivallaceae,Victivallales,Lentisphaeria,Verrucomicrobiota,gyrA,2,1,0.5
Vineibacter,Reyranellaceae,Reyranellales,Alphaproteobacteria,Pseudomonadota,gyrA,1,1,1
Virgibacillus,Amphibacillaceae,Bacillales,Bacilli,Bacillota,gyrA,35,1,0.02857142857142857
Virgifigura,Dongiaceae,Dongiales,Alphaproteobacteria,Pseudomonadota,gyrA,1,1,1
Virgisporangium,Micromonosporaceae,Mycobacteriales,Actinomycetes,Actinomycetota,gyrA,1,0,0
Viridibacillus,Planococcaceae,Bacillales_A,Bacilli,Bacillota,gyrA,3,0,0
Viridibacterium,Rhodocyclaceae,Burkholderiales,Gammaproteobacteria,Pseudomonadota,gyrA,1,0,0
Viscerimonas,NA,NA,NA,NA,gyrA,1,0,0
Vitiosangium,NA,NA,NA,NA,gyrA,2,0,0
Vitreimonas,Aquidulcibacteraceae,Caulobacterales,Alphaproteobacteria,Pseudomonadota,gyrA,1,0,0
Vitreoscilla,Neisseriaceae,Burkholderiales,Gammaproteobacteria,Pseudomonadota,gyrA,3,0,0
Vogesella,Chromobacteriaceae,Burkholderiales,Gammaproteobacteria,Pseudomonadota,gyrA,13,0,0
Volucribacter,Pasteurellaceae,Enterobacterales,Gammaproteobacteria,Pseudomonadota,gyrA,2,0,0
Vreelandella,Halomonadaceae,Pseudomonadales,Gammaproteobacteria,Pseudomonadota,gyrA,39,2,0.05128205128205128
Vulcanibacillus,Tepidibacillaceae,Tepidibacillales,Bacilli,Bacillota,gyrA,1,1,1
Vulcaniibacterium,Xanthomonadaceae,Xanthomonadales,Gammaproteobacteria,Pseudomonadota,gyrA,3,1,0.3333333333333333
Vulcanimicrobium,Vulcanimicrobiaceae,Vulcanimicrobiales,Vulcanimicrobiia,Vulcanimicrobiota,gyrA,1,0,0
Vulcanithermus,NA,NA,NA,NA,gyrA,1,0,0
Vulcanococcus,Cyanobiaceae,PCC-6307,Cyanobacteriia,Cyanobacteriota,gyrA,1,0,0
Vulgatibacter,Vulgatibacteraceae,Myxococcales,Myxococcia,Myxococcota,gyrA,1,1,1
Waddlia,Waddliaceae,Chlamydiales,Chlamydiia,Chlamydiota,gyrA,1,0,0
Walczuchella,Blattabacteriaceae,Flavobacteriales,Bacteroidia,Bacteroidota,gyrA,2,0,0
Waltera,NA,NA,NA,NA,gyrA,2,2,1
Wandonia,Crocinitomicaceae,Flavobacteriales_D,Bacteroidia,Bacteroidota,gyrA,1,0,0
Wansuia,NA,NA,NA,NA,gyrA,1,1,1
Waterburya,Xenococcaceae,Cyanobacteriales,Cyanobacteriia,Cyanobacteriota,gyrA,1,0,0
Weeksella,Weeksellaceae,Flavobacteriales,Bacteroidia,Bacteroidota,gyrA,1,0,0
Weissella,Lactobacillaceae,Lactobacillales,Bacilli,Bacillota,gyrA,23,0,0
Weizmannia,Bacillaceae_C,Bacillales,Bacilli,Bacillota,gyrA,2,1,0.5
Wenjunlia,Streptomycetaceae,Streptomycetales,Actinomycetes,Actinomycetota,gyrA,2,2,1
Wenxinia,Rhodobacteraceae,Rhodobacterales,Alphaproteobacteria,Pseudomonadota,gyrA,2,0,0
Wenyingzhuangia,Flavobacteriaceae,Flavobacteriales,Bacteroidia,Bacteroidota,gyrA,6,0,0
Wenzhouxiangella,Wenzhouxiangellaceae,Xanthomonadales,Gammaproteobacteria,Pseudomonadota,gyrA,5,0,0
Westeberhardia,Enterobacteriaceae,Enterobacterales,Gammaproteobacteria,Pseudomonadota,gyrA,1,0,0
Wielerella,Neisseriaceae,Burkholderiales,Gammaproteobacteria,Pseudomonadota,gyrA,1,0,0
Wigglesworthia,Enterobacteriaceae,Enterobacterales,Gammaproteobacteria,Pseudomonadota,gyrA,1,0,0
Williamhamiltonella,NA,NA,NA,NA,gyrA,2,0,0
Williamsia,Mycobacteriaceae,Mycobacteriales,Actinomycetes,Actinomycetota,gyrA,9,0,0
Williamsoniiplasma,Mycoplasmataceae,Mycoplasmatales,Bacilli_A,Bacillota_I,gyrA,3,0,0
Williamwhitmania,Williamwhitmaniaceae,Bacteroidales,Bacteroidia,Bacteroidota,gyrA,1,0,0
Winkia,Actinomycetaceae,Actinomycetales,Actinomycetes,Actinomycetota,gyrA,1,1,1
Winmispira,Winmispiraceae,Winmispirales,Spirochaetia,Spirochaetota,gyrA,1,0,0
Winogradskya,NA,NA,NA,NA,gyrA,2,0,0
Winogradskyella,Flavobacteriaceae,Flavobacteriales,Bacteroidia,Bacteroidota,gyrA,44,0,0
Winslowiella,NA,NA,NA,NA,gyrA,3,0,0
Wocania,Flavobacteriaceae,Flavobacteriales,Bacteroidia,Bacteroidota,gyrA,2,0,0
Woeseia,Woeseiaceae,Steroidobacterales,Gammaproteobacteria,Pseudomonadota,gyrA,1,0,0
Wohlfahrtiimonas,Wohlfahrtiimonadaceae,Cardiobacteriales,Gammaproteobacteria,Pseudomonadota,gyrA,3,0,0
Wolbachia,Anaplasmataceae,Rickettsiales,Alphaproteobacteria,Pseudomonadota,gyrA,310,193,0.6225806451612903
Wolinella,Helicobacteraceae,Campylobacterales,Campylobacteria,Campylobacterota,gyrA,1,0,0
Woodsholea,Maricaulaceae,Caulobacterales,Alphaproteobacteria,Pseudomonadota,gyrA,1,0,0
Wuhapuella,NA,NA,NA,NA,gyrA,1,0,0
Wujia,NA,NA,NA,NA,gyrA,1,0,0
Wukongibacter,Caminicellaceae,Peptostreptococcales,Clostridia,Bacillota,gyrA,1,1,1
Wylensekiella,NA,NA,NA,NA,gyrA,1,0,0
Xanthobacter,Xanthobacteraceae,Rhizobiales,Alphaproteobacteria,Pseudomonadota,gyrA,16,0,0
Xanthocytophaga,172606-1,Cytophagales,Bacteroidia,Bacteroidota,gyrA,2,2,1
Xanthomarina,Flavobacteriaceae,Flavobacteriales,Bacteroidia,Bacteroidota,gyrA,4,0,0
Xanthomonas,Xanthomonadaceae,Xanthomonadales,Gammaproteobacteria,Pseudomonadota,gyrA,47,1,0.02127659574468085
Xanthovirga,Cyclobacteriaceae,Cytophagales,Bacteroidia,Bacteroidota,gyrA,1,0,0
Xaviernesmea,Rhizobiaceae,Rhizobiales,Alphaproteobacteria,Pseudomonadota,gyrA,2,2,1
Xenophilus,Burkholderiaceae_C,Burkholderiales,Gammaproteobacteria,Pseudomonadota,gyrA,2,0,0
Xenorhabdus,Enterobacteriaceae,Enterobacterales,Gammaproteobacteria,Pseudomonadota,gyrA,36,1,0.027777777777777776
Xiamenia,Eggerthellaceae,Coriobacteriales,Coriobacteriia,Actinomycetota,gyrA,1,0,0
Xianfuyuplasma,Izemoplasmataceae,Izemoplasmatales,Bacilli_A,Bacillota_I,gyrA,1,0,0
Xiashengella,NA,NA,NA,NA,gyrA,1,1,1
Xinfangfangia,NA,NA,NA,NA,gyrA,1,0,0
Xylanibacillus,K13,Paenibacillales,Bacilli,Bacillota,gyrA,1,0,0
Xylanibacter,NA,NA,NA,NA,gyrA,7,7,1
Xylanimonas,Cellulomonadaceae,Actinomycetales,Actinomycetes,Actinomycetota,gyrA,5,0,0
Xylanivirga,Xylanivirgaceae,Caldicoprobacterales,Clostridia,Bacillota,gyrA,1,0,0
Xylella,Xanthomonadaceae,Xanthomonadales,Gammaproteobacteria,Pseudomonadota,gyrA,2,0,0
Xylocopilactobacillus,Lactobacillaceae,Lactobacillales,Bacilli,Bacillota,gyrA,2,0,0
Xylophilus,Burkholderiaceae_C,Burkholderiales,Gammaproteobacteria,Pseudomonadota,gyrA,2,0,0
Yanghanlia,Burkholderiaceae_B,Burkholderiales,Gammaproteobacteria,Pseudomonadota,gyrA,1,1,1
Yaniella,Micrococcaceae,Actinomycetales,Actinomycetes,Actinomycetota,gyrA,2,0,0
Yanshouia,Ruminococcaceae,Oscillospirales,Clostridia,Bacillota,gyrA,1,1,1
Yeguia,Acutalibacteraceae,Oscillospirales,Clostridia,Bacillota,gyrA,1,1,1
Yeosuana,Flavobacteriaceae,Flavobacteriales,Bacteroidia,Bacteroidota,gyrA,2,0,0
Yersinia,Enterobacteriaceae,Enterobacterales,Gammaproteobacteria,Pseudomonadota,gyrA,27,0,0
Yimella,Dermatophilaceae,Actinomycetales,Actinomycetes,Actinomycetota,gyrA,1,0,0
Yinghuangia,Streptomycetaceae,Streptomycetales,Actinomycetes,Actinomycetota,gyrA,3,0,0
Yokenella,Enterobacteriaceae,Enterobacterales,Gammaproteobacteria,Pseudomonadota,gyrA,1,0,0
Yoonia,Rhodobacteraceae,Rhodobacterales,Alphaproteobacteria,Pseudomonadota,gyrA,11,0,0
Youngiibacter,Clostridiaceae,Clostridiales,Clostridia,Bacillota,gyrA,2,0,0
Youngimonas,NA,NA,NA,NA,gyrA,1,0,0
Youxingia,Ruminococcaceae,Oscillospirales,Clostridia,Bacillota,gyrA,1,1,1
Yunchengibacter,Kordiimonadaceae,Sphingomonadales,Alphaproteobacteria,Pseudomonadota,gyrA,1,0,0
Zafaria,Micrococcaceae,Actinomycetales,Actinomycetes,Actinomycetota,gyrA,1,0,0
Zarconia,Geitlerinemataceae,Cyanobacteriales,Cyanobacteriia,Cyanobacteriota,gyrA,1,0,0
Zavarzinella,Gemmataceae,Gemmatales,Planctomycetia,Planctomycetota,gyrA,1,0,0
Zavarzinia,Zavarziniaceae,Zavarziniales,Alphaproteobacteria,Pseudomonadota,gyrA,3,0,0
Zeaxanthinibacter,Flavobacteriaceae,Flavobacteriales,Bacteroidia,Bacteroidota,gyrA,1,0,0
Zeimonas,Burkholderiaceae_E,Burkholderiales,Gammaproteobacteria,Pseudomonadota,gyrA,2,0,0
Zemynaea,NA,NA,NA,NA,gyrA,1,1,1
Zestomonas,NA,NA,NA,NA,gyrA,4,0,0
Zhaonella,Zhaonellaceae,DUOV01,DUOV01,Bacillota,gyrA,1,0,0
Zhengella,Rhizobiaceae,Rhizobiales,Alphaproteobacteria,Pseudomonadota,gyrA,2,2,1
Zhenhengia,Cellulosilyticaceae,Lachnospirales,Clostridia,Bacillota,gyrA,1,0,0
Zhenpiania,NA,NA,NA,NA,gyrA,1,0,0
Zhihengliuella,Micrococcaceae,Actinomycetales,Actinomycetes,Actinomycetota,gyrA,4,0,0
Zhongshania,NA,NA,NA,NA,gyrA,8,0,0
Zhouia,Flavobacteriaceae,Flavobacteriales,Bacteroidia,Bacteroidota,gyrA,2,0,0
Zinderia,Burkholderiaceae,Burkholderiales,Gammaproteobacteria,Pseudomonadota,gyrA,1,0,0
Zobellella,NA,NA,NA,NA,gyrA,6,0,0
Zobellia,Flavobacteriaceae,Flavobacteriales,Bacteroidia,Bacteroidota,gyrA,8,0,0
Zongyangia,Ruminococcaceae,Oscillospirales,Clostridia,Bacillota,gyrA,2,2,1
Zoogloea,Rhodocyclaceae,Burkholderiales,Gammaproteobacteria,Pseudomonadota,gyrA,6,0,0
Zooshikella,Zooshikellaceae,Pseudomonadales,Gammaproteobacteria,Pseudomonadota,gyrA,2,0,0
Zophobihabitans,Orbaceae,Enterobacterales,Gammaproteobacteria,Pseudomonadota,gyrA,1,0,0
Zunongwangia,Flavobacteriaceae,Flavobacteriales,Bacteroidia,Bacteroidota,gyrA,5,0,0
Zwartia,Burkholderiaceae_B,Burkholderiales,Gammaproteobacteria,Pseudomonadota,gyrA,3,0,0
Zymobacter,Halomonadaceae,Pseudomonadales,Gammaproteobacteria,Pseudomonadota,gyrA,1,0,0
Zymomonas,Sphingomonadaceae,Sphingomonadales,Alphaproteobacteria,Pseudomonadota,gyrA,1,0,0
